district,subdistrict,community,rooms,halls,area_sqm,total_price_wan,unit_price,metro_distance_m,标题,关键词,est_transaction_price_wan,est_unit_price
罗湖,翠竹,怡泰大厦,1.0,1.0,57.54,190,33020,339.0,罗湖怡泰大厦、精装修，交通便利、拎包入住,"满二年
近地铁
新上
南",171.0,29718
罗湖,翠竹,翠竹苑,2.0,2.0,50.02,240,47980,326.0,V代翠竹苑，可谈价2房，中间楼层，翠竹外国语未用，视野开阔,"近地铁
新上
南北通
民水民电",216.0,43182
罗湖,翠竹,翠竹苑,3.0,2.0,66.03,270,40890,326.0,翠竹苑3房送天台花园,"近地铁
新上
南北通
民水民电",243.0,36801
罗湖,人民南,云景豪园,1.0,1.0,48.0,195,40625,210.0,业主急急急急出国发展，高楼层厅出阳台大一房可两房，地铁口岸,"满二年
近地铁
新上
西",175.5,36562
盐田,沙头角,倚山花园（三期）,3.0,2.0,143.5,498,34703,632.0,次新车位充足 花园社区 精装大3房 周边配套齐全,"近地铁
新上
东南
民水民电",448.2,31233
龙华,观澜,和黄懿花园(观澜),3.0,2.0,87.1,370,42479,,业主急售优质书包小区环境好,"新上
东
民水民电
拎包入住",333.0,38231
罗湖,布心,松泉公寓,3.0,2.0,67.79,210,30978,520.0,水贝地铁口  松泉公寓三房出售,"近地铁
新上
南北通
民水民电",189.0,27880
罗湖,银湖,银湖蓝山润园（二期）,6.0,2.0,267.48,2880,107671,736.0,带入户和大露台，高楼层， 坐北朝南，奢华装修,"近地铁
新上
南北通
民水民电",2592.0,96904
宝安,宝安中心区,西城上筑花园,3.0,2.0,104.63,890,85061,470.0,宝中3+1房  壹方城商圈  主卧出大露台 满5年,"近地铁
新上
东南
民水民电",801.0,76555
罗湖,翠竹,合正荣悦,3.0,2.0,88.0,680,77272,410.0,合正荣悦三房户型方正价格可以谈,"近地铁
新上
东南
民水民电",612.0,69545
罗湖,百仕达,百仕达花园五期(乐湖),3.0,2.0,115.85,718,61976,768.0,中高楼层，景观单位，水库、梧桐山景尽收眼底,"近地铁
新上
东北
民水民电",646.2,55778
罗湖,翠竹,翠竹苑,2.0,1.0,57.0,265,46491,326.0,新上！四面采光好房！高使用率，南北通，翠竹外国语未用,"近地铁
新上
民水民电",238.5,41842
罗湖,翠竹,翠竹苑,2.0,1.0,52.0,240,46153,326.0,翠竹苑拆已经启动，山下公园之家，地铁口，生活无忧，,"满二年
近地铁
新上
南",216.0,41538
罗湖,翠竹,翠竹苑,3.0,1.0,56.67,290,51173,326.0,翠竹苑 赠送天台花园 两房改三房 装修好,"近地铁
南
民水民电
精装修",261.0,46056
罗湖,布心,东晓花园,3.0,2.0,83.35,307,36832,231.0,地铁口物业，黄金楼层，诚意出售,"满二年
近地铁
南
民水民电",276.3,33149
罗湖,翠竹,华丽园,2.0,2.0,90.36,480,53120,358.0,业主急售，再--几十个，轻松做三房，無个税红本,"近地铁
新上
西南
民水民电",432.0,47808
罗湖,布心,丰湖大厦,2.0,2.0,68.0,260,38235,520.0,朝南向采光好业主急售价格可谈,"近地铁
新上
南
民水民电",234.0,34412
罗湖,翠竹,深宝公司宿舍,2.0,2.0,68.42,378,55247,502.0,深中两房，中间楼层，业主急卖，谈价空间大，配套齐全,"近地铁
南
民水民电
精装修",340.2,49722
罗湖,翠竹,益田御龙天地华府一期,3.0,2.0,115.0,820,71304,,新上笋盘！御龙天地正规3房南北通透，房产证已拿，带翠竹小,"满二年
新上
东北
民水民电",738.0,64174
福田,香蜜湖,香蜜湖一号,4.0,2.0,241.89,5600,231510,111.0,香蜜湖一号高楼层带南面大阳台，全新装修未住，视野开阔,"近地铁
新上
南北通
民水民电",5040.0,208359
罗湖,水库,外贸大院,3.0,2.0,86.0,330,38372,532.0,外贸大院 装了电梯 第二实在 急卖 价格好谈,"近地铁
新上
南
民水民电",297.0,34535
罗湖,水库,深华丽园,3.0,2.0,115.0,520,45217,432.0,满五年看房方便业主急售水贝珠宝商圈,"近地铁
新上
西
民水民电",468.0,40695
罗湖,布心,鸿翠苑,1.0,1.0,46.77,175,37417,611.0,鸿翠苑精装修一房一厅，急售好房价格可谈,"满二年
近地铁
北
民水民电",157.5,33675
罗湖,黄贝岭,华丽花园,3.0,2.0,100.0,408,40800,456.0,螺岭 华丽花园 电梯房 看东湖水库 通风采光好  税费少,"近地铁
新上
东南
民水民电",367.2,36720
罗湖,布心,松泉山庄,3.0,2.0,99.65,300,30105,408.0,满五年红本在手业主急售朝南大三房,"满二年
近地铁
南北通
民水民电",270.0,27094
罗湖,布心,翠山花半里雅筑,2.0,2.0,57.8,188,32525,714.0,水贝地铁口，业主急售，价格还可以谈，精装两房,"满二年
近地铁
新上
东南",169.2,29272
罗湖,人民南,森威大厦,1.0,,42.02,70,16658,283.0,88  文锦渡口岸一房一厅，业主急急急，钥匙有手24可以看,"满二年
近地铁
新上
东",63.0,14992
罗湖,布心,粤海城,3.0,2.0,137.51,700,50905,522.0,不限购不限贷 读双名教學看房 探底价私信我助您置好物,"近地铁
新上
东南
民水民电",630.0,45814
罗湖,莲塘,聚福花园（二期）,3.0,2.0,90.46,315,34822,361.0,业主急卖有钥匙，随时方便看只交契税，小区对面盒马，配套齐全,"近地铁
新上
北
民水民电",283.5,31340
盐田,梅沙,海阔凌海,2.0,2.0,80.07,185,23104,,(全海景房 大梅沙地铁口 端头位两面采光 精装修)海阔凌海,"新上
南
民水民电
电梯房",166.5,20794
罗湖,人民南,冠懋金色都汇（金色都汇）,3.0,1.0,69.38,468,67454,121.0,三地铁线，罗湖口岸，文锦渡口岸，好福地旺家旺丁大三房豪华装修,"近地铁
东
民水民电
电梯房",421.2,60709
南山,南山中心区,云海天城,2.0,2.0,75.94,470,61890,626.0,南山核心区，成熟社区，交通便利，经典二房,"近地铁
新上
北
民水民电",423.0,55701
南山,南山中心区,观海台,3.0,2.0,108.2,1399,129297,411.0,新上！观海台凤凰层109平，送固定独立车位，南北通透！,"近地铁
新上
南北通
民水民电",1259.1,116367
南山,蛇口,高山花园,5.0,2.0,158.7,1400,88216,523.0,铺就在附近，业主在国外交给我个人胡海芳专卖请直接联系我,"近地铁
南
民水民电
电梯房",1260.0,79394
罗湖,百仕达,东乐花园(罗湖),2.0,2.0,81.89,300,36634,393.0,周边配套成  熟交通便利  商圈丰富  近公园 户型方正实用,"近地铁
新上
南
民水民电",270.0,32971
罗湖,布心,崇德雍翠华府,2.0,2.0,61.23,240,39196,488.0,雍翠华府  业主诚心卖  东南向好房,"满二年
近地铁
新上
南",216.0,35276
罗湖,翠竹,翠竹苑,2.0,1.0,67.09,295,43970,310.0,翠竹苑的邻居，翠竹外国语，中间楼层，配套齐全，租金高,"近地铁
新上
南北通
民水民电",265.5,39573
罗湖,布心,今日家园,4.0,2.0,73.11,400,54712,241.0,好房新上，今日家园，翠园未用，业主诚意出售,"近地铁
新上
东南
民水民电",360.0,49241
罗湖,黄贝岭,金城华庭,2.0,2.0,54.0,275,50925,528.0,螺岭，金城华庭，花园小区，两房户型实用，满五年，配套齐全,"近地铁
新上
北
民水民电",247.5,45832
宝安,宝安中心区,宏发领域,5.0,2.0,203.73,1998,98070,212.0,前海宝中丨宏发领域丨业主急售丨全明格局丨动静分区丨使用率高,"近地铁
新上
东南
民水民电",1798.2,88263
宝安,宝安中心区,金泓凯旋城,2.0,2.0,81.18,610,75141,352.0,凯旋城朝南高楼层可做三房,"近地铁
新上
西南
民水民电",549.0,67627
龙岗,布吉,大世纪水山缘,2.0,2.0,62.49,228,36485,,17号地铁口业主急卖房，看房方便，采光好,"新上
东西通
民水民电
电梯房",205.2,32836
罗湖,翠竹,鹏城合正星园,3.0,2.0,103.43,820,79280,420.0,獨家鹏城合正星园，全屋定制精装修，厅出大阳台，深中锦田未用,"近地铁
北
民水民电
电梯房",738.0,71352
罗湖,布心,崇德雍翠华府,2.0,2.0,62.0,240,38709,488.0,满五年看房方便业主诚售红本在手,"近地铁
新上
南
民水民电",216.0,34838
盐田,沙头角,半山悦海,3.0,2.0,89.33,398,44553,858.0,次新小区，国区开发，3房精装高层，地铁口物业,"近地铁
西北
民水民电
电梯房",358.2,40098
罗湖,布心,中华花园,2.0,2.0,71.13,233,32756,364.0,水贝地铁口  中华花园精装两房出售,"近地铁
新上
南
民水民电",209.7,29480
盐田,盐田港,玺悦山,3.0,2.0,89.0,388,43595,,蓝山雅园，看山看海89平送50平精装拎包入住,"南
民水民电
电梯房
精装修",349.2,39236
罗湖,布心,鸿翠苑,1.0,1.0,46.62,180,38610,611.0,距离地铁近，步行可达，上班通勤方便,"近地铁
南
民水民电
电梯房",162.0,34749
盐田,沙头角,中房翰林门,2.0,2.0,70.93,328,46242,,沙头角核心-精装修次新房住宅，拎包入住,"满二年
新上
南
民水民电",295.2,41618
南山,蛇口,桂园住宅楼二区,3.0,2.0,80.35,450,56004,803.0,招商地产开发 花园社区 高实用率三房 育才书包,"近地铁
新上
南
民水民电",405.0,50404
罗湖,黄贝岭,华丽花园,3.0,2.0,100.45,368,36635,456.0,华丽花园精装修3房满五年诚心出售 价格好谈,"近地铁
西北
民水民电
电梯房",331.2,32972
光明,光明中心区,锦鸿花园,2.0,1.0,64.3,133,20684,,好房子，好环境，好地段,"新上
南
民水民电
精装修",119.7,18616
宝安,新安,中洲中央公园,4.0,2.0,207.35,950,45816,430.0,中洲中yang公寓时尚大都会,"近地铁
西南
民水民电
精装修",855.0,41234
南山,蛇口,四海公寓,2.0,1.0,47.93,300,62591,757.0,蛇口四海公寓经典两房户型方正实用率高看四海公园精装业主急售,"近地铁
西南
民水民电
电梯房",270.0,56332
南山,蛇口,天海豪景园,4.0,2.0,233.75,1590,68021,918.0,蛇口四海公园旁天海豪景苑大平面看四海公园湖景豪装业主自住急售,"近地铁
西
民水民电
电梯房",1431.0,61219
南山,蛇口,米兰公寓,1.0,1.0,43.0,345,80232,661.0,蛇口米兰公寓高楼层户型方正视野开阔看房方便有钥匙业主急售,"近地铁
新上
东南
民水民电",310.5,72209
南山,深圳湾,皇庭港湾花园(住宅),3.0,2.0,177.0,2280,128813,359.0,深圳湾皇庭港湾花园精装保养好看海景位置安静近地铁看房有钥匙急,"近地铁
新上
东南
民水民电",2052.0,115932
南山,蛇口,倚园大厦,3.0,2.0,67.0,368,54925,800.0,蛇口四海公园旁倚园大厦三房户型方正看四海公园看房方便业主急售,"近地铁
南
民水民电
精装修",331.2,49432
南山,蛇口,天海豪景园,5.0,2.0,233.75,1550,66310,918.0,蛇口四海公园旁天海豪景苑业主自住看四海公园看房方便业主急售,"近地铁
南北通
民水民电
电梯房",1395.0,59679
宝安,新安,华联城市全景花园,4.0,2.0,162.0,1550,95679,303.0,华联城市全景花园，162平方4房2厅，新挂盘，南北通透，中层,"近地铁
新上
东南
民水民电",1395.0,86111
宝安,沙井,拾悦城,3.0,2.0,86.21,390,45238,410.0,拾悦城 业主急卖,"近地铁
南
民水民电
电梯房",351.0,40714
南山,后海,金色海琴苑,3.0,2.0,88.4,650,73529,671.0,深圳湾后海金色海2琴苑精装三房看花园保养好包税费看房方便急售,"近地铁
新上
南
民水民电",585.0,66176
南山,蛇口,招东小区（三期）,3.0,2.0,93.28,630,67538,607.0,蛇口四海公园旁招东三期带电梯通风采光好精装自住三房保养好急售,"近地铁
新上
南
民水民电",567.0,60784
宝安,沙井,鸿荣源禧园,5.0,2.0,175.92,1050,59686,480.0,鸿荣源禧 园业主急卖,"近地铁
南
民水民电
电梯房",945.0,53717
宝安,沙井,万科翡逸郡（二期）,3.0,2.0,88.07,500,56773,986.0,万科 业主急售,"近地铁
东南
民水民电
电梯房",450.0,51096
宝安,沙井,博林君瑞,4.0,2.0,130.0,710,54615,,博林君瑞 业主诚心出售 看房方便,"新上
西北
民水民电
电梯房",639.0,49154
宝安,沙井,鸿荣源禧园,4.0,2.0,141.94,1100,77497,480.0,鸿荣源禧园 业主急卖 看房方便,"近地铁
南
民水民电
电梯房",990.0,69747
宝安,沙井,西荟城（二期）,3.0,2.0,89.94,358,39804,970.0,西荟城三房 业主诚心出售 地铁 沃尔玛 宝中外国语书包,"近地铁
新上
北
民水民电",322.2,35824
宝安,沙井,拾悦城,5.0,2.0,116.0,550,47413,410.0,拾悦城 业主急卖,"近地铁
新上
南
民水民电",495.0,42672
罗湖,莲塘,四季御园（新世界四季御园）,3.0,2.0,80.07,480,59947,340.0,口岸物业 地铁口 户型方正 南北通透 看房方便,"近地铁
新上
北
民水民电",432.0,53952
宝安,沙井,万科翡悦郡（三期）,3.0,2.0,87.71,350,39904,,万科一期 业主急卖,"南
民水民电
电梯房
拎包入住",315.0,35914
宝安,沙井,珑湾世界花园,1.0,1.0,51.6,160,31007,,珑弯世界花园小户型少有方盘业主诚心出售总价低,"新上
南
民水民电
精装修",144.0,27906
宝安,福永,凤凰花苑,2.0,2.0,70.95,233,32840,,凤凰山脚下山景两房，满五税少，随时看房,"新上
南
民水民电
电梯房",209.7,29556
宝安,沙井,丽沙花都,2.0,2.0,72.0,250,34722,,丽沙花都 年轻时尚二居室 观景房 落地大飘窗 采光视野一流,"新上
南
民水民电",225.0,31250
宝安,福永,中粮凤凰里,3.0,2.0,81.45,300,36832,999.0,精装三房，满五唯一,"近地铁
新上
东北
民水民电",270.0,33149
宝安,沙井,万科星城华府,4.0,2.0,119.26,518,43434,,万科星城 次新小区 业主急卖,"新上
南北通
民水民电
电梯房",466.2,39091
宝安,福永,中粮凤凰里,3.0,2.0,89.0,325,36516,999.0,南北通透看花园全景，满五随时看房,"近地铁
新上
东西通
民水民电",292.5,32864
宝安,沙井,棕榈堡花园,3.0,2.0,78.6,370,47073,,棕榈堡花园 业主急卖,"新上
南
民水民电
电梯房",333.0,42366
宝安,沙井,鸿荣源禧园,5.0,2.0,195.96,1100,56133,480.0,鸿荣源禧园 业主急卖,"近地铁
新上
南北通
民水民电",990.0,50520
宝安,福永,万福人家,3.0,2.0,95.8,290,30271,681.0,万福广场旁三房 周边配套完善 近地铁口近商城,"近地铁
新上
西南
民水民电",261.0,27244
宝安,福永,华强城,2.0,2.0,70.0,270,38571,140.0,地铁口精装朝南两房，满五税少，随时看房,"近地铁
新上
西南
民水民电",243.0,34714
宝安,福永,华强城,3.0,2.0,89.0,360,40449,140.0,华强城精装三房业主诚心出售,"近地铁
新上
北
民水民电",324.0,36404
宝安,沙井,博林君瑞,3.0,2.0,89.03,440,49421,,博林君瑞 业主急卖,"新上
南
民水民电
电梯房",396.0,44479
罗湖,翠竹,翠竹苑,2.0,1.0,52.0,260,50000,326.0,价钱空间大，还价可卖 精装修 南北通 学..位没占用,"近地铁
新上
民水民电
拎包入住",234.0,45000
罗湖,莲塘,金色年华家园,2.0,2.0,60.45,288,47642,490.0,金色年华，二房二厅，高楼层，，正南向，,"近地铁
新上
南
民水民电",259.2,42878
宝安,沙井,拾悦城,4.0,2.0,98.44,380,38602,410.0,拾悦城 业主急卖,"近地铁
新上
南
民水民电",342.0,34742
宝安,沙井,万科翡丽郡（一期）,3.0,2.0,86.83,335,38581,,万科翡丽郡 业主急卖,"新上
南
民水民电
电梯房",301.5,34723
宝安,沙井,丽沙花都,2.0,2.0,76.69,280,36510,,丽沙花都 业主急卖,"新上
南
民水民电
电梯房",252.0,32859
宝安,沙井,西荟城（三期）,4.0,2.0,138.0,650,47101,965.0,西荟城四期大户型 业主急卖,"近地铁
南
民水民电
电梯房",585.0,42391
宝安,沙井,鸿荣源禧园,3.0,2.0,92.08,425,46155,480.0,沙井地铁口佳漾汇商业精装三房大阳台看房方便,"近地铁
新上
东北
民水民电",382.5,41540
宝安,沙井,清平华府,3.0,2.0,107.0,400,37383,,清平华府 业主急卖,"新上
南
民水民电
电梯房",360.0,33645
宝安,沙井,万丰海岸城锦园,3.0,2.0,96.22,395,41051,,万丰海岸城 地铁口物业 精装三房 配套完善 带深外宝,"新上
东南
民水民电
电梯房",355.5,36946
宝安,沙井,万科翡丽郡（一期）,3.0,2.0,86.83,510,58735,,万科翡丽郡精装三房  不要被表象迷倒 还价就卖,"南
民水民电
电梯房
拎包入住",459.0,52862
宝安,新安,新玥庭,3.0,2.0,97.35,410,42116,506.0,新玥庭98平三房两厅精装修可拎包入住，业主诚心出售,"近地铁
新上
西北
民水民电",369.0,37904
宝安,宝安中心区,壹方中心·玖誉(三期),5.0,2.0,176.38,2400,136069,250.0,高层格局改得好的4+1房，看摩天轮，满五唯一，看房方便,"近地铁
新上
东南
民水民电",2160.0,122462
宝安,新安,勤诚达22世纪(和园),6.0,2.0,169.26,1700,100437,220.0,勤诚达22世纪，169平方6房2厅，住家装修，南北通透户型,"近地铁
新上
东南
民水民电",1530.0,90393
罗湖,百仕达,百仕达花园一期,3.0,2.0,129.78,868,66882,461.0,业主诚心出售 看房方便 价格可谈 满五唯一,"近地铁
新上
南北通
民水民电",781.2,60194
宝安,沙井,四海云亭,3.0,2.0,89.59,450,50228,929.0,宝亭锦园 业主急卖,"近地铁
南
民水民电
精装修",405.0,45205
宝安,沙井,四海云亭,3.0,2.0,89.0,356,40000,929.0,宝亭锦园 业主急卖,"近地铁
东南
民水民电
电梯房",320.4,36000
盐田,沙头角,倚山花园（三期）,1.0,,32.68,155,47429,632.0,倚山花园。小面积单位。居住环境舒适，停车便捷，看房电话,"近地铁
新上
北
民水民电",139.5,42686
宝安,沙井,卓越中寰(誉珑明轩),3.0,2.0,95.08,320,33655,,誉珑明轩精装三房看房方便装修保养好,"新上
西
民水民电
精装修",288.0,30290
宝安,福永,华强城,2.0,2.0,71.93,420,58390,140.0,华强城11号线旁小区诚意出售三房,"近地铁
南
民水民电
电梯房",378.0,52551
宝安,沙井,清平华府,3.0,2.0,90.24,408,45212,,清平华府次新小区三房出售,"东南
民水民电
电梯房
精装修",367.2,40691
宝安,沙井,西荟城（二期）,5.0,2.0,143.18,720,50286,970.0,西荟城三期朝南看花园2梯3户五房，业主花200个装修,"近地铁
南
民水民电
电梯房",648.0,45257
宝安,沙井,卓越誉珑荟庭,4.0,2.0,129.7,498,38396,,卓.越中环业主急卖,"新上
南
民水民电
电梯房",448.2,34556
宝安,沙井,珑湾世界花园,3.0,2.0,90.99,365,40114,,中熙珑湾住家三房，次新小区保养好，住家舒适,"南
民水民电
精装修",328.5,36103
宝安,西乡,领航城领秀花园,3.0,2.0,89.9,570,63403,691.0,航城片区住家三房,"近地铁
南
民水民电
精装修",513.0,57063
宝安,沙井,中熙香莎公馆,4.0,2.0,112.3,830,73909,,香莎公馆次新小区三房，总价低,"南
民水民电
电梯房",747.0,66518
宝安,新安,风采轩,3.0,2.0,110.8,618,55776,537.0,风采轩电梯三房周边配套齐全出行有地铁价格可谈,"近地铁
新上
东南
民水民电",556.2,50198
宝安,沙井,京基御景珑庭,4.0,2.0,121.21,530,43725,915.0,沙井新沙天虹旁，次新小区四房，性价比好房,"近地铁
新上
南
民水民电",477.0,39352
宝安,新安,灵芝新村,2.0,2.0,64.3,300,46656,362.0,2房户型 通风采光好 使用率高 配套成熟 价格可谈,"近地铁
新上
西南
民水民电",270.0,41990
宝安,新安,灵芝新村,2.0,2.0,64.3,300,46656,362.0,宝中2房急售，看房方便,"近地铁
新上
西
民水民电",270.0,41990
宝安,沙井,西荟城（一期）,4.0,2.0,88.41,350,39588,827.0,西荟城3+1朝南好楼层，总价低,"近地铁
新上
南
民水民电",315.0,35629
宝安,沙井,拾悦城,5.0,2.0,116.54,450,38613,410.0,11号线地铁口五房双龙抱珠户型看花园朝南向看房方便,"近地铁
新上
南
民水民电",405.0,34752
南山,后海,海月花园（一期）,3.0,2.0,95.74,880,91915,401.0,海月花园新上精装好房 中间楼层3房南北通透,"近地铁
新上
南北通
民水民电",792.0,82724
宝安,沙井,万科星城上郡,3.0,2.0,100.82,395,39178,,万科星城装修保养好，住家舒适大三房，业主诚意诚售,"东南
民水民电
电梯房
精装修",355.5,35260
宝安,沙井,西荟城（一期）,4.0,2.0,88.4,330,37330,827.0,西荟城一期 88平精装四房 装修保养好 看房方便,"近地铁
新上
南
民水民电",297.0,33597
南山,蛇口,文竹园住宅楼,2.0,1.0,58.5,550,94017,702.0,难得一楼带20多平米花园实用率高可做3房育才书包可用价格可谈,"近地铁
南
民水民电
电梯房",495.0,84615
南山,蛇口,雍景湾花园,4.0,2.0,134.99,1680,124453,787.0,老业主 委托4房高赠送满五红本育才二小二中,"近地铁
新上
南北通
民水民电",1512.0,112008
南山,后海,蔚蓝海岸社区首期,5.0,2.0,172.54,1680,97368,113.0,深圳湾云玺旁，蔚蓝海岸首期园中园中空复式，南北通业主出国急售,"近地铁
新上
南
民水民电",1512.0,87631
南山,蛇口,雍景湾花园,2.0,1.0,52.0,650,125000,787.0,雍景湾花园，西南向，高屋靓景，精装，近四海公园和育才二小二中,"近地铁
新上
南
民水民电",585.0,112500
南山,蛇口,园景园名苑,3.0,2.0,73.53,698,94927,861.0,育才二小三中精装3房 近四海公园,"近地铁
新上
南
民水民电",628.2,85434
南山,蛇口,花园城五期,4.0,2.0,139.62,1400,100272,203.0,蛇口核心区育才双书包花园城豪装4房满五红本,"近地铁
新上
西北
民水民电",1260.0,90245
光明,光明中心区,龙光玖龙台,4.0,2.0,103.0,560,54368,422.0,玖龙台四房笋盘中间楼层手慢无,"近地铁
新上
东南
民水民电",504.0,48931
光明,光明中心区,龙光玖龙台,3.0,2.0,88.0,460,52272,422.0,玖龙台三房笋盘面向花园手慢无,"近地铁
新上
东南
民水民电",414.0,47045
宝安,宝安中心区,新锦安海纳公馆,2.0,1.0,76.0,748,98421,569.0,全新装修｜新锦安海纳公馆｜76平方2房｜客厅出阳台｜随时看房,"满二年
近地铁
南
民水民电",673.2,88579
福田,宝安南,鸿翔花园,5.0,2.0,182.0,1250,68681,299.0,五房两厅三卫东南向看小区花园读红岭小桂园中,"近地铁
新上
东南
民水民电",1125.0,61813
南山,南山中心区,南海大厦,3.0,2.0,69.46,540,77742,417.0,老客户换大房急售，南海大厦精装修三房，南二外书包满五税少,"近地铁
南
民水民电
电梯房",486.0,69968
光明,光明中心区,星河天地,4.0,2.0,120.4,590,49003,558.0,星河天地精装四房南北通透中间楼层,"近地铁
新上
南北通
民水民电",531.0,44103
南山,蛇口,米兰第二季,2.0,2.0,62.0,410,66129,533.0,米兰二期近地铁2号线大两房满五好房,"近地铁
新上
南
民水民电",369.0,59516
宝安,福永,龙翔山庄,6.0,2.0,286.69,1000,34880,,区域划分良好，动静分离，满足各家庭成员需求,"新上
民水民电
精装修",900.0,31392
宝安,沙井,西荟城（一期）,4.0,2.0,103.48,396,38268,827.0,西荟城大4房 精装修 朝南 沃尔玛 京基百纳 沙井地铁站,"近地铁
新上
南
民水民电",356.4,34441
南山,蛇口,榆园小区,2.0,2.0,74.66,550,73667,604.0,南山蛇口后海片区高实用大两房业主诚意出售,"近地铁
东南
民水民电
精装修",495.0,66300
罗湖,莲塘,四季御园（新世界四季御园）,1.0,1.0,50.0,300,60000,340.0,新世界四季御园，精装好房1，装修保养好，看房方便,"近地铁
新上
北
民水民电",270.0,54000
南山,后海,半岛花园B区,3.0,2.0,84.56,530,62677,542.0,蛇口后海片区育才二小三中半岛花园B区一梯二户南北通,"近地铁
北
民水民电
精装修",477.0,56409
罗湖,莲塘,四季御园（新世界四季御园）,3.0,2.0,76.68,480,62597,340.0,诚心卖价可谈，正南向三房实用90平米，高楼层采光好，近地铁站,"近地铁
南
民水民电
电梯房",432.0,56337
罗湖,莲塘,四季御园（新世界四季御园）,2.0,1.0,62.0,350,56451,340.0,新世界四季御园，精装2房，装修保养好，看房方便,"近地铁
新上
北
民水民电",315.0,50806
罗湖,莲塘,四季御园（新世界四季御园）,4.0,2.0,151.0,850,56291,340.0,新世界四季御园，精装好房，豪华装修保养好，看房方便,"近地铁
新上
北
民水民电",765.0,50662
罗湖,莲塘,兰亭国际,4.0,2.0,160.0,900,56250,177.0,莲塘口岸 地铁口 正规大三房 户型方正 业主自己住 看房方便,"近地铁
新上
南
民水民电",810.0,50625
罗湖,莲塘,广岭家园,4.0,2.0,122.0,750,61475,234.0,广岭家园，公务员小区，南北通透，跃式大四房，高楼层，红本五年,"近地铁
新上
南
民水民电",675.0,55328
南山,蛇口,雍景湾花园,2.0,2.0,86.7,1100,126874,787.0,雍景湾花园，客厅带阳台，采光好，看花园，安静，近育才二小二中,"近地铁
南
民水民电
电梯房",990.0,114187
南山,蛇口,宏宝花园,3.0,2.0,104.0,618,59423,834.0,蛇口四海公园物业大三房两卫带花园业主诚心出售,"近地铁
新上
南
民水民电",556.2,53481
南山,蛇口,雍景湾花园,2.0,1.0,53.0,690,130188,787.0,蛇口四海公园育才二小二中小户型带私家花园大社区雍景湾花园,"近地铁
新上
南北通
民水民电",621.0,117169
南山,蛇口,雍景湾花园,2.0,2.0,86.7,830,95732,787.0,南山蛇口四海公园育才二小二中雍景湾花园正南户型业主诚心出售,"近地铁
新上
南
民水民电",747.0,86159
南山,蛇口,雍景湾花园,2.0,2.0,86.0,1200,139534,787.0,雍景湾花园，公园物业，比邻育才二小二中，户型方正，车位充足,"近地铁
新上
南
民水民电",1080.0,125581
南山,蛇口,雍景湾花园,4.0,2.0,175.53,2150,122486,787.0,蛇口育才二小二中公园物业大平层视野开阔南北通透,"近地铁
新上
南北通
民水民电",1935.0,110237
南山,蛇口,文竹园住宅楼,2.0,1.0,58.0,460,79310,702.0,南山蛇口育才二小二中文竹园小区两房业主诚心出售有钥匙看房方便,"近地铁
新上
南
民水民电",414.0,71379
南山,后海,金色海琴苑,3.0,2.0,91.23,780,85498,671.0,蛇口后海片区金色海琴苑大三房价格7字头业主诚心出售,"近地铁
新上
东南
民水民电",702.0,76948
南山,蛇口,玫瑰园,3.0,2.0,76.5,580,75816,375.0,四海公园旁育才二小二中玫瑰园三房业主诚心出售低楼层,"近地铁
新上
南
民水民电",522.0,68234
南山,蛇口,四海公寓,1.0,1.0,40.0,288,72000,757.0,四海公寓精装1房2010年房子近四海公园,"近地铁
东南
民水民电
电梯房",259.2,64800
南山,蛇口,四海公寓,2.0,2.0,62.0,480,77419,757.0,南山蛇口四海公园旁四海公寓实用两房业主诚心出售,"近地铁
东
民水民电
电梯房",432.0,69677
罗湖,莲塘,兰亭国际,3.0,2.0,145.15,780,53737,177.0,口岸地铁口南向大三房高楼层香港山景观,"近地铁
南
民水民电
电梯房",702.0,48363
南山,蛇口,四海公寓,2.0,2.0,64.0,510,79687,757.0,四海公园旁四海公寓大两房高增送业主诚心出售,"近地铁
南
民水民电
电梯房",459.0,71718
南山,后海,半岛花园B区,3.0,2.0,84.19,530,62952,542.0,南山后海片区半岛花园三房黄金楼层育才二小三中业主诚心出售,"近地铁
新上
南北通
民水民电",477.0,56657
福田,宝安南,鸿翔花园,4.0,2.0,182.7,1300,71154,299.0,业主急售，降价16万，随时可以看房，居家首选，费用少,"近地铁
新上
东南
民水民电",1170.0,64039
罗湖,新秀,深港建筑公司住宅楼,2.0,2.0,79.93,280,35030,723.0,新秀电梯小高层、使用率高，三面采光带入户，一线河景，诚售可谈,"近地铁
新上
南
民水民电",252.0,31527
罗湖,翠竹,逸翠园,3.0,2.0,114.46,630,55041,578.0,翡翠星空新上）2013年我帮业主买的，钥匙在手，看房方便，,"近地铁
新上
东南
民水民电",567.0,49537
宝安,新安,洪浪一村,3.0,2.0,94.0,530,56382,,18区洪浪一村房子干净舒适赠送多业主诚心卖,"新上
南
民水民电
精装修",477.0,50744
罗湖,莲塘,广岭家园,6.0,2.0,159.12,1300,81699,234.0,广岭家园顶复出售豪华装修视野开阔车位充足口岸地铁口,"近地铁
南
民水民电
电梯房",1170.0,73529
罗湖,翠竹,合正荣悦,3.0,2.0,139.97,1020,72872,410.0,合正荣悦 翠竹 车位充足 业主 诚心卖 价格空间大,"满二年
近地铁
新上
南北通",918.0,65585
罗湖,莲塘,四季御园（新世界四季御园）,3.0,2.0,103.0,618,60000,340.0,"新世界四季御园,高楼层，复式三房，红本五年，看房方便","近地铁
新上
南
民水民电",556.2,54000
罗湖,百仕达,东乐花园(罗湖),4.0,2.0,149.84,650,43379,393.0,毛坯未住人，南北通，中间楼层，上水库小雪，荀盘,"近地铁
新上
南北通
民水民电",585.0,39041
福田,香蜜湖,安峦公馆,4.0,2.0,126.94,2100,165432,70.0,安峦公馆南北通透4房，精装修，安静，带红岭实-验小加深高中,"近地铁
新上
西南
民水民电",1890.0,148889
罗湖,莲塘,四季御园（新世界四季御园）,3.0,2.0,74.74,480,64222,340.0,口岸物业豪装三房交通便利,"近地铁
新上
南
民水民电",432.0,57800
龙岗,龙岗中心城,公园大地花园,4.0,2.0,113.43,580,51132,953.0,公园大地 朝南 客厅出阳台4房 高楼层 景观视野开阔 满五年,"满二年
近地铁
新上
南",522.0,46019
罗湖,莲塘,东方.尊峪花园,4.0,2.0,175.0,820,46857,832.0,东方尊峪三阶梯高层四房，视野开阔，南北通透，位置好有匙即看,"近地铁
新上
南北通
民水民电",738.0,42171
南山,前海,泛海拉菲花园（一期）,6.0,3.0,220.23,2880,130772,233.0,泛海拉菲下叠三层别墅，带花园边头位置 突破性使用率,"近地铁
新上
南北通
民水民电",2592.0,117695
罗湖,莲塘,鹏兴花园（六期）,4.0,2.0,157.16,850,54085,378.0,鹏兴花园六期 南北通透 安静看园景 近罗外 近地铁口,"满二年
近地铁
新上
南北通",765.0,48676
罗湖,翠竹,翠竹苑,3.0,2.0,49.6,390,78629,326.0,近期入手看这套，业主有心卖，配套齐全，租金高，采光通透,"近地铁
新上
南
民水民电",351.0,70766
罗湖,莲塘,鹏兴花园（五期）,3.0,2.0,80.63,350,43408,632.0,鹏兴花园五期，三房二厅二，高楼层，南北通，带车位,"近地铁
新上
南北通
民水民电",315.0,39067
福田,香蜜湖,东海国际公寓,2.0,2.0,135.62,950,70048,409.0,东海国际公寓精装2房税费少看房方便,"近地铁
新上
北
民水民电",855.0,63043
宝安,宝安中心区,壹方中心·玖誉(三期),4.0,2.0,146.03,2180,149284,250.0,壹方笋盘！高区视野开阔，户型方正，使用率高，诚售，密码看房,"近地铁
新上
东南
民水民电",1962.0,134356
罗湖,莲塘,四季御园（新世界四季御园）,4.0,2.0,78.97,430,54451,340.0,四季御园南向高层小4房业主诚售价格可沟通,"近地铁
南
民水民电
电梯房",387.0,49006
南山,蛇口,招东小区（一期）,3.0,2.0,99.17,620,62518,587.0,蛇口育才双书包大三房电梯已经安装启用招东小区业主诚心出售,"近地铁
新上
南
民水民电",558.0,56266
南山,蛇口,四海公寓,3.0,2.0,62.0,500,80645,757.0,四海公寓，3房，满5年,"近地铁
东
民水民电
电梯房",450.0,72580
南山,华侨城,香山里花园(二期),3.0,2.0,152.0,1350,88815,,香山里花园安静大三房豪华装修拎包即可入住,"新上
南
民水民电
电梯房",1215.0,79934
福田,香蜜湖,港中旅花园（二期）,4.0,2.0,157.39,2500,158841,332.0,港中旅二期高颜值4房双数层送20平价格美丽,"近地铁
新上
东南
民水民电",2250.0,142957
龙岗,布吉,龙珠花园（B区）,2.0,2.0,60.4,158,26158,502.0,龙珠花园，3地铁口，繁华地段，精装两房，厅出阳台,"近地铁
新上
北
民水民电",142.2,23542
南山,华侨城,新天鹅堡二期,4.0,2.0,258.95,5600,216257,588.0,天鹅湖花园二期：看全湖景4+1房，豪华装修，拎包入住,"近地铁
新上
南北通
民水民电",5040.0,194631
南山,华侨城,香山美墅云颂,3.0,2.0,137.0,1540,112408,,华侨城次新房南北通透3房全新装修满五唯一看房方便,"满二年
新上
南北通
民水民电",1386.0,101167
福田,香蜜湖,万科瑧山府,4.0,2.0,240.01,4250,177075,294.0,万科臻山府小区中间位置安静看花园,"近地铁
新上
南北通
民水民电",3825.0,159368
龙岗,龙岗中心城,公园大地花园,7.0,2.0,269.22,2200,81717,953.0,大社区环境绿化非常好，品牌物业管理严格，也是众多社会名流的聚,"近地铁
新上
南北通
民水民电",1980.0,73545
福田,香蜜湖,万科瑧山府(二期),4.0,2.0,240.0,4100,170833,294.0,万科瑧山府高楼层240平全新装修大四房看海景看城市景观,"满二年
近地铁
新上
南北通",3690.0,153750
福田,香蜜湖,港中旅花园（一期）,3.0,2.0,125.0,1850,148000,55.0,港中旅可以改多一个房间的，125平带4个阳台的呦,"近地铁
新上
南北通
民水民电",1665.0,133200
罗湖,翠竹,愉天小区,1.0,1.0,43.0,330,76744,335.0,罗湖双名教助學 满二年税费少  看房 探底价私信我助您置好物,"近地铁
新上
民水民电
精装修",297.0,69070
罗湖,莲塘,鹏兴花园（六期）,3.0,2.0,121.19,620,51159,378.0,鹏兴花园六期，精装3房吗，地铁口附近，满五年,"近地铁
新上
西南
民水民电",558.0,46043
罗湖,翠竹,翠拥华庭,4.0,2.0,127.0,650,51181,477.0,诚心出售，价格可议,"近地铁
新上
东南
民水民电",585.0,46063
宝安,宝安中心区,深业新岸线（一期）,5.0,2.0,175.0,1580,90285,326.0,叠加水岸别墅，闹中取静中式大宅，房产175平侁化完约275平,"近地铁
新上
南北通
民水民电",1422.0,81256
宝安,宝安中心区,深业新岸线（二期）,3.0,2.0,120.8,840,69536,273.0,深业新岸线二期南向3房，安静看花园，业主诚心岀售。,"满二年
近地铁
新上
南",756.0,62582
宝安,宝安中心区,金泓凯旋城,4.0,2.0,155.5,1200,77170,352.0,宝中凯旋城高性价比花园中间四房南北通透安静业主诚意出售,"近地铁
新上
南北通
民水民电",1080.0,69453
罗湖,布心,松泉公寓,2.0,1.0,70.84,260,36702,520.0,罗湖翠园水贝地铁口房，精装修业主诚心卖2楼,"近地铁
新上
北
民水民电",234.0,33032
盐田,沙头角,倚山花园（三期）,2.0,2.0,85.86,360,41928,632.0,倚山花园3期，中层2房，朝西南，业主换房出售,"近地铁
新上
南
民水民电",324.0,37735
福田,香蜜湖,翠海花园（二期）,4.0,2.0,181.0,2200,121546,94.0,中空复式，赠送30平，香蜜湖全景，东南向，安静,"近地铁
新上
东南
民水民电",1980.0,109391
福田,香蜜湖,东海国际公寓,3.0,2.0,192.0,1350,70312,409.0,东海国际公寓高区全新装修税费少看房方便,"近地铁
新上
西北
民水民电",1215.0,63281
罗湖,黄贝岭,深业东岭花园（二期）,2.0,2.0,70.41,580,82374,435.0,深业东岭次新2房，地铁口物业，配套成熟，业主花了60万,"近地铁
新上
东南
民水民电",522.0,74137
罗湖,莲塘,金色年华家园,3.0,2.0,75.57,365,48299,490.0,莲塘繁华地段实用3房 精装修满五年唯壹 只交契税,"近地铁
新上
北
民水民电",328.5,43469
宝安,沙井,鸿荣源禧园,3.0,2.0,106.45,500,46970,480.0,南向3房，满五年，诚心出售，看房提前电话预约,"近地铁
新上
南
民水民电",450.0,42273
福田,景田,东方玫瑰花园（一期）,5.0,2.0,256.0,2380,92968,404.0,东方玫瑰花园，中空复式，大花园诚心卖,"近地铁
新上
南北通
民水民电",2142.0,83671
福田,水围,金港豪庭,3.0,2.0,92.99,650,69899,467.0,金港豪庭三房东南向，满五年红本在手，可议价,"近地铁
新上
东南
民水民电",585.0,62909
宝安,碧海,华丰前海湾（二期）,3.0,2.0,87.47,600,68594,748.0,宝安碧海华丰前海湾,"近地铁
新上
东南
民水民电",540.0,61735
罗湖,黄贝岭,深业东岭花园（二期）,3.0,2.0,127.98,880,68760,435.0,深业东岭次新房，大户型 豪华装修拎包入住 南北通透,"近地铁
新上
西北
民水民电",792.0,61884
罗湖,布心,阳光明居,7.0,4.0,132.15,750,56753,459.0,阳光明居135平复式6房全新装修采光好安静宜居近地铁出行方便,"近地铁
新上
南北通
民水民电",675.0,51078
福田,香蜜湖,兰江山第,4.0,2.0,247.0,2500,101214,,兰江山第，247平东南向4加1房，安静看山景，超大阳台,"新上
东南
民水民电
电梯房",2250.0,91093
罗湖,百仕达,百仕达花园一期,5.0,2.0,339.84,2380,70032,461.0,一楼带大花园，安静舒适，诚心出售,"近地铁
新上
南北通
民水民电",2142.0,63029
罗湖,翠竹,怡泰大厦,3.0,2.0,99.65,450,45158,339.0,怡泰大厦 精装三房  近地铁  诚心出售  价格可谈,"近地铁
新上
西南
民水民电",405.0,40642
宝安,碧海,华丰前海湾（二期）,3.0,2.0,87.0,600,68965,748.0,宝安碧海华丰前海湾二期88平东南向大三房，满五唯一红本在手,"近地铁
新上
东南
民水民电",540.0,62068
福田,福田中心区,黄埔雅苑（一期翠悠园）,3.0,2.0,126.22,980,77642,270.0,黄埔雅苑看花园安静新装修3房可拎包入住,"近地铁
新上
东
民水民电",882.0,69878
宝安,桃源居,桃源居六区,2.0,2.0,85.22,380,44590,837.0,桃源居精装三房，南北通透，朝南看花园，采光好，户型方正,"近地铁
新上
南
民水民电",342.0,40131
福田,梅林,四季山水花园,4.0,2.0,181.0,1620,89502,624.0,四季山水花园 南北通透高区楼楼层  视野开阔，采光效果好,"近地铁
新上
东南
民水民电",1458.0,80552
福田,梅林,四季山水花园（二期）,4.0,2.0,155.0,1550,100000,582.0,四季山水花园二期小区出门即是地铁口9号线下梅林站,"近地铁
新上
南
民水民电",1395.0,90000
福田,梅林,四季山水花园,4.0,2.0,159.0,1450,91194,624.0,四季山水花园158平大三房南北通透中间位看花园景观,"近地铁
新上
南北通
民水民电",1305.0,82075
宝安,沙井,鸿荣源禧园,3.0,2.0,106.57,530,49732,480.0,鸿荣源禧园精装3房朝南,"近地铁
新上
南
民水民电",477.0,44759
宝安,宝安中心区,金泓凯旋城,5.0,2.0,185.35,1300,70137,352.0,金泓凯旋城185平米五房南北通透看花园,"近地铁
新上
东北
民水民电",1170.0,63123
宝安,新安,流塘阳光花园,4.0,2.0,86.0,750,87209,301.0,流塘阳光精装四房高楼景观房业主换房急售,"近地铁
新上
西北
民水民电",675.0,78488
福田,香蜜湖,香域中央花园,3.0,2.0,146.0,2550,174657,216.0,香域中-央花园146平客厅出挑高大阳台，业主诚售！,"近地铁
新上
东西通
民水民电",2295.0,157191
福田,香蜜湖,兰江山第,2.0,1.0,68.58,650,94779,,兰江山第大两房全新装修急售,"新上
南
民水民电",585.0,85301
福田,香蜜湖,香域中央花园,4.0,2.0,211.0,4300,203791,216.0,香域花园   南北通透   4+1房高楼层   景观视野开阔,"近地铁
新上
南北通
民水民电",3870.0,183412
福田,梅林,四季山水花园（二期）,5.0,2.0,252.0,2580,102380,582.0,高层大平面，实用300平，两梯一户，看山景,"近地铁
新上
东南
民水民电",2322.0,92142
福田,香蜜湖,东海国际公寓,1.0,1.0,77.0,950,123376,409.0,看泳池，总裁套房，业主诚心卖,"近地铁
新上
北
民水民电",855.0,111038
罗湖,黄贝岭,深业东岭花园（二期）,3.0,2.0,106.0,820,77358,435.0,深业东岭花园，业主急卖，花园社区，配套齐全,"近地铁
新上
东南
民水民电",738.0,69622
福田,香蜜湖,香域中央花园,4.0,2.0,167.7,3800,226595,216.0,香域高楼层厅出阳台大4房，精装修拎包入住，带车位,"近地铁
新上
南北通
民水民电",3420.0,203936
宝安,新安,中粮大悦城,3.0,2.0,117.0,1180,100854,494.0,宝中3房急售，看房方便,"近地铁
新上
西南
民水民电",1062.0,90769
龙华,深圳北站,圣莫丽斯花园（三期）,4.0,2.0,220.0,1880,85454,,圣莫丽斯大平层，精装，南北向，户型好，楼层佳，视野开阔,"新上
东南
民水民电",1692.0,76909
罗湖,翠竹,怡泰大厦,2.0,2.0,57.15,240,41994,339.0,翠竹外国语 地铁口物业 精装修 租金高 业主价格可谈,"近地铁
新上
东北
民水民电",216.0,37795
罗湖,水库,叠翠居,1.0,1.0,37.0,136,36756,777.0,翠竹公园物业，业主急售,"近地铁
新上
北
民水民电",122.4,33080
宝安,新安,新锦安壹号公馆,5.0,2.0,297.65,2898,97362,457.0,壹号公馆花园.紧临前海桂湾大平层豪宅.户型方正南北通透.急卖,"近地铁
新上
东南
民水民电",2608.2,87626
盐田,盐田港,佳兆业西山吓庭苑,1.0,1.0,40.0,118,29500,,近的地铁站步行可达，上下班通勤方便，交通便利,"新上
西北
民水民电
电梯房",106.2,26550
南山,后海,澳城1618（二期）,4.0,2.0,117.0,2250,192307,,澳城花园二期119平实用150平精装4房，南北通透高层看海,"新上
南
民水民电
拎包入住",2025.0,173076
盐田,盐田港,佳兆业二期御景佳园,3.0,2.0,93.0,310,33333,,次新小区，靠近地铁口，高楼层，户型方正，采光好,"新上
东南
民水民电
电梯房",279.0,30000
福田,梅林,新阁小区,1.0,1.0,34.61,150,43340,732.0,深圳福田核心区地铁口精装小户型首付20万租金抵月供,"近地铁
新上
南
民水民电",135.0,39006
罗湖,翠竹,华丽园,2.0,2.0,76.5,550,71895,369.0,深中+锦田 南北通户型实用 华润万家+水贝珠宝商圈,"近地铁
新上
东南
民水民电",495.0,64706
福田,莲花,莲花一村,2.0,2.0,76.0,550,72368,527.0,莲花一村，新上两房笋盘，南北通，楼层佳，安静位置，税费少,"近地铁
新上
南北通
民水民电",495.0,65131
盐田,盐田港,佳兆业一期御景佳园,3.0,2.0,89.0,280,31460,,一期御景佳园 精装三房两卫 价格可谈看房提前约,"新上
南
民水民电
电梯房",252.0,28314
盐田,盐田港,佳兆业一期御景佳园,2.0,2.0,71.3,210,29453,,"佳兆业城市广场三期,小区附近就有公园，环境绿化好","新上
西南
民水民电
电梯房",189.0,26508
宝安,碧海,幸福港湾御品居,3.0,2.0,89.18,568,63691,907.0,碧海大铲湾腾讯岛，幸福港湾御品，89平方三房两厅两卫，看花园,"满二年
近地铁
新上
南",511.2,57322
罗湖,翠竹,沁芳名苑,4.0,2.0,124.0,780,62903,444.0,园科公园的家 南北通四房 景观好 无视野遮挡 带车位,"满二年
近地铁
新上
东北",702.0,56613
南山,蛇口,翠薇园,3.0,2.0,80.0,686,85750,692.0,南山蛇口四海公园育才二小二中旁翠薇园三房业主诚心出售,"近地铁
新上
民水民电
精装修",617.4,77175
南山,后海,蔚蓝海岸社区二期,2.0,2.0,75.54,685,90680,226.0,老客户急售蔚蓝海岸二期南向大两房，精装修保养好。安静满五红本,"近地铁
新上
南
民水民电",616.5,81612
福田,香蜜湖,海德园,4.0,2.0,249.0,3000,120481,,海德园5套房，南北通透，3.6米层高，业主亏本急卖，只需契税,"南北通
民水民电
电梯房
有钥匙",2700.0,108433
南山,南油,新一代大厦,1.0,1.0,37.86,225,59429,565.0,门口是50平的大平台南北通透送5平的套内面积,"近地铁
新上
北
民水民电",202.5,53486
南山,后海,南粤明珠,3.0,2.0,119.25,1018,85366,671.0,地铁口南二外海洋之心三房业主诚心卖价格可以谈,"近地铁
新上
东
民水民电",916.2,76829
罗湖,翠竹,益田御龙天地华府二期,3.0,2.0,115.0,750,65217,,翠竹外国语新房 可改四房 业主带固定车位 价格可谈,"北
民水民电
电梯房
有钥匙",675.0,58695
罗湖,翠竹,益田御龙天地华府二期,3.0,2.0,96.0,645,67187,,高层东南朝向，景观视野开阔，红本在手，随时过户,"新上
东南
民水民电
电梯房",580.5,60468
南山,蛇口,海上世界双玺花园一期,3.0,2.0,222.84,5000,224376,555.0,海上世界双玺花园一期，小洋房，降价出售，看房方便，可以谈,"近地铁
新上
南
民水民电",4500.0,201938
宝安,桃源居,桃源居世外桃源,5.0,3.0,198.45,880,44343,387.0,西乡大户型出售，价格可以谈，看房方便,"近地铁
南北通
民水民电
电梯房",792.0,39909
福田,香蜜湖,锦庐花园,3.0,2.0,87.0,1230,141379,224.0,香蜜湖新出炉好房推荐 满五唯一税费少 套内实用110平,"近地铁
新上
北
民水民电",1107.0,127241
罗湖,莲塘,京基云景梧桐花园,7.0,3.0,258.88,2500,96569,755.0,云景梧桐别墅，安静靠山安静，满五年,"近地铁
新上
南北通
民水民电",2250.0,86912
盐田,沙头角,云深处,6.0,2.0,217.74,1398,64205,990.0,云深处，居住环境舒适，一线山海景观，享受成熟社区配套,"近地铁
新上
南
民水民电",1258.2,57784
盐田,盐田港,鹏广达时代广场,4.0,2.0,115.26,480,41644,,近地铁，商超，业主急卖 ，周边配套齐全,"新上
南北通
民水民电
电梯房",432.0,37480
宝安,沙井,万科翡御郡（四期）,3.0,2.0,88.49,315,35597,990.0,采光好，高楼层，客厅直通阳台，视野开阔,"近地铁
新上
东南
民水民电",283.5,32037
福田,香蜜湖,香荔绿洲,3.0,2.0,160.0,1900,118750,493.0,香荔绿洲新放售4房诚意出售,"近地铁
新上
南
民水民电",1710.0,106875
盐田,盐田港,臻湾云庭,2.0,2.0,70.14,200,28514,,臻湾云庭近地铁口南向2房2厅,"南
民水民电
电梯房
拎包入住",180.0,25663
宝安,沙井,西荟城（一期）,4.0,2.0,87.65,315,35938,827.0,西荟城 安静位置  3＋1房 超高实用 诚意急出,"近地铁
新上
南
民水民电",283.5,32344
罗湖,翠竹,深纺大院,3.0,2.0,87.81,680,77439,620.0,新 深中 带大平台三房，红本满五 高实用,"近地铁
新上
南北通
民水民电",612.0,69695
盐田,盐田港,佳兆业一期御景佳园,3.0,2.0,89.0,275,30898,,佳兆业御景佳园(二期) 带电梯 次新房 小三房 精装修,"新上
东南
民水民电
电梯房",247.5,27808
罗湖,莲塘,华景园,3.0,3.0,191.0,2300,120418,89.0,"华景园别墅,新上好房，花园150平，豪华装修，看房方便价可谈","近地铁
新上
南
民水民电",2070.0,108376
宝安,沙井,西荟城（三期）,2.0,2.0,66.73,245,36715,965.0,西荟城三期 次新小区 二居室 景观房,"满二年
近地铁
新上
北",220.5,33044
盐田,沙头角,盛世名门家园,2.0,2.0,70.0,240,34285,198.0,口岸物业 近沙头角地铁站 大阳台2房,"近地铁
新上
西南
民水民电",216.0,30856
罗湖,莲塘,港莲一村,3.0,2.0,86.0,250,29069,831.0,莲塘莲南附近实用三房出售,"近地铁
新上
南北通
民水民电",225.0,26162
罗湖,布心,金洲花园,3.0,2.0,78.0,318,40769,824.0,花园式小区，低楼层看花园，南北通透适合居家。,"近地铁
新上
南北通
民水民电",286.2,36692
盐田,沙头角,鹏瑞南区尚府,3.0,2.0,81.0,430,53086,,鹏瑞尚府，精装高层3房，业主置换诚心出售，次新品牌开发商,"新上
西南
民水民电
电梯房",387.0,47777
罗湖,莲塘,东方凤雅台,3.0,2.0,91.0,368,40439,549.0,东方凤雅台畔山小区环境优美户型方正,"近地铁
南北通
民水民电
电梯房",331.2,36395
盐田,沙头角,棕榈湾,3.0,2.0,106.0,430,40566,624.0,沙头角海岸线新上架房子，业主诚心出售，看房随时都可以安排。,"近地铁
新上
东南
民水民电",387.0,36509
盐田,沙头角,半山悦海,3.0,2.0,89.44,460,51431,858.0,半山悦海，3房2卫，地铁口物业豪华装修，东南朝向,"近地铁
新上
东南
民水民电",414.0,46288
罗湖,万象城,都市名园,2.0,2.0,84.0,350,41666,230.0,都市名园精装修2房出售红本满5年万象城商圈,"近地铁
新上
西南
民水民电",315.0,37499
罗湖,莲塘,合正锦园,4.0,2.0,153.45,768,50048,917.0,合正锦园 近罗外 南北通透 靠山安静 户型实用 诚心出售,"近地铁
南
民水民电
电梯房",691.2,45043
盐田,沙头角,半山悦海,4.0,2.0,133.0,568,42706,858.0,超笋盘 南北通4房 只交契税 车位充足,"近地铁
新上
南
民水民电",511.2,38435
福田,香蜜湖,深业中城,1.0,,74.0,700,94594,557.0,深业中城精装业主诚意出售,"近地铁
西
民水民电
电梯房",630.0,85135
福田,莲花,深业上城,3.0,2.0,227.41,1800,79152,465.0,深业上城，新上3+1房笋盘，南北通透，业主诚心出售，价格可谈,"近地铁
新上
南北通
民水民电",1620.0,71237
福田,福田中心区,中心天元,4.0,3.0,330.0,4090,123939,366.0,福田CBD次新豪宅大平层，全新入伙未住，满2年仅需契税,"近地铁
南北通
民水民电
电梯房",3681.0,111545
盐田,盐田港,东港印象家园,4.0,2.0,112.0,438,39107,,东港印象花园，新上大四房...,"东南
民水民电
电梯房
拎包入住",394.2,35196
罗湖,黄贝岭,中山花园,4.0,2.0,104.4,410,39272,299.0,豪华装修4房,"近地铁
新上
西北
民水民电",369.0,35345
南山,华侨城,纯水岸九期,5.0,2.0,276.75,4200,151761,,纯水岸9期，经典户型，276平，前后双阳台设计，诚心出售,"新上
南
民水民电
电梯房",3780.0,136585
罗湖,莲塘,四季御园（新世界四季御园）,3.0,2.0,78.0,500,64102,340.0,新世界四季御园，口岸物业，精装三房，朝南向，高楼层,"近地铁
新上
东南
民水民电",450.0,57692
宝安,碧海,华丰前海湾（二期）,3.0,2.0,87.44,600,68618,748.0,华丰前海湾经典户型88平南向3房2卫，精装修，税费少，诚意售,"近地铁
新上
东南
民水民电",540.0,61756
福田,梅林,梅林一村,3.0,2.0,92.39,770,83342,382.0,梅林一村，多层围合式三房，方正户型，业主诚心出售,"近地铁
新上
南
民水民电",693.0,75008
南山,华侨城,香山美墅果岭,4.0,2.0,197.0,2750,139593,,香山美墅果岭稀有横厅东南向4房 看高尔夫景观 满五价格好谈,"新上
东南
民水民电
拎包入住",2475.0,125634
福田,香蜜湖,香蜜湖一号,4.0,2.0,244.0,6800,278688,111.0,香蜜湖一号大平层，精装，南北同，户型好，楼层佳，视野开阔,"近地铁
南北通
民水民电
电梯房",6120.0,250819
龙岗,龙岗中心城,公园大地花园,4.0,2.0,163.77,1180,72052,953.0,公园大地花园看山景！采光视野非常优质！南北通透谈价找我有惊喜,"近地铁
新上
南
民水民电",1062.0,64847
龙岗,布吉,信义假日名城(博雅园),2.0,2.0,67.76,265,39108,670.0,信义假日名城，三地铁口，精装两房，户型方正，采光通透，急卖,"近地铁
新上
东南
民水民电",238.5,35197
罗湖,莲塘,四季御园（新世界四季御园）,4.0,2.0,150.74,718,47631,340.0,四季御园大四房南北通透151平仅售738万各付可谈看房方便,"近地铁
新上
民水民电
精装修",646.2,42868
罗湖,莲塘,鹏兴花园（二期）,2.0,1.0,59.21,248,41884,238.0,地铁口小高层，精装小两居，安静舒适，拎包入住,"近地铁
新上
北
民水民电",223.2,37696
宝安,碧海,华丰前海湾（二期）,3.0,2.0,88.0,598,67954,748.0,华丰前海湾二期88平经典南向三房，精装修，税费少，诚意售,"近地铁
新上
东南
民水民电",538.2,61159
南山,华侨城,香山美墅云颂,4.0,2.0,171.0,1980,115789,,南山华侨城，香山美墅，独门独户，全新毛坯，底价有惊喜,"新上
南北通
民水民电
电梯房",1782.0,104210
罗湖,翠竹,翠竹苑,2.0,1.0,52.0,400,76923,326.0,"业主急售，高楼层采光好，近地铁交通方便,翠竹外国语在","近地铁
新上
南
民水民电",360.0,69231
宝安,宝安中心区,壹方中心·玖誉(一期),5.0,2.0,247.5,3900,157575,250.0,壹方玖誉花园.鸿荣源开发塔尖圈层豪宅.户型方正南北通透.急卖,"近地铁
新上
南北通
民水民电",3510.0,141818
罗湖,莲塘,鹏兴花园（五期）,4.0,2.0,107.35,508,47321,632.0,鹏兴花园五期 近莲南 高楼层 户型实用 安静住家,"近地铁
新上
南北通
民水民电",457.2,42589
福田,香蜜湖,东海国际公寓,3.0,2.0,141.44,1200,84841,409.0,东海国际公寓，3房，视野开阔，景观好，业主急卖，随时看房,"近地铁
新上
西北
民水民电",1080.0,76357
福田,上下沙,京基滨河时代广场,3.0,2.0,116.0,898,77413,399.0,京基滨河时代，次新房，红本，看房有钥匙,"满二年
近地铁
新上
南",808.2,69672
宝安,宝安中心区,金成时代家园,5.0,2.0,138.72,980,70645,289.0,看宝体景观五房诚意卖,"近地铁
新上
东南
民水民电",882.0,63580
罗湖,洪湖,鹏大厦,1.0,1.0,36.66,320,87288,248.0,位于文锦北路，电梯房高层物业，万科物业管理，4梯21户共52,"近地铁
新上
西
民水民电",288.0,78559
福田,梅林,嘉鑫阳光雅居,3.0,2.0,85.69,680,79355,553.0,嘉鑫阳光雅小区出门就 塘朗山 听涛区公园真正花园里的家,"近地铁
新上
南
民水民电",612.0,71420
罗湖,莲塘,鹏兴花园（二期）,3.0,2.0,104.0,516,49615,238.0,鹏兴花园二期，次顶楼，南北通透，端头位，大三房，随时可看,"近地铁
新上
北
民水民电",464.4,44654
福田,香蜜湖,香域中央花园,3.0,2.0,145.63,2800,192268,216.0,紧挨43万平的香蜜湖公园,"近地铁
新上
东西通
民水民电",2520.0,173041
龙岗,布吉,信义假日名城(六期溢芳园),3.0,2.0,100.0,370,37000,693.0,小区环境优美，近地铁交通方便，大房子适合一家人居住。,"近地铁
新上
南
民水民电",333.0,33300
罗湖,莲塘,金色年华家园,4.0,2.0,89.0,518,58202,490.0,精装修价格可刀有锁匙高楼层厅出阳台红本五年惟一赠送多四房两卫,"近地铁
新上
南北通
民水民电",466.2,52382
福田,宝安南,鸿翔花园,3.0,2.0,134.09,905,67491,299.0,鸿翔花园，精装修三房，业主诚心出售，价格好商量,"近地铁
新上
西北
民水民电",814.5,60742
福田,水围,金港豪庭,2.0,2.0,57.0,350,61403,467.0,急卖两房看房子方便,"近地铁
南
民水民电
拎包入住",315.0,55263
龙岗,布吉,信义金御半山（三期信义荔景御园）,4.0,2.0,89.17,605,67847,525.0,金御半山三期客厅正出阳台横厅设计使用率高四房,"近地铁
新上
东西通
民水民电",544.5,61062
宝安,西乡,润恒尚园,5.0,2.0,129.57,798,61588,,碧海高品质次新居家小区，户型好车位充足，换房诚心出售,"新上
西南
民水民电
电梯房",718.2,55429
福田,上下沙,金域蓝湾,3.0,2.0,94.15,780,82846,722.0,万科金域蓝湾，93平，三房两卫，南向，深圳湾海景，中层,"近地铁
新上
南
民水民电",702.0,74561
宝安,西乡,金港华庭,2.0,2.0,65.0,285,43846,710.0,好房推荐业主诚售价格空间大,"近地铁
新上
东北
民水民电",256.5,39461
龙华,龙华中心,壹成中心花园(六区),4.0,2.0,88.98,470,52820,,壹城花园精装修4房，东南朝向，中间楼层，周边配套全齐,"新上
南
民水民电
电梯房",423.0,47538
罗湖,莲塘,四季御园（新世界四季御园）,3.0,2.0,84.47,428,50668,340.0,口岸物业精装三房近地铁,"近地铁
新上
北
民水民电",385.2,45601
龙岗,布吉,信义假日名城(六期溢芳园),3.0,2.0,93.44,358,38313,693.0,溢芳园3房房子方正实用朝南向安静住家通透地铁口,"近地铁
新上
南
民水民电",322.2,34482
罗湖,莲塘,四季御园（新世界四季御园）,3.0,2.0,72.88,480,65861,340.0,关口物业 精装修三房 中高楼层 通风采光好 看房方便价格可谈,"近地铁
新上
南
民水民电",432.0,59275
宝安,桃源居,桃源居世外桃源,3.0,2.0,110.87,385,34725,387.0,桃源居电梯三房，一梯两户南北通透，急售有钥匙随时看房,"近地铁
新上
东南
民水民电",346.5,31252
龙岗,龙岗中心城,公园大地花园,5.0,2.0,162.84,848,52075,953.0,公园大地花园 高楼层 景观视野开阔 东南朝向 满五年少税,"近地铁
南
民水民电
拎包入住",763.2,46868
龙华,龙华中心,壹成中心花园(六区),3.0,2.0,77.0,400,51948,,朝南向三房位置安静价格可谈,"新上
南
民水民电
电梯房",360.0,46753
宝安,宝安中心区,深业新岸线（一期）,4.0,2.0,140.34,1080,76955,326.0,前海宝中大四房南北通透，大型社区配套齐全，,"近地铁
新上
东南
民水民电",972.0,69260
福田,石厦,皇庭世纪花园,3.0,2.0,107.77,780,72376,327.0,皇庭世纪花园户型方正实用生活交通非常便利,"近地铁
新上
东南
民水民电",702.0,65138
宝安,宝安中心区,壹方中心·玖誉(三期),3.0,2.0,100.9,1250,123885,250.0,低门槛入住壹方三房，税费少，随时看房,"近地铁
新上
东北
民水民电",1125.0,111496
福田,福田中心区,黄埔雅苑（四期骏悠园）,5.0,2.0,163.32,1348,82537,270.0,黄埔雅苑四期三层复式满五红本唯/看部分莲花山景,"近地铁
新上
西北
民水民电",1213.2,74283
罗湖,莲塘,鹏兴花园（六期）,4.0,2.0,160.22,950,59293,378.0,户型方正中间层,"近地铁
新上
南北通
民水民电",855.0,53364
罗湖,翠竹,怡泰大厦,2.0,1.0,67.55,265,39230,339.0,业主有心卖，翠竹大两房，精装修，拎包入住，租金高,"近地铁
新上
西北
民水民电",238.5,35307
宝安,沙井,西荟城（二期）,5.0,2.0,142.61,550,38566,970.0,西荟城三期朝南大五房，纯毛坯,"满二年
近地铁
新上
南",495.0,34709
龙华,龙华中心,壹成中心花园(九区),3.0,2.0,78.12,360,46082,,壹成九区78.45平低楼层朝向南,"满二年
新上
西
民水民电",324.0,41474
福田,香蜜湖,港中旅花园（二期）,4.0,2.0,158.0,2400,151898,332.0,港中旅花园带入户中间栋数安静装修保养佳诚意出售,"近地铁
新上
东南
民水民电",2160.0,136708
南山,深圳湾,深圳湾一号,3.0,2.0,332.35,7800,234692,600.0,深圳湾一号332平高区奢装3套房，带60平海景阳台，有钥匙,"满二年
近地铁
新上
东",7020.0,211223
南山,深圳湾,曦湾华府,3.0,2.0,88.72,1460,164562,419.0,深圳湾拓展面积大、曦湾华府复式3+1房、6米挑高大阳台！,"近地铁
东南
民水民电
电梯房",1314.0,148106
罗湖,莲塘,金色年华家园,1.0,1.0,38.0,180,47368,490.0,莲塘岁宝楼上可做小两房,"近地铁
新上
东北
民水民电",162.0,42631
南山,华侨城,纯水岸七期,4.0,2.0,175.0,2100,120000,,纯水岸（七期）1栋，175平，标准4房，户型方正，诚心出售,"新上
南
民水民电
电梯房",1890.0,108000
罗湖,莲塘,鹏兴花园（二期）,3.0,2.0,103.61,500,48257,238.0,鹏兴二期 精装大三房 采光好 保养好 红本五年 地铁口物业,"近地铁
新上
南北通
民水民电",450.0,43431
宝安,新安,勤诚达22世纪(和园),3.0,2.0,83.54,760,90974,220.0,洪浪北地铁口物业 勤诚达和园83.5平三房业主诚心出售,"近地铁
新上
西南
民水民电",684.0,81877
南山,华侨城,香山美墅云颂,4.0,2.0,166.19,1780,107106,,南山华侨城，香山美墅安静4房，自住豪装，底价有惊喜,"新上
西南
民水民电
电梯房",1602.0,96395
龙岗,龙岗中心城,悦澜山花园,6.0,2.0,143.24,598,41748,403.0,悦澜山花园 业主因置换市区降价急售 坐北朝南 双龙抱珠 满5,"近地铁
南
民水民电
精装修",538.2,37573
南山,华侨城,香山美墅云颂,3.0,2.0,125.44,1470,117187,,南山华侨城，香山美墅轻奢高区3室，视野开阔，底价有惊喜私聊,"新上
南
民水民电
电梯房",1323.0,105468
福田,梅林,梅林一村,3.0,2.0,90.0,538,59777,382.0,梅林一村东南向看小区园景保养好,"近地铁
新上
东南
民水民电",484.2,53799
福田,香蜜湖,港中旅花园（一期）,4.0,2.0,178.0,2680,150561,55.0,董事长的家178平豪气横厅，大开间，你理想中的样子,"近地铁
新上
南北通
民水民电",2412.0,135505
南山,华侨城,香山美墅果岭,4.0,2.0,167.28,2080,124342,,香山美墅果岭安静4房 南北通透 高性价比 满五价格可谈,"满二年
新上
东南
民水民电",1872.0,111908
福田,香蜜湖,香域中央花园,4.0,2.0,160.0,3100,193750,216.0,香域中/央花园，南北通4+1房，赠送多，户型实用，价格空间大,"近地铁
新上
东西通
民水民电",2790.0,174375
宝安,宝安中心区,深业新岸线（三期）,4.0,2.0,151.89,1098,72289,569.0,送大前后阳台，深业新岸线三期，152平方4房，低价出售,"近地铁
新上
东西通
民水民电",988.2,65060
盐田,沙头角,蓝郡广场,3.0,2.0,149.0,1300,87248,607.0,高赠送 独立入户花园 大阳台4房2卫,"近地铁
新上
东南
民水民电",1170.0,78523
盐田,沙头角,蓝郡广场,3.0,2.0,149.0,1250,83892,607.0,蓝郡广场，品质豪宅，复试高层海景，看房方便,"近地铁
新上
东南
民水民电",1125.0,75503
福田,福田中心区,黄埔雅苑（二期逸悠园）,6.0,2.0,270.99,2600,95944,363.0,新出南向中空大复式视野开阔车位充足,"近地铁
新上
西南
民水民电",2340.0,86350
龙岗,龙岗中心城,公园大地花园,4.0,2.0,168.0,1500,89285,953.0,公园大地顶楼复式，200万豪装，4个套间，8个房，客厅出阳台,"近地铁
新上
南
民水民电",1350.0,80356
龙华,深圳北站,圣莫丽斯花园（三期）,4.0,2.0,175.46,1400,79790,,圣莫丽斯三期，小高层南北通4+1房，户型实用，楼层佳，诚心卖,"新上
南北通
民水民电
带家电",1260.0,71811
盐田,沙头角,东埔海景花园（一期）,3.0,2.0,116.13,450,38749,689.0,看海景，大三房（壹海城旁边，外国语范围,"近地铁
新上
东南
民水民电",405.0,34874
福田,香蜜湖,浩铭财富广场,1.0,1.0,48.79,500,102480,178.0,财富广场小户型豪装带6000的租约出售笋盘,"近地铁
新上
东
民水民电",450.0,92232
龙岗,龙岗中心城,熙和园,4.0,2.0,83.76,380,45367,640.0,熙和园花园中间楼层4房2厅2卫业主自住装修好保养好看房约,"满二年
近地铁
新上
北",342.0,40830
宝安,碧海,华丰前海湾（二期）,3.0,2.0,87.47,700,80027,748.0,业主诚意出售 华丰前海湾位于前海居住区 碧海湾站精装修拎包住,"近地铁
新上
东
民水民电",630.0,72024
龙岗,布吉,信义假日名城(六期溢芳园),3.0,2.0,89.44,450,50313,693.0,信义溢芳园，精装三房，满二少税，精装保养好，您理想的家,"近地铁
新上
南
民水民电",405.0,45282
盐田,沙头角,东埔海景花园（二期）,3.0,2.0,89.14,480,53847,723.0,近地铁，壹海城，海滨栈道，小高层，花园社区,"近地铁
新上
西南
民水民电",432.0,48462
福田,上下沙,金域蓝湾,4.0,2.0,149.0,1300,87248,722.0,福田万科金域蓝湾，户型方正高层看海景，业主出国急售，价格可谈,"近地铁
新上
西南
民水民电",1170.0,78523
龙岗,布吉,信义假日名城(六期溢芳园),2.0,2.0,61.63,218,35372,693.0,信义假日名城六期 满五年 东南向 精装修  看房方便,"近地铁
新上
东
民水民电",196.2,31835
罗湖,翠竹,金翠园,3.0,2.0,88.0,900,102272,527.0,金翠园小区位于罗湖区翠竹路上，共4栋608户，管理费3.5元,"近地铁
新上
南
民水民电",810.0,92045
宝安,桃源居,桃源居十五区,6.0,2.0,154.53,700,45298,518.0,西乡4房急售，看房方便,"近地铁
新上
南
民水民电",630.0,40768
福田,福田中心区,黄埔雅苑（四期骏悠园）,2.0,2.0,80.0,637,79625,270.0,黄埔雅苑方正两房总价低业主诚售方便看,"近地铁
新上
北
民水民电",573.3,71662
龙华,深圳北站,圣莫丽斯花园（三期）,5.0,2.0,233.0,1980,84978,,圣莫丽斯大平层五房，精装，南北向，户型好，楼层佳，视野开阔,"新上
南北通
民水民电
精装修",1782.0,76480
罗湖,百仕达,东乐花园(罗湖),2.0,1.0,76.18,300,39380,393.0,小区共有118栋楼，其中6栋高层，112栋多层，占地：200,"近地铁
新上
南
民水民电",270.0,35442
南山,后海,蔚蓝海岸社区二期,3.0,2.0,126.9,1120,88258,226.0,蔚蓝海岸二期，东南向大阳台，三房安静看园林景观,"近地铁
新上
南北通
民水民电",1008.0,79432
罗湖,黄贝岭,深业东岭花园（二期）,1.0,,37.95,225,59288,435.0,二百出头上车东岭二期东南向一房，高端品质平民价，业主诚售,"近地铁
东南
民水民电
电梯房",202.5,53359
福田,香蜜湖,安峦公馆,5.0,2.0,166.06,3000,180657,70.0,安峦公馆五房，精装，南北向，户型好，楼层佳，视野开阔,"近地铁
南北通
民水民电
电梯房",2700.0,162591
福田,香蜜湖,东海国际公寓,3.0,2.0,182.78,950,51975,409.0,东海国际公寓精装3加1房红本在手双阳台安静,"近地铁
新上
北
民水民电",855.0,46778
福田,香蜜湖,浩铭财富广场,2.0,1.0,80.46,650,80785,178.0,深外笋盘，税费低产权清晰，看房方便,"近地铁
东
民水民电
电梯房",585.0,72706
龙岗,布吉,信义假日名城(六期溢芳园),2.0,2.0,70.0,270,38571,693.0,信义大两房 地铁口  业主急卖 价格可再聊 看房方便适合住家,"近地铁
新上
北
民水民电",243.0,34714
南山,蛇口,半岛城邦花园一期,4.0,2.0,220.62,4000,181307,653.0,半岛城邦花园一期 220平 前排海景 4房 看房方便,"近地铁
新上
南
民水民电",3600.0,163176
盐田,沙头角,蓝郡广场,4.0,2.0,208.0,1700,81730,607.0,蓝郡广场新出好房精装修地铁口物业,"近地铁
新上
南北通
民水民电",1530.0,73557
宝安,桃源居,桃源居十五区,3.0,2.0,120.0,500,41666,518.0,性价比高 户型方正 近地铁口 小区较新,"近地铁
新上
南
民水民电",450.0,37499
福田,福田中心区,黄埔雅苑（三期乐悠园）,3.0,2.0,143.0,1300,90909,402.0,上新！黄埔雅苑三期，双龙抱珠，独门独户，双景观阳台，安静,"近地铁
新上
东北
民水民电",1170.0,81818
罗湖,翠竹,金翠园,3.0,2.0,87.15,720,82616,527.0,金翠园 深中楼层佳 户型好精装3房 带入户,"近地铁
新上
南
民水民电",648.0,74354
罗湖,莲塘,鹏兴花园（六期）,3.0,2.0,120.0,692,57666,378.0,鹏兴花园六期120平米大三房视野无遮挡 红本在手,"近地铁
新上
南
民水民电",622.8,51899
宝安,沙井,鸿荣源禧园,5.0,2.0,175.73,930,52922,480.0,花园中间位置，中高楼层，南北通五房，自住，保养好，看房方便,"近地铁
新上
南北通
民水民电",837.0,47630
福田,梅林,四季山水花园,5.0,2.0,232.7,1980,85088,624.0,福田新世界四季山水花园南北通5房诚心出售满五,"近地铁
新上
南北通
民水民电",1782.0,76579
龙华,龙华中心,壹成中心花园(六区),3.0,2.0,76.0,430,56578,,壹城六区三房高使用率,"新上
南
民水民电
电梯房",387.0,50920
南山,华侨城,香山里花园(一期),5.0,2.0,172.0,1518,88255,,香山里花园高性价比4加1房 南北通透 满五 非常有心卖,"新上
东南
民水民电
电梯房",1366.2,79430
福田,石厦,皇庭世纪花园,3.0,2.0,77.2,650,84196,327.0,地铁口物业，小区安静，户型方正,"近地铁
东
民水民电
电梯房",585.0,75776
龙岗,龙岗中心城,万科翰邻城,4.0,2.0,89.0,580,65168,643.0,万科翰邻城高档社区万科物业南北通透楼层佳通风采光好看房方便,"近地铁
新上
南北通
民水民电",522.0,58651
龙岗,布吉,桂芳园（四期）,6.0,2.0,94.61,768,81175,398.0,桂芳园，精装三房，满五少税，花园中间，住家安静,"近地铁
新上
东南
民水民电",691.2,73058
罗湖,翠竹,鸿业苑,3.0,2.0,98.0,628,64081,267.0,小区车位充足，不用担心找不到车位,"近地铁
新上
西南
民水民电",565.2,57673
龙岗,布吉,信义金御半山（三期信义荔景御园）,4.0,2.0,89.0,600,67415,525.0,万象汇楼上 朝南阳光四房 高层采光通风好,"近地铁
新上
南
民水民电",540.0,60674
宝安,桃源居,桃源居十一区,5.0,2.0,126.75,680,53648,461.0,桃源居十一区超高实用五房，满五年唯1税费少，高楼层看山景视野,"近地铁
新上
南
民水民电",612.0,48283
宝安,桃源居,桃源居世外桃源,2.0,2.0,82.44,320,38816,387.0,业主诚心出售，户型方正朝南采光好，电梯2房1卫,"近地铁
新上
南
民水民电",288.0,34934
宝安,碧海,碧海富通城（四期）,3.0,2.0,88.74,600,67613,872.0,好房推荐碧海富通城四期高楼层采光好诚心出售,"近地铁
新上
南
民水民电",540.0,60852
福田,水围,金港豪庭,2.0,2.0,80.83,590,72992,467.0,近口岸南向无遮挡山河景观2房,"近地铁
新上
南
民水民电",531.0,65693
罗湖,翠竹,愉天小区,1.0,1.0,43.64,320,73327,335.0,水贝地铁口物业 深圳忠雪初忠部 业主急出售 价格可谈,"近地铁
新上
南
民水民电",288.0,65994
福田,梅林,梅林一村,3.0,2.0,90.31,580,64223,382.0,梅林一村三区，新上三房，楼层佳，诚心出售，急卖,"近地铁
新上
北
民水民电",522.0,57801
龙岗,布吉,信义假日名城(博雅园),3.0,2.0,99.06,420,42398,670.0,信义假日名城二期（博雅园），小区绿化优美，业主急售。,"近地铁
新上
南北通
民水民电",378.0,38158
罗湖,百仕达,百仕达花园五期(乐湖),4.0,2.0,185.26,1400,75569,768.0,2栋楼W 高层南北通透 车位充足 楼下喜荟城商场,"近地铁
新上
南北通
民水民电",1260.0,68012
宝安,沙井,鸿荣源禧园,5.0,2.0,178.0,1010,56741,480.0,沙井禧园大平层 6个房间 南北通 30平大阳台,"近地铁
新上
南北通
民水民电",909.0,51067
龙岗,龙岗中心城,麓园,3.0,2.0,89.0,375,42134,586.0,麓园 精装3房2卫，可拎包入住 满5年税少 高楼层,"近地铁
新上
东南
民水民电",337.5,37921
福田,百花,南天大厦（一期）,2.0,2.0,87.0,710,81609,227.0,南天一花园 复式2房 户型方正 业主诚心出售 价格有惊喜,"近地铁
新上
南北通
民水民电",639.0,73448
宝安,沙井,鸿荣源禧园,5.0,2.0,218.08,1450,66489,480.0,鸿荣源禧园少有大复式 朝南看花园 30平大阳台 精装修,"近地铁
新上
南
民水民电",1305.0,59840
福田,上下沙,金域蓝湾,2.0,2.0,73.22,675,92187,722.0,万科金域蓝湾，福田海景豪宅，高层，2房，客厅出大阳台，全海景,"近地铁
新上
东西通
民水民电",607.5,82968
罗湖,百仕达,百仕达花园一期,3.0,2.0,111.91,740,66124,461.0,近地铁，诚意出售，价格可谈,"近地铁
新上
南北通
民水民电",666.0,59512
宝安,碧海,华丰前海湾（二期）,4.0,2.0,88.0,586,66590,748.0,俯览前海湾一线海景资源，近享碧海湾公园、碧海湾高尔夫球场,"近地铁
新上
南
民水民电",527.4,59931
福田,梅林,梅林一村,3.0,2.0,98.0,568,57959,382.0,福田梅林一村方厅98平大三房诚心出售红本满五,"近地铁
新上
北
民水民电",511.2,52163
罗湖,翠竹,愉天小区,1.0,1.0,41.11,330,80272,335.0,愉天小区深中+翠比空置满5年精装修看房方便业主诚售,"近地铁
新上
南
民水民电",297.0,72245
宝安,桃源居,桃源居十五区,4.0,2.0,153.57,688,44800,518.0,桃源居十五区，精装大四房，业主诚心出售，看房方便，价格可谈,"近地铁
新上
南
民水民电",619.2,40320
龙岗,布吉,信义金御半山（三期信义荔景御园）,3.0,2.0,74.0,430,58108,525.0,万象汇楼上，金御半山三期，高楼层，东南向，厅出阳台，拎包入住,"近地铁
新上
东南
民水民电",387.0,52297
龙岗,布吉,信义金御半山（三期信义荔景御园）,4.0,2.0,88.02,570,64758,525.0,金御半山三期，高楼层，南北通透，户型方正，全新装修，拎包入住,"近地铁
新上
南
民水民电",513.0,58282
龙岗,布吉,信义金御半山（三期信义荔景御园）,5.0,2.0,129.16,950,73552,525.0,金御半山三期，7栋次新房，129平5房3卫，南北通透，未入住,"近地铁
新上
南北通
民水民电",855.0,66197
罗湖,黄贝岭,深业东岭花园（一期）,3.0,1.0,81.0,420,51851,435.0,深业东岭【朝南户型，翠园本部，急卖，地铁口】,"近地铁
新上
南
民水民电",378.0,46666
龙华,深圳北站,圣莫丽斯花园（三期）,4.0,2.0,170.38,1100,64561,,圣莫丽斯三期，新上高层朝南四房，大阳台，视野开阔，急卖,"东南
民水民电
电梯房
拎包入住",990.0,58105
龙岗,布吉,信义金御半山（三期信义荔景御园）,3.0,2.0,73.93,450,60868,525.0,万象汇旁次新楼车位足近公园空气清新,"近地铁
新上
南
民水民电",405.0,54781
宝安,桃源居,桃源居世外桃源,2.0,2.0,92.62,260,28071,387.0,2房户型 通风采光好 使用率高 配套成熟 价格可谈,"近地铁
新上
东
民水民电",234.0,25264
龙岗,布吉,信义金御半山（三期信义荔景御园）,5.0,2.0,129.29,920,71157,525.0,万象汇楼上，金御半山三期，129平米5房3卫，满二年，新装修,"近地铁
新上
南北通
民水民电",828.0,64041
罗湖,莲塘,四季御园（新世界四季御园）,3.0,2.0,84.0,480,57142,340.0,新世界四季御园，地铁口+口岸物业，满五年，适合深港两地的朋友,"近地铁
新上
北
民水民电",432.0,51428
罗湖,黄贝岭,靖轩豪苑,2.0,2.0,74.0,400,54054,315.0,好房诚意出售，黄金楼层，户型方正，朝向好采光通风俱佳,"近地铁
新上
南
民水民电",360.0,48649
罗湖,布心,观山瑞苑,3.0,2.0,122.0,450,36885,621.0,业主急卖，随时可以看房，居家首选，费用少,"近地铁
新上
东北
民水民电",405.0,33196
福田,梅林,四季山水花园（二期）,4.0,2.0,157.44,1580,100355,582.0,福田四季山水花园二期复式四房诚心出售实用率高赠送面积大,"近地铁
新上
南北通
民水民电",1422.0,90320
福田,宝安南,鸿翔花园,3.0,2.0,125.81,899,71456,299.0,东南向三房两卫看小区花园读红岭小桂园中,"近地铁
新上
南
民水民电",809.1,64310
罗湖,黄贝岭,深业东岭花园（二期）,4.0,2.0,126.0,948,75238,435.0,深业东岭业主有心卖，配套齐全，租金高，谈价空间大，采光通透,"近地铁
新上
北
民水民电",853.2,67714
福田,上下沙,京基滨河时代广场,2.0,1.0,71.73,350,48794,479.0,京基高端公寓，精装两房，看花园安静,"近地铁
新上
东南
民水民电",315.0,43915
福田,香蜜湖,安峦公馆,6.0,2.0,230.98,3500,151528,70.0,安峦公馆顶楼复式，6房，全新未住，看海景，带红岭实.验小?高,"近地铁
新上
西南
民水民电",3150.0,136375
罗湖,黄贝岭,深业东岭花园（二期）,2.0,1.0,54.0,370,68518,435.0,深业东岭花园二期，东南向，精装修，价格可谈，黄贝岭地铁口,"近地铁
新上
南
民水民电",333.0,61666
宝安,宝安中心区,鸿荣源尚都,4.0,2.0,151.4,1398,92338,513.0,壹方城对面，鸿荣源品质，自住豪装，安静中高层，看房方便,"近地铁
新上
南北通
民水民电",1258.2,83104
龙岗,布吉,信义假日名城(六期溢芳园),3.0,2.0,100.0,400,40000,693.0,信义春蕾 旁大三房两卫 业主好说话 出行方便,"近地铁
新上
民水民电
电梯房",360.0,36000
罗湖,黄贝岭,深业东岭花园（二期）,2.0,2.0,70.0,435,62142,435.0,深业东岭二期 南向大阳台两房 地铁口 诚心售卖,"近地铁
新上
东南
民水民电",391.5,55928
福田,福田中心区,黄埔雅苑（四期骏悠园）,4.0,1.0,163.04,1500,92001,270.0,看莲花山景跃式四房，全屋精装拎包入住,"近地铁
新上
北
民水民电",1350.0,82801
罗湖,百仕达,百仕达花园一期,3.0,2.0,169.72,1050,61866,461.0,南北通实用4房 一梯两户低密度 居住舒服 价可议！,"近地铁
新上
东南
民水民电",945.0,55679
南山,蛇口,有方育才家园,1.0,1.0,28.78,300,104239,809.0,有方育才家园育才二小育才三中上车盘,"近地铁
新上
东
民水民电",270.0,93815
龙华,深圳北站,圣莫丽斯花园（三期）,4.0,2.0,220.88,2000,90546,,圣莫丽斯四房，精装，南北向，户型好，楼层佳,"新上
南北通
民水民电",1800.0,81491
龙华,深圳北站,圣莫丽斯花园（三期）,4.0,2.0,170.38,1300,76300,,圣莫丽斯三期，新上朝南四房，大阳台，诚心出售,"新上
南
民水民电
电梯房",1170.0,68670
罗湖,黄贝岭,深业东岭花园（二期）,3.0,2.0,89.8,620,69042,435.0,【翠园本部 地铁2号线黄贝岭 次新小区 自带商业配套,"近地铁
新上
西北
民水民电",558.0,62138
南山,前海,泛海拉菲花园（二期）,3.0,2.0,84.91,700,82440,201.0,小区安静户型，东南向，看花园，装修保养好，满五年，中高楼层,"近地铁
新上
东南
民水民电",630.0,74196
福田,福田中心区,黄埔雅苑（四期骏悠园）,3.0,2.0,136.65,1220,89279,270.0,黄埔雅苑四期LW户型中间位全南向看花园泳池景观（送固定车位）,"近地铁
新上
南
民水民电",1098.0,80351
福田,宝安南,鸿翔花园,2.0,2.0,73.33,508,69275,299.0,鸿翔花园 大花园小区 西南朝向两房 业主诚心卖,"满二年
近地铁
新上
西南",457.2,62348
罗湖,翠竹,合正荣悦,3.0,3.0,86.24,750,86966,410.0,【新上房源 满两年 税费少 配套完善 业主诚心放卖,"近地铁
新上
南北通
民水民电",675.0,78269
福田,上下沙,金域蓝湾,3.0,2.0,163.79,1198,73142,722.0,"万科金域蓝湾,高层，大平面，南向，全海景，红树林景观，保养好","近地铁
南
民水民电
电梯房",1078.2,65828
罗湖,翠竹,翠竹苑,3.0,2.0,78.0,445,57051,326.0,翠竹苑近翠竹小.学，近地铁红本满五，旧改进行中，价格可谈,"近地铁
新上
南
民水民电",400.5,51346
福田,百花,长城大厦(核电花园),3.0,2.0,98.0,860,87755,347.0,核电花园，70年三房，红本满五年，业主诚心卖，价格可以谈,"满二年
近地铁
新上
西南",774.0,78980
福田,保税区,福源花园三期,4.0,2.0,126.0,830,65873,916.0,福源花园三期，大三房，价格可商量,"近地铁
新上
西南
民水民电",747.0,59286
福田,宝安南,鸿翔花园,4.0,2.0,151.0,980,64900,299.0,精装三房可以改四房自住房读红岭小桂园中,"近地铁
新上
西北
民水民电",882.0,58410
福田,上下沙,金海湾花园,4.0,2.0,175.0,1600,91428,645.0,金海湾花园，复试175平东南向,"近地铁
新上
东南
民水民电",1440.0,82285
宝安,宝安中心区,宏发领域,4.0,2.0,143.88,1780,123714,212.0,宝中笋盘丨宏发领域丨业主急售丨房东置换丨使用率高丨看房方便,"近地铁
新上
西南
民水民电",1602.0,111343
罗湖,黄贝岭,深业东岭花园（一期）,3.0,2.0,85.83,498,58021,435.0,深业东岭 满五唯一，税费优惠，节省购房资金,"近地铁
新上
西北
民水民电",448.2,52219
宝安,宝安中心区,金泓凯旋城,2.0,2.0,79.0,680,86075,352.0,金泓凯旋城花园.园林绿化高.小区环境户型非常好.住家舒适急卖,"近地铁
新上
东北
民水民电",612.0,77468
罗湖,莲塘,鹏兴花园（二期）,4.0,2.0,210.64,1120,53171,238.0,精装修大复式看房方便价格好沟通户型实用,"近地铁
新上
南
民水民电",1008.0,47854
罗湖,黄贝岭,深业东岭花园（二期）,3.0,2.0,87.59,650,74209,435.0,【新上房源 满两年 税费少 配套完善 业主诚心放卖,"近地铁
新上
西北
民水民电",585.0,66788
宝安,宝安中心区,金泓凯旋城,2.0,2.0,79.11,700,88484,352.0,金泓凯旋城.商业配套齐全.户型方正装修豪华.住家舒适.急卖,"近地铁
新上
东北
民水民电",630.0,79636
福田,梅林,四季山水花园,3.0,2.0,158.96,1288,81026,624.0,福田新世界四季山水花园精装南北通三房诚心出售,"近地铁
新上
南北通
民水民电",1159.2,72923
福田,石厦,宝生Midtown,3.0,2.0,114.0,1450,127192,395.0,福田次新宝生大三房 双阳台视野景观好 车位充足双地铁使用率高,"近地铁
新上
东北
民水民电",1305.0,114473
罗湖,翠竹,泊林花园,1.0,1.0,46.7,230,49250,334.0,泊林花园，水贝商圈，花园小区，户型方正，东南向，价格可谈,"近地铁
南
民水民电
电梯房",207.0,44325
宝安,碧海,碧海富通城（三期）,4.0,3.0,102.0,630,61764,942.0,好房推荐，碧海富通城三期，102平方4房，诚心出售，看房方便,"近地铁
新上
民水民电
电梯房",567.0,55588
盐田,盐田港,佳兆业山海苑,3.0,1.0,83.0,260,31325,725.0,新放盘！佳兆业山海苑 精装修三房 高楼层 看山海景观,"近地铁
新上
南
民水民电",234.0,28192
龙华,深圳北站,圣莫丽斯花园（一期）,5.0,2.0,307.09,3500,113973,,圣莫丽斯五房别墅，精装，南北向，带花园和私家车库,"新上
南北通
民水民电
拎包入住",3150.0,102576
福田,香蜜湖,安峦公馆,4.0,2.0,126.0,1999,158650,70.0,安峦公馆南北通透4房，精装修，安静，带红岭实-验小加深高中,"近地铁
新上
南
民水民电",1799.1,142785
龙华,上塘,潜龙曼海宁花园（南区）,3.0,2.0,88.0,446,50681,408.0,曼海宁优质3房，配套齐全,"近地铁
新上
南北通
民水民电",401.4,45613
福田,福田口岸,金地名津,3.0,2.0,93.33,520,55716,353.0,福田口岸 三房 南北通透 近地铁 装修好 中间楼层 采光好,"近地铁
新上
东
民水民电",468.0,50144
宝安,西乡,圣淘沙,4.0,2.0,115.85,960,82865,210.0,双地铁物业 诚心出售 看房方便 价格可谈,"近地铁
新上
南北通
民水民电",864.0,74578
南山,前海,泛海拉菲花园（二期）,4.0,2.0,131.0,1300,99236,201.0,可做5房 实用率超过百分百 泛海拉菲花园二期,"近地铁
新上
南北通
民水民电",1170.0,89312
盐田,沙头角,倚山花园（一期）,5.0,2.0,262.88,2500,95100,657.0,地中海风格独栋别墅，上下三层，精装修，带前后私家花园,"近地铁
新上
南
民水民电",2250.0,85590
龙华,深圳北站,圣莫丽斯花园（三期）,4.0,2.0,167.0,1280,76646,,圣莫丽斯三期，新上朝南四房，大阳台，诚心出售，价格空间大,"新上
南
民水民电
电梯房",1152.0,68981
福田,香蜜湖,东海国际公寓,2.0,2.0,140.0,920,65714,409.0,东海国际公寓，2房，视野开阔，景观好，租客在住，急卖,"近地铁
新上
北
民水民电",828.0,59143
南山,华侨城,香山美墅果岭,3.0,2.0,166.0,2100,126506,,香山美墅果岭通透南向大四房精装保养好，看房方便，价格好谈,"南北通
民水民电
电梯房
拎包入住",1890.0,113855
福田,香蜜湖,香域中央花园,3.0,2.0,147.78,2600,175937,216.0,香域业主急卖房源，高楼层景观好，看房很方便,"近地铁
新上
东西通
民水民电",2340.0,158343
福田,宝安南,鸿翔花园,3.0,2.0,98.24,750,76343,299.0,小区占地面积43666平米，合计2138户分两期开发,"近地铁
新上
东北
民水民电",675.0,68709
罗湖,黄贝岭,深业东岭花园（二期）,2.0,2.0,70.0,460,65714,435.0,深业东岭二期东南朝向高层 满五税少 翠园本部未 用业主急售,"近地铁
新上
东南
民水民电",414.0,59143
宝安,新安,中粮大悦城,4.0,2.0,120.0,1300,108333,494.0,宝中4房急售，看房方便,"近地铁
新上
东南
民水民电",1170.0,97500
南山,后海,蔚蓝海岸社区二期,3.0,2.0,111.45,980,87931,226.0,粤海街道人才公园旁蔚蓝海岸二期东南向大阳台三房，看海景视野,"近地铁
新上
东南
民水民电",882.0,79138
罗湖,翠竹,愉天小区,1.0,1.0,41.0,440,107317,335.0,小区由7栋楼梯房组成，共7层，开发商为愉天地产，总户数124,"近地铁
新上
南北通
民水民电",396.0,96585
福田,福田中心区,黄埔雅苑（一期翠悠园）,4.0,2.0,157.0,1400,89171,270.0,黄埔雅苑主推四房，诚心出售，价格好谈,"近地铁
新上
西南
民水民电",1260.0,80254
福田,保税区,福源花园三期,1.0,1.0,35.31,240,67969,916.0,福源花园三期小户型业主诚售，带电梯价格可谈,"近地铁
新上
北
民水民电",216.0,61172
宝安,桃源居,桃源居世外桃源,4.0,2.0,57.0,190,33333,387.0,桃源居复式房，业主急卖，价格空间大，地铁口物业,"满二年
近地铁
新上
南",171.0,30000
罗湖,莲塘,鹏兴花园（一期）,2.0,2.0,78.81,298,37812,233.0,鹏兴花园一期新上架笋盘，业主诚心出售，看房随时都可以安排,"近地铁
新上
南
民水民电",268.2,34031
南山,前海,泛海拉菲花园（一期）,5.0,3.0,219.5,3000,136674,233.0,使用超过400平方米 泛海拉菲别墅,"近地铁
新上
南
民水民电",2700.0,123007
福田,百花,长城大厦(二花园),3.0,2.0,103.2,800,77519,442.0,福田城芯读双名教學，满二年税费少，看房探底价私我帮您找房,"近地铁
新上
南北通
民水民电",720.0,69767
福田,香蜜湖,海德园,4.0,2.0,144.0,2000,138888,,香蜜湖安托山四房出售小区性价一套房源  红本 满2年 税费少,"南
民水民电
电梯房
有钥匙",1800.0,124999
南山,后海,蔚蓝海岸社区三期,2.0,2.0,82.19,980,119235,293.0,蔚蓝三期，厅出阳台看深圳湾景观，精装两房拎包入住,"近地铁
新上
东南
民水民电",882.0,107312
盐田,盐田港,南方明珠花园A区（一期）,2.0,1.0,50.0,110,22000,,小区位于盐田区东海大道,"新上
南
民水民电
拎包入住",99.0,19800
南山,后海,蔚蓝海岸社区二期,3.0,2.0,111.91,1050,93825,226.0,蔚蓝海岸二期精装3房价格可谈,"近地铁
新上
东南
民水民电",945.0,84442
南山,前海,汉京确悦,3.0,2.0,76.0,580,76315,132.0,装修才一年多，可以直接拎包入住,"满二年
近地铁
新上
西南",522.0,68684
南山,蛇口,半岛城邦花园一期,4.0,2.0,165.0,2400,145454,653.0,海上世界一线临海全景观，凤凰楼层，满五年，诚售仅1688万,"近地铁
新上
民水民电
电梯房",2160.0,130909
盐田,盐田港,东海丽景花园（二期）,1.0,,28.9,108,37370,,东海道与明珠大道交汇处,"新上
南
民水民电
电梯房",97.2,33633
宝安,沙井,西荟城（三期）,2.0,2.0,68.49,350,51102,965.0,户型方正，双龙抱珠，居住舒适,"近地铁
西南
民水民电
电梯房",315.0,45992
南山,后海,蔚蓝海岸社区首期,2.0,2.0,71.02,780,109828,113.0,蔚蓝海岸首期，全新装修南向两房，看房方便,"近地铁
新上
西南
民水民电",702.0,98845
龙岗,布吉,信义金御半山·珑门,3.0,2.0,109.0,470,43119,,信义金御半山 满五年 精装修  高楼层,"新上
南
民水民电
电梯房",423.0,38807
盐田,沙头角,鹏瑞南区尚府,3.0,2.0,89.0,390,43820,,房子诚心出售，价格可以商量，看房方便,"满二年
新上
东
民水民电",351.0,39438
南山,后海,蔚蓝海岸社区首期,3.0,2.0,88.7,860,96956,113.0,蔚蓝海岸南向三房，通透户型，视野开阔,"满二年
近地铁
新上
南北通",774.0,87260
福田,石厦,共和世家,6.0,3.0,283.0,1990,70318,49.0,自带星空天台花园稀罕叠墅中空复式公园旁边中海物业,"近地铁
新上
南北通
民水民电",1791.0,63286
宝安,沙井,西荟城（二期）,3.0,2.0,89.0,350,39325,970.0,西荟城精装三房两卫业主急售配套齐全,"近地铁
南
民水民电
电梯房",315.0,35392
南山,蛇口,南海玫瑰园（二期）,5.0,2.0,217.0,3350,154377,446.0,南海玫瑰二期 上下三层带有大露台户型在售 价格有空间,"近地铁
新上
南
民水民电",3015.0,138939
龙岗,布吉,信义金御半山·珑门,3.0,2.0,109.0,488,44770,,南北通透清水房三房两厅大阳台业主诚心出售,"新上
南北通
民水民电
电梯房",439.2,40293
宝安,宝安中心区,天健时尚空间名苑,2.0,1.0,35.23,400,113539,400.0,宝中摩天轮附近天健时尚空间2房精装诚心出售,"近地铁
新上
东
民水民电",360.0,102185
宝安,新安,宝河大厦,4.0,2.0,115.0,499,43391,270.0,宝河大厦通透大四房499万业主诚意出售,"近地铁
东南
民水民电
电梯房",449.1,39052
罗湖,翠竹,益田御龙天地华府一期,3.0,2.0,107.25,700,65268,,业主诚意出，户型方正朝南，大三房两厅双卫，深耕小区，欢迎咨询,"西南
民水民电
电梯房
有钥匙",630.0,58741
罗湖,翠竹,虹楼,1.0,1.0,48.0,108,22500,173.0,地铁口带翠竹书包房总低价，业主急售，价钱找我有惊喜！,"近地铁
新上
南
民水民电",97.2,20250
宝安,新安,宝民花园(二十四区商住楼),3.0,2.0,87.7,330,37628,622.0,大悦城旁带150多平私家露台总价330万,"近地铁
新上
东
民水民电",297.0,33865
福田,香蜜湖,锦庐花园,3.0,2.0,87.0,1198,137701,224.0,锦庐花园实用3房，装修保养非常好，业主急卖，价好谈带车位,"近地铁
新上
北
民水民电",1078.2,123931
盐田,盐田港,佳兆业一期御景佳园,3.0,2.0,89.0,295,33146,,佳兆业一期御景精装修大三房中间楼层,"新上
南
民水民电
电梯房",265.5,29831
盐田,沙头角,海都花园,2.0,2.0,90.5,300,33149,165.0,海都花园新上架房源，业主诚心出售，看房随时都可以安排,"近地铁
新上
南
民水民电",270.0,29834
罗湖,翠竹,益田御龙天地华府一期,3.0,2.0,96.0,680,70833,,自带12万方商业 业主诚心出售 23年次新房 翠竹地铁口,"西南
民水民电
电梯房
有钥匙",612.0,63750
南山,后海,蔚蓝海岸社区三期,4.0,2.0,161.8,1850,114338,293.0,老客户换房急售华润云玺旁，蔚蓝海岸三期一梯一户四房，景观安静,"近地铁
新上
南北通
民水民电",1665.0,102904
盐田,沙头角,东部翠海轩,2.0,1.0,61.73,190,30779,843.0,东部翠海轩  小高层 朝南两房  精装通透  采光好看房方便,"近地铁
新上
东南
民水民电",171.0,27701
盐田,盐田港,佳兆业二期御景佳园,3.0,2.0,89.0,290,32584,,次新小区，精装修，高楼层，户型方正朝南,"新上
南
民水民电
电梯房",261.0,29326
福田,百花,长安花园,3.0,2.0,103.0,730,70873,437.0,福田城芯双名教學满二年税费少 看房 探底价私信帮您置好物,"近地铁
新上
东北
民水民电",657.0,63786
福田,香蜜湖,海德园,4.0,2.0,195.0,2790,143076,,香蜜湖，次新房，两梯两户，南北通透，户型非常大气,"南
民水民电
电梯房
有钥匙",2511.0,128768
龙华,龙华中心,福景花园,2.0,2.0,68.81,190,27612,392.0,龙华地铁口，实用2房。诚心出售，看房有钥匙,"近地铁
新上
西北
民水民电",171.0,24851
南山,后海,蔚蓝海岸社区四期,2.0,2.0,78.41,698,89019,527.0,蔚蓝海岸四期业主诚心出售看房方便价格惊喜,"近地铁
新上
东南
民水民电",628.2,80117
宝安,西乡,大益广场,2.0,1.0,83.0,400,48192,846.0,大益广场，83平方2房，位置好，诚心卖，看房方便,"近地铁
新上
南
民水民电",360.0,43373
南山,深圳湾,三湘海尚花园一期,4.0,2.0,207.75,3598,173188,727.0,新出三湘海尚，高楼层海景208，人才公园景观和后海城市景观,"近地铁
新上
南北通
民水民电",3238.2,155869
宝安,桃源居,润科华府（一期）,3.0,2.0,89.87,350,38945,844.0,润科华府  安静朝南三房  地铁口  住家选择,"近地铁
南
民水民电
电梯房",315.0,35050
龙华,上塘,中海汇德理花园,3.0,2.0,81.36,490,60226,,上塘汇德理精装3房笋盘，通透户型,"满二年
新上
东
民水民电",441.0,54203
南山,深圳湾,太古城花园（北区一期）,3.0,2.0,118.98,1860,156328,202.0,地铁口宝能太古城业主诚心卖价格可以谈,"近地铁
新上
东南
民水民电",1674.0,140695
福田,香蜜湖,香格丽苑,4.0,2.0,138.0,1699,123115,180.0,全新装修未住小区中间南向4房,"近地铁
南
民水民电
电梯房",1529.1,110804
南山,蛇口,半岛城邦花园一期,3.0,2.0,121.8,1460,119868,653.0,海滨公园半岛城邦花园一期小高层诚心出售,"近地铁
新上
东南
民水民电",1314.0,107881
宝安,碧海,圣源华庭,3.0,2.0,80.44,505,62779,592.0,好房推荐圣源华庭高楼层采光好诚心出售看房方便,"近地铁
新上
东南
民水民电",454.5,56501
南山,蛇口,桂园住宅楼二区,3.0,2.0,80.76,568,70331,803.0,桂园小区，南北通透，中间楼层，位置佳，装修好，满五，育才三中,"近地铁
南北通
民水民电
精装修",511.2,63298
南山,蛇口,四海公寓,2.0,2.0,60.94,500,82047,757.0,南山蛇口四海公园旁高赠送四海公寓住宅楼豪华装修业主诚心出售,"近地铁
新上
东
民水民电",450.0,73842
福田,福田口岸,天泽花园,3.0,1.0,90.0,500,55555,107.0,89平大三房.实用率很高.客厅阳台都很大.视野开阔有485的,"近地铁
新上
东
民水民电",450.0,50000
福田,香蜜湖,海德园,3.0,2.0,89.0,1380,155056,,当年排队摇号的日光盘，海德园88平，三房，业主换大房急卖,"新上
南
民水民电
电梯房",1242.0,139550
南山,蛇口,雍景湾花园,4.0,2.0,157.16,1990,126622,787.0,，大南山蛇口全景东南向通透户型前后无遮挡雍景湾花园二小二中,"近地铁
新上
南
民水民电",1791.0,113960
宝安,沙井,嘉富宝禧花园,3.0,2.0,97.78,430,43976,,业主寄卖嘉富宝禧近马安山站中新路旁万丰医院海岸城精装修拎包住,"南
民水民电
电梯房
拎包入住",387.0,39578
福田,景田,缇香名苑,3.0,2.0,96.0,830,86458,74.0,小水榭花都户型设计好，实用率高，东南向大阳台地铁口价格超实惠,"近地铁
东
民水民电
精装修",747.0,77812
罗湖,翠竹,华丽园,3.0,2.0,113.0,750,66371,358.0,临近地铁，随时看房，交通便利，采光好,"近地铁
东南
民水民电
电梯房",675.0,59734
南山,华侨城,侨城馨苑,2.0,2.0,76.78,418,54441,,华侨城2房推荐,"新上
东南
民水民电
电梯房",376.2,48997
福田,香蜜湖,万科瑧山府(三期),4.0,2.0,178.0,2580,144943,101.0,香蜜湖次新房业主诚心出安静看小区园林,"近地铁
南北通
民水民电
电梯房",2322.0,130449
罗湖,新秀,东方都会大厦,1.0,,31.84,130,40829,633.0,自家亲戚房子，只讲价格，不用讲道理，有兴趣来聊,"近地铁
东
民水民电
电梯房",117.0,36746
福田,香蜜湖,锦庐花园,6.0,2.0,183.0,4500,245901,224.0,锦庐花园六房复式，精装，南北向，上下共三层，户型好，视野开阔,"近地铁
新上
东南
民水民电",4050.0,221311
盐田,盐田港,东港印象家园,4.0,2.0,117.91,380,32227,,地铁口物业，大社区看房方便，4房,"新上
南
民水民电
电梯房",342.0,29004
福田,保税区,朗庭豪园,2.0,2.0,72.23,390,53994,848.0,朗庭豪园，诚心出售，价格可谈,"近地铁
新上
北
民水民电",351.0,48595
福田,百花,长怡花园,4.0,2.0,158.66,1800,113450,298.0,百花深实双加持，近多条地铁，周边配套成熟。,"近地铁
东南
民水民电
拎包入住",1620.0,102105
盐田,沙头角,盛世名门家园,2.0,2.0,71.13,230,32335,198.0,口岸大2房，看房方便，装修保养不错,"近地铁
新上
北
民水民电",207.0,29102
罗湖,翠竹,德弘天下华府,3.0,1.0,76.43,570,74578,450.0,翠竹公园，洪湖公园，深圳，华润万佳,"近地铁
新上
西南
民水民电",513.0,67120
盐田,沙头角,半山悦海,3.0,2.0,82.0,330,40243,858.0,次新房。诚心出售、看房方便。产权清晰。高层南向。半山悦海,"满二年
近地铁
新上
西南",297.0,36219
宝安,新安,中粮天悦壹号,3.0,2.0,89.0,740,83146,669.0,中粮天悦壹号 次新小区 双地铁口南北通透三房 只需契税诚售,"近地铁
新上
南北通
民水民电",666.0,74831
宝安,宝安中心区,云玺锦庭,3.0,2.0,119.0,1598,134285,173.0,一号线地铁口无缝对接云玺锦庭高层精装大三房业主诚心卖,"近地铁
西南
民水民电
电梯房",1438.2,120856
罗湖,万象城,都市名园,2.0,2.0,63.53,350,55092,230.0,都市名园 精装修2房出售 厅出阳台 红本,"近地铁
新上
西
民水民电",315.0,49583
龙岗,龙岗中心城,天健现代城,4.0,2.0,140.0,630,45000,306.0,公园周边长廊式花园绿化率高板式大宅两梯两户南北通透优雅舒适,"近地铁
新上
东南
民水民电",567.0,40500
南山,华侨城,首地容御花园,2.0,2.0,89.0,810,91011,,首地容御安静精装南向通透大两房，业主诚意出售，看房方便,"新上
南
民水民电
电梯房",729.0,81910
福田,保税区,帝港海湾豪园,2.0,2.0,64.91,400,61623,887.0,帝港海湾豪园，精装两房，价格可谈,"近地铁
新上
北
民水民电",360.0,55461
福田,保税区,红树绿洲,2.0,2.0,59.12,348,58863,789.0,福保次新小两房业主急售，价格好谈,"满二年
近地铁
新上
西北",313.2,52977
龙岗,布吉,万科红（四期万科红悦花园）,2.0,1.0,77.56,400,51572,407.0,万科红四期 满五年 东南向  精装修  高楼层,"近地铁
新上
南
民水民电",360.0,46415
罗湖,莲塘,仙桐御景家园,3.0,2.0,96.39,409,42431,375.0,深港通勤地铁2站达  莲塘芯全配套,"近地铁
新上
西南
民水民电",368.1,38188
罗湖,黄贝岭,怡景花园,2.0,2.0,58.88,260,44157,616.0,怡景花园新上中间楼层业主换房急售看房方便红本在手议价空间大,"近地铁
新上
南
民水民电",234.0,39741
盐田,盐田港,佳兆业二期御景佳园,3.0,2.0,89.0,368,41348,,佳兆业二期御景佳园南北通透3房2卫,"新上
南北通
民水民电
电梯房",331.2,37213
罗湖,布心,观山嘉苑,3.0,2.0,96.02,380,39575,344.0,罗湖次新房精装修30w地铁口，好出租买过来不用装修了,"近地铁
新上
南北通
民水民电",342.0,35618
宝安,宝安中心区,润恒御园,8.0,3.0,348.63,8600,246679,382.0,湾区核心宝中纯粹别墅，出门享前海千亿配套，高拓展,"近地铁
新上
南
民水民电",7740.0,222011
宝安,宝安中心区,深航假日名居,3.0,2.0,120.0,850,70833,849.0,高层视野，实用率百份百，湾区核心，优质师资，出门享千亿配套,"近地铁
新上
南
民水民电",765.0,63750
龙岗,布吉,信义假日名城(三期菁华园),3.0,2.0,115.0,458,39826,484.0,小区绿化优美，华润万象汇、万科红生活广场、沃尔玛、康之乐超市,"近地铁
新上
南北通
民水民电",412.2,35843
盐田,盐田港,东港印象家园,4.0,2.0,88.7,360,40586,,东港印象，南北通透，小高层，高赠送，电梯房，精装修4房,"东南
民水民电
电梯房
拎包入住",324.0,36527
宝安,宝安中心区,新锦安海纳公馆,3.0,2.0,89.52,928,103663,569.0,宝安中区黄金甲岸路上阳光温馨好房欢迎您！！,"近地铁
东南
民水民电
电梯房",835.2,93297
福田,香蜜湖,深业中城,4.0,2.0,185.22,3660,197602,557.0,次新小区 深业中城 高层视野好 看香蜜公园 急卖价格可谈,"近地铁
南北通
民水民电
电梯房",3294.0,177842
福田,石厦,缔馨园,2.0,2.0,61.79,520,84156,288.0,业主急卖缔馨园 石厦中小书包未占用 诚心出售  看中好谈,"满二年
近地铁
新上
东南",468.0,75740
南山,前海,香格名苑,4.0,2.0,149.0,1080,72483,,香格名苑紧邻“前海深港现代服务业合区,"民水民电
精装修",972.0,65235
福田,百花,国城花园,4.0,2.0,127.0,1380,108661,260.0,福田城芯读双名助教学 满二年看房 探底价私我助您置好物,"满二年
近地铁
新上
西南",1242.0,97795
罗湖,莲塘,御庭轩,3.0,2.0,139.71,696,49817,140.0,地铁口  背靠梧桐山   别墅区  小洋房共享配套,"近地铁
南北通
民水民电
电梯房",626.4,44835
南山,蛇口,临海揽山御园,3.0,2.0,116.0,1270,109482,,蛇口临海揽山 背山面海全屋新装修三房拎包住,"新上
南
民水民电
电梯房",1143.0,98534
宝安,沙井,西荟城（一期）,4.0,2.0,150.64,538,35714,827.0,沙井西荟城，大面积4房，南北通透，配套齐全，装修漂亮,"近地铁
南北通
民水民电
电梯房",484.2,32143
宝安,新安,福城新纪元,1.0,1.0,32.89,120,36485,746.0,安静朝向，通燃气带阳台，视野好，精装修拎包入住,"近地铁
新上
东北
民水民电",108.0,32836
罗湖,布心,观山盛苑,3.0,2.0,101.0,420,41584,944.0,花园式小区，环境好，周边配套齐全，适合居家,"近地铁
新上
东北
民水民电",378.0,37426
宝安,碧海,幸福港湾御品居,5.0,2.0,122.0,850,69672,907.0,幸福港湾花园.周边配套齐全.地段好.户型方正南北通透住家舒适,"近地铁
新上
南
民水民电",765.0,62705
福田,莲花,深业上城,4.0,2.0,278.2,2488,89432,465.0,深业上城高端公寓东座278平南北通透四房诚意出售,"近地铁
新上
南北通
民水民电",2239.2,80489
福田,莲花,莲花一村,2.0,2.0,75.92,550,72444,527.0,莲花一村，新上两房，南北通透，楼层好，业主诚心出售,"近地铁
新上
南北通
民水民电",495.0,65200
龙岗,布吉,信义金御半山·珑门,3.0,2.0,104.72,480,45836,,信义金御半山珑门 业主480可以卖 朝正南 诚心出,"东南
民水民电
电梯房",432.0,41252
盐田,盐田港,山海四季城,3.0,2.0,75.2,290,38563,,山海四季城 精装修大三房 低于市场价出售 看房方便,"满二年
新上
南
民水民电",261.0,34707
宝安,新安,中粮大悦城,4.0,3.0,224.0,1900,84821,494.0,3房户型 通风采光好 使用率高 配套成熟 价格可谈,"近地铁
东南
民水民电
电梯房",1710.0,76339
福田,莲花,深业上城,3.0,2.0,228.29,1880,82351,465.0,莲花山下 深业上城高端总裁行政大平层230平诚售,"近地铁
新上
南北通
民水民电",1692.0,74116
罗湖,万象城,都市名园,1.0,1.0,49.19,210,42691,230.0,罗湖城芯读双名教學满二年看房 探底价私信我助您置好物,"满二年
近地铁
新上
东南",189.0,38422
福田,福田中心区,中心天元,4.0,3.0,382.99,5500,143606,366.0,T7高层大平层出售，南北通的户型，随时可以看房，,"近地铁
南北通
民水民电
电梯房",4950.0,129245
福田,福田中心区,中心天元,3.0,2.0,270.0,3000,111111,366.0,福田CBD大平层总裁公寓，俯瞰公园全景，视野开阔无遮挡，豪装,"近地铁
新上
东西通
民水民电",2700.0,100000
福田,福田中心区,中心天元,4.0,2.0,313.0,4200,134185,366.0,福田CBD豪装大平层住宅，次新小区高端品质，圈层纯粹,"近地铁
南
民水民电
电梯房",3780.0,120766
宝安,新安,创业一村,3.0,2.0,101.43,516,50872,370.0,创业一村 双地铁口 精装三房 只需契税 业主诚心出售,"近地铁
新上
东南
民水民电",464.4,45785
龙华,龙华中心,福景花园,2.0,2.0,65.78,190,28884,392.0,配套齐全，诚意出售，近地铁站，看房方便,"近地铁
南
民水民电
拎包入住",171.0,25996
福田,景田,天健天骄北庐,3.0,2.0,123.0,1428,116097,,天健天骄北庐，全新装修三房，南北通透，次新房，车位足,"南
民水民电
电梯房
拎包入住",1285.2,104487
南山,蛇口,紫园,6.0,3.0,288.85,6500,225030,426.0,使用约1000平 安静尊贵  紫园 前海半山,"近地铁
新上
东南
民水民电",5850.0,202527
罗湖,水库,阳光绿地家园,1.0,1.0,38.99,220,56424,648.0,业主急卖 现在将100个出手,"近地铁
西南
民水民电
带家电",198.0,50782
福田,景田,天健天骄北庐,3.0,2.0,122.0,1550,127049,,天健天骄北庐，南北通三房，次新房，户型好，价格可谈,"新上
北
民水民电
电梯房",1395.0,114344
福田,福田中心区,中心天元,5.0,2.0,540.6,7800,144284,366.0,福田CBD大平层住宅，一层一户带私家泳池，视野开阔，灯光秀景,"近地铁
新上
南
民水民电",7020.0,129856
宝安,碧海,幸福港湾尚品居,2.0,2.0,65.0,580,89230,877.0,碧海幸福港湾两房业主诚意出售价格可以谈的交通购物便利,"近地铁
新上
西南
民水民电",522.0,80307
福田,香蜜湖,合正置地大厦,2.0,2.0,95.0,1500,157894,440.0,香蜜湖安托山三房出售  业主急卖  地铁口物业 价格好谈,"近地铁
南
民水民电
电梯房",1350.0,142105
南山,蛇口,紫园,5.0,3.0,249.0,3580,143775,426.0,适用超过500平方米 装修保养好 紫园,"近地铁
新上
南
民水民电",3222.0,129398
福田,水围,嘉意台,2.0,2.0,80.0,400,50000,332.0,嘉意台，精装两房，价格可谈,"近地铁
新上
北
民水民电",360.0,45000
宝安,宝安中心区,新锦安海纳公馆,3.0,2.0,89.0,1100,123595,569.0,宝安中，海纳公馆，地铁口，8平93房2卫,"近地铁
新上
东南
民水民电",990.0,111236
南山,蛇口,紫园,9.0,5.0,277.6,6000,216138,426.0,使用面积约600平方米 奢华装修 紫园 前海半山 四面环山,"近地铁
新上
南北通
民水民电",5400.0,194524
龙华,龙华中心,中环花园,3.0,2.0,94.13,350,37182,258.0,地铁四号线100m精装修3房换房急卖,"近地铁
东南
民水民电
精装修",315.0,33464
盐田,沙头角,东部阳光,3.0,2.0,125.0,380,30400,,8号线地铁口旁，电梯小高层，跃式大三房,"新上
西南
民水民电
电梯房",342.0,27360
福田,保税区,华尔登府邸,3.0,2.0,155.97,790,50650,744.0,加福广场，住宅，高楼层。价格可谈,"近地铁
西南
民水民电
电梯房",711.0,45585
盐田,沙头角,东部阳光,4.0,2.0,153.9,550,35737,,沙头角地铁口物业跃式,"西南
民水民电
电梯房",495.0,32163
福田,香蜜湖,香蜜湖瀚城,4.0,2.0,136.44,1500,109938,456.0,使用率高，送两个房间，南北通透，景观好,"近地铁
南
民水民电
电梯房",1350.0,98944
宝安,翻身,富华花园,3.0,2.0,95.4,550,57651,836.0,近地的，近商场，诚心卖，看房方便,"近地铁
新上
东南
民水民电",495.0,51886
宝安,西乡,富通蟠龙居,2.0,2.0,71.0,527,74225,707.0,近地铁，近商场，看房方便,"近地铁
新上
西南
民水民电",474.3,66802
盐田,盐田港,倚山时代,2.0,2.0,33.37,150,44950,,倚山时代 原装大两房 高楼层 带20平私人露台,"东北
民水民电
电梯房
精装修",135.0,40455
罗湖,莲塘,四季御园（新世界四季御园）,3.0,2.0,80.2,450,56109,340.0,新世界四季御园位于深圳市罗湖区莲塘片区西侧,"近地铁
新上
南
民水民电",405.0,50498
罗湖,莲塘,兰亭国际,3.0,2.0,146.35,800,54663,177.0,莲塘口岸大四房精装高层,"近地铁
新上
南
民水民电",720.0,49197
罗湖,翠竹,德弘天下华府,3.0,1.0,74.0,520,70270,450.0,新上笋盘，业主急售，深中，德弘天下，中间楼层，,"近地铁
新上
西北
民水民电",468.0,63243
福田,香蜜湖,万科瑧山府(三期),4.0,2.0,178.0,4000,224719,101.0,万科香蜜府，新上高层南北通4+1房，视野开阔，价格可谈,"近地铁
新上
南北通
民水民电",3600.0,202247
罗湖,黄贝岭,景贝南,4.0,2.0,90.77,370,40762,367.0,景贝南园是高绿化低密度小区，24H全封闭式物业管家，周边健身,"近地铁
新上
南
民水民电",333.0,36686
福田,水围,福民新村,3.0,2.0,89.0,388,43595,271.0,"福民新村多层,楼层佳南北通透看房随时方便","近地铁
新上
南
民水民电",349.2,39236
盐田,沙头角,东和海韵园,3.0,2.0,94.8,450,47468,672.0,中英街内好房，看房方便，诚心卖,"近地铁
新上
东
民水民电",405.0,42721
盐田,沙头角,五十小区,1.0,,32.13,90,28011,799.0,地铁口精装好房，诚心出售，看房方便,"近地铁
新上
南
民水民电",81.0,25210
南山,前海,招商领玺家园,3.0,2.0,120.0,1199,99916,245.0,看房有钥匙空置状态,"近地铁
新上
东
民水民电",1079.1,89924
宝安,沙井,西荟城（三期）,3.0,2.0,76.67,380,49563,965.0,业主急卖西荟城近明珠综合市场京基百纳新沙天虹精装修朝向好,"近地铁
东北
民水民电
电梯房",342.0,44607
福田,保税区,帝涛豪园,2.0,2.0,72.0,450,62500,,诚心出售，价格可谈,"新上
西南
民水民电
电梯房",405.0,56250
罗湖,万象城,都市名园,2.0,1.0,64.0,410,64062,230.0,随时可以看房，住家安静，降价40万，费用少,"近地铁
南
民水民电
带家电",369.0,57656
龙华,龙华中心,壹成中心璞誉府,4.0,2.0,129.64,798,61555,,壹成11区129.64平中楼层朝向南,"新上
南
民水民电
电梯房",718.2,55400
罗湖,万象城,都市名园,4.0,2.0,120.0,500,41666,230.0,房产证在手，随时网签，迅速过户，节省资金,"近地铁
新上
民水民电
拎包入住",450.0,37499
罗湖,布心,观山祥苑,2.0,1.0,66.88,290,43361,654.0,罗湖次新房，业主有心卖，大花园社区，采光通透，谈价空间大,"近地铁
南
民水民电
电梯房",261.0,39025
罗湖,莲塘,合正锦园,3.0,2.0,125.0,610,48800,917.0,合正锦园，南北通透大三房，次顶楼，电梯小高层，东端头,"近地铁
南北通
民水民电
电梯房",549.0,43920
南山,蛇口,湾厦栖游记,2.0,2.0,74.7,660,88353,417.0,蛇口东角头地铁站2015年次新房花园小区次顶楼景观优美,"近地铁
新上
东南
民水民电",594.0,79518
南山,蛇口,雍景湾花园,2.0,1.0,53.0,595,112264,787.0,蛇口四海公园育才二小二中雍景灣花园小区小两房,"近地铁
新上
东
民水民电",535.5,101038
南山,后海,蔚蓝海岸社区二期,5.0,2.0,178.0,1700,95505,226.0,深圳湾云玺旁，蔚蓝海岸二期正南向高楼层双龙抱珠四房，视野开阔,"近地铁
新上
南
民水民电",1530.0,85954
南山,后海,招商名仕花园,2.0,2.0,80.81,628,77713,480.0,招商名仕，2房，诚心卖价格可谈,"近地铁
南北通
民水民电
带家私",565.2,69942
南山,蛇口,致远大厦,3.0,1.0,36.61,580,158426,330.0,深圳湾紫藤苑花园37平实用70平精装大3房，带35平私家花园,"近地铁
新上
东
民水民电",522.0,142583
南山,后海,深圳湾公馆,2.0,2.0,87.85,1280,145702,587.0,深圳湾公馆 诚心出售 价格可谈 看房方便,"近地铁
西
民水民电
电梯房",1152.0,131132
南山,蛇口,水湾壹玖柒玖,5.0,2.0,293.0,2500,85324,63.0,一手，精装大平层，高楼层看山海全景，价格2500万,"近地铁
新上
南
民水民电",2250.0,76792
南山,深圳湾,皇庭港湾花园(住宅),4.0,2.0,178.25,2088,117138,359.0,深圳湾海景双阳台大平层、小高层住家安静舒适，性价比优！,"近地铁
新上
南
民水民电",1879.2,105424
南山,深圳湾,颐安阅海台,2.0,2.0,60.0,850,141666,346.0,颐安阅海60平实用100平精装复式2加1房，南北通透带阳台,"近地铁
新上
南
民水民电",765.0,127499
南山,蛇口,雍景湾花园,3.0,2.0,89.01,1250,140433,787.0,招商雍景湾位于蛇口人文发源地四海公园东,"近地铁
新上
南
民水民电",1125.0,126390
南山,深圳湾,曦湾华府,3.0,2.0,89.93,1600,177916,419.0,曦湾华府、复式、近公园、价格可谈,"近地铁
新上
东北
民水民电",1440.0,160124
南山,蛇口,春树里,3.0,2.0,72.95,860,117888,291.0,春树里经典3房税费低性价比高,"近地铁
南
民水民电
电梯房",774.0,106099
罗湖,黄贝岭,深业东岭花园（二期）,2.0,2.0,71.0,440,61971,435.0,深业东岭二期精装修二房，业主诚售，翠园未用,"近地铁
新上
西北
民水民电",396.0,55774
罗湖,黄贝岭,深业东岭花园（一期）,1.0,1.0,42.0,247,58809,435.0,深业东岭一期荀盘，业主急售，红本满五年，翠园未用,"近地铁
新上
西
民水民电",222.3,52928
罗湖,翠竹,金翠园,3.0,2.0,86.87,770,88638,527.0,深中未用，金翠园荀盘，业主自住，随时看房，停车位充足,"近地铁
新上
南
民水民电",693.0,79774
罗湖,新秀,帝景台,3.0,2.0,88.0,550,62500,,帝景台端头位精装三房，南北通透，停车位充足，交通很快就方便了,"新上
南
民水民电
电梯房",495.0,56250
罗湖,新秀,名泰轩,2.0,2.0,59.34,290,48870,383.0,名泰轩通透二房，香港业主换房急售，南向通风好，价格好谈,"近地铁
新上
南
民水民电",261.0,43983
南山,蛇口,海上世界双玺花园二期,3.0,2.0,331.31,5880,177477,830.0,双玺，顶楼，05户型，一线海景，看房方便，诚意出售，便宜,"近地铁
新上
东北
民水民电",5292.0,159729
南山,蛇口,山海津,2.0,2.0,75.65,360,47587,343.0,山海津一线山海相连一站到海上世界商业繁华地段,"近地铁
新上
西南
民水民电",324.0,42828
南山,蛇口,四海公寓,2.0,2.0,66.0,460,69696,757.0,蛇口四海公园旁四海公寓大两房电梯业主诚心出售,"近地铁
东
民水民电
电梯房",414.0,62726
罗湖,黄贝岭,靖轩豪苑,2.0,2.0,73.0,460,63013,315.0,黄贝岭精装2房 次新房 带翠园 业主急卖 价格可谈,"近地铁
新上
南
民水民电",414.0,56712
罗湖,黄贝岭,靖轩豪苑,2.0,2.0,71.09,400,56266,315.0,靖轩豪苑精装二房，全屋欧式装修，地铁连廊，业主诚售,"近地铁
新上
东南
民水民电",360.0,50639
罗湖,莲塘,兰亭国际,3.0,2.0,133.0,660,49624,177.0,兰庭国际，精装修 交通便利 医疗配套成熟 近地铁,"近地铁
新上
北
民水民电",594.0,44662
罗湖,黄贝岭,深业东岭花园（二期）,3.0,2.0,105.65,788,74585,435.0,深业东岭花园二期 大三房住家装修 满五红本税费少 急售,"近地铁
新上
西北
民水民电",709.2,67126
宝安,新安,华联城市全景花园,4.0,2.0,178.6,1480,82866,303.0,华联城市全景次新房精装修南北通透板楼周边配套齐全,"近地铁
新上
南北通
民水民电",1332.0,74579
宝安,新安,华联城市全景花园,3.0,2.0,89.0,950,106741,303.0,华联城市全景精装修三房高楼层视野开阔豪华装修拎包入住,"近地铁
新上
西南
民水民电",855.0,96067
罗湖,新秀,安业花园,3.0,2.0,95.9,400,41710,375.0,安业花园 精装三房公园旁近莲塘口岸税费少,"近地铁
新上
东南
民水民电",360.0,37539
南山,蛇口,雍景湾花园,4.0,2.0,138.05,1880,136182,787.0,育才双书包、小区中间位置、南北通透、四海公园物业,"近地铁
新上
南
民水民电",1692.0,122564
南山,后海,蔚蓝海岸社区三期,4.0,2.0,158.16,1798,113682,293.0,老客户委托，蔚蓝海岸三期两梯两户四加一房，单数层少有放盘,"近地铁
新上
东西通
民水民电",1618.2,102314
南山,后海,蔚蓝海岸社区二期,3.0,2.0,109.52,1055,96329,226.0,蔚蓝海岸二期安静看花园泳池景观，三阳台，户型无浪费面积，税少,"近地铁
新上
西南
民水民电",949.5,86696
南山,蛇口,雍景湾花园,2.0,2.0,52.18,650,124568,787.0,雍景湾精装 2 房 育才二小二中为邻,"近地铁
新上
南
民水民电",585.0,112111
南山,蛇口,鲸山觐海,4.0,3.0,327.51,4500,137400,494.0,鲸山觐海毗邻太子湾千亿打造商圈中空复式,"近地铁
南北通
民水民电
电梯房",4050.0,123660
南山,蛇口,百花苑,2.0,2.0,88.29,510,57764,857.0,四海公园旁，精装大两房，双育才，诚心卖,"近地铁
南
民水民电
电梯房",459.0,51988
罗湖,黄贝岭,深业东岭花园（二期）,3.0,2.0,105.0,750,71428,435.0,翠园教学次新房，深业东岭二期105平方南向大三房，双地铁,"近地铁
新上
南
民水民电",675.0,64285
罗湖,黄贝岭,深业东岭花园（一期）,3.0,2.0,102.0,650,63725,435.0,深业东岭 大三房 地铁口 诚心售卖,"近地铁
新上
西北
民水民电",585.0,57352
罗湖,新秀,锦缘里嘉园,2.0,2.0,59.17,350,59151,410.0,锦缘里南向二房，业主换房急售，一手业主装修漂亮，看房随时方便,"近地铁
东南
民水民电
电梯房",315.0,53236
宝安,沙井,西荟城（一期）,3.0,2.0,86.31,320,37075,827.0,西荟城一期精装修三房保养好看房方便配套完善,"近地铁
南
民水民电
电梯房",288.0,33368
宝安,新安,勤诚达前海世界,2.0,2.0,79.86,780,97670,95.0,勤诚达三期精装修拎包入住双地铁周边商业配套齐全出行便利,"近地铁
南
民水民电
电梯房",702.0,87903
宝安,新安,佳华书苑雅阁,2.0,2.0,70.41,558,79250,678.0,佳华书苑同乐出口洪浪公园近地铁商业沃尔玛安静舒适,"近地铁
东南
民水民电
电梯房",502.2,71325
宝安,新安,宝民花园(二十四区商住楼),3.0,2.0,104.0,449,43173,622.0,宝民花园大悦城商业综合体精装修大三房拎包入住双地铁,"近地铁
南
民水民电
拎包入住",404.1,38856
南山,蛇口,雍景湾花园,4.0,2.0,138.05,1880,136182,787.0,客厅出阳台、看小区园林景观、闹中取静、出门到育才书包,"近地铁
新上
南
民水民电",1692.0,122564
南山,蛇口,雍景湾花园,2.0,2.0,82.01,900,109742,787.0,雍景湾 精装朝南大 2 房 育才二小二中为邻,"近地铁
新上
南
民水民电",810.0,98768
南山,蛇口,招东小区（二期）,3.0,2.0,111.0,580,52252,747.0,招东小区 带电梯南北通透大 3 房育才二小三中,"近地铁
新上
南
民水民电",522.0,47027
南山,蛇口,荔园小区,3.0,2.0,76.0,540,71052,197.0,荔园小区地铁口旁精装3房育才一小育才三中,"近地铁
南
民水民电
精装修",486.0,63947
南山,南油,深意公寓,1.0,1.0,44.47,270,60715,523.0,南山区地段位置佳交通便利商业配套齐全一房出售,"近地铁
南
民水民电
精装修",243.0,54644
宝安,新安,勤诚达22世纪二期,3.0,2.0,131.45,1580,120197,193.0,勤诚达大四房精装修拎包入住双地铁口周边配套齐全业主诚心卖,"近地铁
新上
南
民水民电",1422.0,108177
南山,蛇口,招商玺家园,5.0,2.0,425.0,8300,195294,324.0,425平，425平，招商玺家园，一线海，5房，便宜卖，随时看,"近地铁
新上
南
民水民电",7470.0,175765
宝安,新安,洪浪二村,3.0,2.0,73.0,325,44520,518.0,19区近地铁黄金楼层南北通透户型周边配套齐全看房方便,"近地铁
东南
民水民电",292.5,40068
南山,蛇口,雍景湾花园,2.0,1.0,52.2,628,120306,787.0,雍景湾 东南向精装 2 房育才二小育才二中,"近地铁
新上
东
民水民电",565.2,108275
南山,后海,蔚蓝海岸社区三期,5.0,3.0,256.94,3400,132326,293.0,新出蔚蓝海岸三期中空复带百平花园，满五红本视野开阔近人才公园,"近地铁
新上
南北通
民水民电",3060.0,119093
南山,蛇口,雍景湾花园,3.0,2.0,87.87,1149,130761,787.0,蛇口四海公园育才二小二中旁次新雍景湾花园三房业主诚心出售,"近地铁
新上
南
民水民电",1034.1,117685
南山,蛇口,四海公寓,3.0,2.0,86.93,900,103531,757.0,四海公寓，精装三房，带三个阳台，户型方正，采光好，安静舒适,"近地铁
西南
民水民电
电梯房",810.0,93178
南山,南油,福满园,3.0,2.0,96.2,568,59043,409.0,大门山脚下电梯三房福满园南北通业主诚心出售，精装修,"近地铁
西
民水民电
电梯房",511.2,53139
南山,南油,海晖大厦,2.0,2.0,75.17,400,53212,273.0,南山来福士广场，蛇口沃尔玛地铁9号12号线南油站二房诚心出售,"近地铁
新上
西南
民水民电",360.0,47891
罗湖,翠竹,合正荣悦,3.0,2.0,86.4,720,83333,410.0,合正荣悦，?坐拥静谧环境，翠竹外国语，功能齐全，二胎家庭福音,"近地铁
新上
东北
民水民电",648.0,75000
罗湖,黄贝岭,深业东岭花园（二期）,2.0,2.0,70.39,420,59667,435.0,【新上房源 满两年 税费少 配套完善 业主诚心放卖,"近地铁
新上
东南
民水民电",378.0,53700
罗湖,黄贝岭,深业东岭花园（二期）,2.0,2.0,70.0,435,62142,435.0,东岭二期东南向荀盘，业主血亏出售，价格可谈，带翠园本部,"近地铁
新上
东南
民水民电",391.5,55928
宝安,新安,勤诚达22世纪(和园),3.0,2.0,84.96,770,90630,220.0,业主诚心出售：勤诚达和园85平三房,"近地铁
新上
南
民水民电",693.0,81567
宝安,新安,丰华苑,2.0,1.0,77.72,550,70766,533.0,丰华苑品质小区周边配套齐全洪浪北地铁口海关大厦,"近地铁
新上
南
民水民电",495.0,63689
南山,南山中心区,创世纪滨海花园,4.0,2.0,134.63,900,66849,581.0,南山深大旁，人文社区创世纪滨海花园四房，保养好换大房诚售,"近地铁
南
民水民电
电梯房",810.0,60164
宝安,新安,勤诚达22世纪(和园),4.0,2.0,153.4,1350,88005,220.0,业主诚心出售,"近地铁
新上
东南
民水民电",1215.0,79204
罗湖,莲塘,曦龙山庄（二期）,4.0,2.0,150.49,690,45850,311.0,罗湖大四房置换好户型,"近地铁
东南
民水民电
电梯房",621.0,41265
宝安,新安,勤诚达22世纪(和园),3.0,2.0,89.89,890,99009,220.0,勤诚达次新房双地铁口灵芝公园中州华府大悦城商业综合体,"近地铁
新上
民水民电
电梯房",801.0,89108
宝安,沙井,嘉富宝禧花园,3.0,2.0,95.0,455,47894,,户型方正，精致装修，车位充足,"新上
南
民水民电
电梯房",409.5,43105
宝安,新安,勤诚达22世纪(和园),3.0,2.0,89.65,880,98159,220.0,业主诚心出售.此户型在小区里相当,"近地铁
新上
东南
民水民电",792.0,88343
南山,后海,广博星海华庭,3.0,2.0,95.0,900,94736,394.0,广博星海华庭，3房2厅，，诚心卖，看房随时,"近地铁
东北
民水民电
电梯房",810.0,85262
南山,蛇口,文竹园住宅楼,3.0,2.0,88.0,738,83863,702.0,蛇口花园社区，双育才书包，南北通透，住家舒适，价格有惊喜,"近地铁
南北通
民水民电
精装修",664.2,75477
南山,蛇口,四海公寓,1.0,,34.62,258,74523,757.0,四海公寓，精典小户型，通风采光好，安静舒适，近四海公园,"近地铁
南
民水民电
电梯房",232.2,67071
南山,蛇口,水湾小区,1.0,,31.78,300,94398,204.0,水湾小区，南北通透，精典小户型，近地铁口，育才一小三中，安静,"近地铁
南北通
民水民电
拎包入住",270.0,84958
罗湖,莲塘,四季御园（新世界四季御园）,3.0,2.0,83.33,460,55202,340.0,口岸楼上大三房看房方便价格好沟通,"近地铁
新上
南
民水民电",414.0,49682
罗湖,莲塘,鹏基工业区,1.0,1.0,31.0,77,24838,444.0,业主急卖，随时可以看房，居家首选，费用少,"近地铁
新上
南
民水民电",69.3,22354
罗湖,黄贝岭,集浩花园,2.0,1.0,67.43,360,53388,402.0,地铁2号5号7号线汇集地，附近沃尔玛，翠园本部书包，中高楼层,"近地铁
新上
南
民水民电",324.0,48049
宝安,新安,洪浪一村,3.0,2.0,91.3,530,58050,846.0,18区精装修大三房两卫黄金楼层近地铁公园业主诚心卖,"近地铁
新上
东南
民水民电",477.0,52245
宝安,新安,中洲中央公园,3.0,2.0,163.87,828,50527,430.0,中洲华府精装修三房双地铁口灵芝公园大悦城商业综合体,"近地铁
东北
民水民电
精装修",745.2,45474
宝安,新安,洪浪二村,2.0,2.0,86.0,380,44186,518.0,洪浪二村两房一厅业主诚心出售,"近地铁
民水民电",342.0,39767
宝安,沙井,博林君瑞,3.0,2.0,88.24,500,56663,,博林君瑞 精装大3房 邻海岸城山姆 价格可谈 价格大刀,"新上
西南
民水民电
电梯房",450.0,50997
南山,蛇口,雍景湾花园,2.0,2.0,82.0,950,115853,787.0,雍景湾花园，公园物业，大两房，通风采光好，诚心出售，看房方便,"近地铁
新上
南
民水民电",855.0,104268
南山,蛇口,雍景湾花园,3.0,2.0,88.0,1200,136363,787.0,雍景湾花园，客厅带阳台，户型方正，看泳池，安静，育才二小二中,"近地铁
新上
民水民电
电梯房",1080.0,122727
宝安,新安,勤诚达22世纪(和园),5.0,2.0,187.04,1980,105859,220.0,5房户型 户型方正 使用率高 费用少 近地铁 价格可谈,"近地铁
新上
南北通
民水民电",1782.0,95273
宝安,新安,勤诚达22世纪(和园),3.0,2.0,83.82,950,113338,220.0,3房户型 通风采光好 使用率高 配套成熟 价格可谈,"近地铁
新上
东
民水民电",855.0,102004
宝安,新安,新安湖花园（三期）,4.0,2.0,147.0,850,57823,425.0,新安湖三期新昆阁147平四房两厅业主诚心出售,"近地铁
新上
南
民水民电",765.0,52041
宝安,新安,勤诚达22世纪(和园),4.0,2.0,125.49,1080,86062,220.0,勤诚达和园126平四房两厅，精装修可拎包入住。业主诚心出售,"近地铁
新上
南
民水民电",972.0,77456
宝安,新安,华联城市全景花园,1.0,1.0,48.0,220,45833,303.0,华联城市全景48.55平一房一厅精装修，中间楼层业主诚心出售,"近地铁
新上
西南
民水民电",198.0,41250
宝安,新安,勤诚达22世纪(和园),3.0,2.0,84.94,780,91829,220.0,勤诚达85平三房两厅中间楼层精装修可拎包入住。业主诚心出售。,"近地铁
新上
东北
民水民电",702.0,82646
宝安,新安,勤诚达22世纪(和园),4.0,2.0,89.06,840,94318,220.0,勤诚达89平三房两厅精装修可拎包入住正东朝向业主诚心出售,"近地铁
新上
东
民水民电",756.0,84886
宝安,新安,勤诚达22世纪(和园),3.0,2.0,83.82,868,103555,220.0,勤诚达和园83.82平三房两厅精装修可拎包入住,"近地铁
北
民水民电
电梯房",781.2,93200
宝安,新安,华联城市全景花园,5.0,2.0,253.0,2580,101976,303.0,灵芝公园咫尺之间 双地铁物业便捷交通,"近地铁
新上
南
民水民电",2322.0,91778
宝安,新安,华联城市全景花园,5.0,2.0,253.0,2250,88932,303.0,5房户型 通风采光好 使用率高 配套成熟 价格可谈,"近地铁
新上
南北通
民水民电",2025.0,80039
宝安,松岗,中海西岸华府南区,3.0,2.0,86.23,280,32471,390.0,三地铁口物业装修保养好配套齐全,"近地铁
新上
东
民水民电",252.0,29224
宝安,沙井,中熙香莎公馆,3.0,2.0,88.8,455,51238,,中熙香莎公馆 精装修3房 近京基百纳 周边配套完善 业主诚售,"新上
南
民水民电
电梯房",409.5,46114
宝安,西乡,圣淘沙,4.0,2.0,118.24,918,77638,210.0,圣淘沙花园.新加坡园林风格.户型方正实用.地段好.住家舒适,"近地铁
新上
南
民水民电",826.2,69874
宝安,沙井,万科翡丽郡（一期）,4.0,2.0,127.0,450,35433,,万科翡丽郡大户型业主急卖看房方便中间楼层朝南户型方正税费少,"新上
南
民水民电
电梯房",405.0,31890
宝安,沙井,中熙香莎公馆,3.0,2.0,89.16,330,37012,,香莎公馆 精装大3房 保养好 近京基百纳 生活配套成熟 诚售,"新上
南
民水民电
电梯房",297.0,33311
宝安,沙井,拾悦城,4.0,2.0,111.0,480,43243,410.0,拾悦城业主诚心出手看房方便保养装修很好书包在,"近地铁
新上
东南
民水民电",432.0,38919
宝安,新安,中洲华府（二期）,3.0,2.0,126.64,1076,84965,353.0,中洲华府双龙抱珠户型业主诚心出手，价格有空间,"近地铁
新上
东南
民水民电",968.4,76468
宝安,新安,勤诚达22世纪(和园),3.0,2.0,89.98,900,100022,220.0,3房户型 通风采光好 使用率高 配套成熟 价格可谈,"近地铁
新上
东
民水民电",810.0,90020
南山,蛇口,湾厦栖游记,3.0,1.0,84.0,698,83095,417.0,蛇口东角头地铁口2015年次新房栖游家园三房总价6字头,"近地铁
新上
民水民电
电梯房",628.2,74786
南山,蛇口,海上世界双玺花园三期,5.0,2.0,425.08,9000,211724,564.0,425平，高层，425平，高层，425平，降价急卖，随时看,"近地铁
新上
西南
民水民电",8100.0,190552
南山,蛇口,雍景湾花园,4.0,2.0,178.0,2080,116853,787.0,雍景湾大平层少有放卖育才二小二中近四海公园业主急售,"近地铁
东南
民水民电
电梯房",1872.0,105168
南山,蛇口,雍景湾花园,4.0,2.0,178.0,2080,116853,787.0,雍景湾大四房两卫东南向育才二小二中车位足业主急售,"近地铁
南
民水民电
电梯房",1872.0,105168
南山,蛇口,金竹园大厦,2.0,1.0,78.53,450,57302,761.0,金竹园大厦，南北通，户型方正，安静舒适，近公园和育才二小二中,"近地铁
西
民水民电
精装修",405.0,51572
南山,蛇口,湾厦福园,3.0,2.0,135.55,900,66396,837.0,湾厦福园，舒适社区，客厅带阳台，户型方正，采光好，近育才二中,"近地铁
北
民水民电
电梯房",810.0,59756
南山,蛇口,四海公寓,2.0,2.0,62.0,500,80645,757.0,四海公寓，清爽装修，实用两房，通风采光好，出门是四海公园,"近地铁
民水民电
电梯房
精装修",450.0,72580
南山,蛇口,雍景湾花园,3.0,2.0,85.43,999,116937,787.0,雍景湾新上架精装3房育才二小二中为邻,"近地铁
新上
东
民水民电",899.1,105243
宝安,沙井,万科星城华府,3.0,2.0,79.38,305,38422,,万科星城小三房业主急卖书包在，满五税费少中间楼层朝南,"新上
南
民水民电
精装修",274.5,34580
宝安,沙井,保利达小行星,1.0,1.0,20.0,40,20000,,保利达小行星房子高楼层，采光好，价格可谈,"新上
南
民水民电
电梯房",36.0,18000
南山,蛇口,花园城五期,3.0,2.0,69.0,645,93478,203.0,蛇口核心区花园城五期精装3房地铁物业业主诚意出售,"近地铁
北
民水民电
拎包入住",580.5,84130
南山,蛇口,四海公寓,3.0,2.0,88.65,998,112577,757.0,四海公寓，南向三房，一层一户此户型，通风采光好，近四海公园,"近地铁
南
民水民电
电梯房",898.2,101319
南山,蛇口,海上世界双玺花园二期,5.0,2.0,335.0,7000,208955,830.0,01户型，高层降价急卖，看房，一线海景，看房方便，急卖5房,"近地铁
新上
东南
民水民电",6300.0,188060
南山,蛇口,海上世界双玺花园三期,5.0,3.0,422.0,8200,194312,564.0,425，B户型，一线海景，高层，东南，降价急卖，看房随时看,"近地铁
新上
东南
民水民电",7380.0,174881
南山,蛇口,四海公寓,1.0,1.0,39.92,360,90180,757.0,四海公寓，端头位，带外阳台，户型方正，采光好，可看公园景观,"近地铁
东
民水民电
电梯房",324.0,81162
宝安,新安,华联城市全景花园,4.0,2.0,141.76,1300,91704,303.0,华联城市全景精装修四房南北通户型看花园地铁口,"近地铁
新上
南北通
民水民电",1170.0,82534
宝安,新安,建安小学教师宿舍楼,3.0,2.0,90.7,430,47409,,建安教师楼，业主诚心出售,"西南
民水民电
带家私
精装修",387.0,42668
罗湖,莲塘,四季御园（新世界四季御园）,1.0,1.0,50.0,320,64000,340.0,新世界四季御园，精装1房，装修保养好，看房方便,"近地铁
新上
北
民水民电",288.0,57600
罗湖,莲塘,四季御园（新世界四季御园）,2.0,2.0,50.0,289,57800,340.0,四季御园 口岸物业 地铁口 户型方正 小两房 诚意出售,"近地铁
新上
民水民电
电梯房",260.1,52020
罗湖,黄贝岭,深业东岭花园（二期）,2.0,2.0,68.31,480,70267,435.0,深业东岭二期好房出现，东南向，中高层，看房方便，看完谈,"近地铁
新上
东南
民水民电",432.0,63240
罗湖,莲塘,四季御园（新世界四季御园）,1.0,1.0,49.53,300,60569,340.0,新世界四季御园周边配套成熟交通方便书包资源丰富,"近地铁
新上
北
民水民电",270.0,54512
宝安,新安,勤诚达前海世界,2.0,2.0,79.53,550,69156,95.0,宝中书包房，业主诚意出售，满五唯一红本在手,"近地铁
新上
东北
民水民电",495.0,62240
宝安,沙井,西荟城（一期）,3.0,2.0,89.5,450,50279,827.0,西荟城一期沃尔玛商圈小区花园安静舒适看房方便,"近地铁
新上
南北通
民水民电",405.0,45251
宝安,沙井,西荟城（三期）,4.0,2.0,137.86,560,40620,965.0,户型合理，格局方正，视野广阔，无遮挡,"近地铁
新上
东南
民水民电",504.0,36558
宝安,新安,玺玥华府,4.0,2.0,120.0,1200,100000,274.0,宏发玺玥次新房精装修四房双地铁口商业配套齐全业主诚心卖,"近地铁
新上
南北通
民水民电",1080.0,90000
宝安,沙井,万科星城华府,4.0,2.0,119.0,530,44537,,沙井红盘 万科星城大四房 书包 商业完善 自带商业且近海岸城,"新上
南北通
民水民电
电梯房",477.0,40083
南山,蛇口,招东小区（一期）,3.0,2.0,79.0,498,63037,587.0,育才二小三中近四海公园电梯3房随时看房,"近地铁
新上
南
民水民电",448.2,56733
南山,蛇口,花果山大厦,3.0,2.0,110.0,670,60909,721.0,花果山大厦三房两房育才一小三中看房有钥匙,"近地铁
南
民水民电
电梯房",603.0,54818
宝安,西乡,金达花园,2.0,2.0,67.4,280,41543,710.0,金达花园刚需两房业主急卖户型方正保养装修很好朝南看花园周边配,"近地铁
南
民水民电
电梯房",252.0,37389
宝安,新安,黄金台,2.0,2.0,78.0,308,39487,485.0,黄金台小区周边配套成熟,"近地铁
新上
南
民水民电",277.2,35538
宝安,沙井,万科星城商业中心,3.0,2.0,65.86,220,33404,,沙井红盘万科星城 精装修3房 近海岸城 天虹商场商业配套完善,"新上
西
民水民电
电梯房",198.0,30064
宝安,新安,广三保综合楼,3.0,2.0,105.9,450,42492,46.0,新安公园地铁口大四房人民医院海雅缤纷城商圈配套齐全,"近地铁
南
民水民电",405.0,38243
宝安,沙井,星河荣御,2.0,2.0,69.7,180,25824,,星河荣御 精装修两房 近京基百纳天虹商场 商业医疗等配套完善,"新上
南
民水民电
电梯房",162.0,23242
宝安,沙井,万科星城名邸,3.0,2.0,99.11,410,41368,,万科星城业主急卖，楼层好看花园周边配套丰富小区绿化号,"西南
民水民电
精装修",369.0,37231
宝安,沙井,万科星城华府,3.0,2.0,80.0,330,41250,,业主急售户型方正朝向好看房方便近地铁近商圈,"新上
民水民电
电梯房
精装修",297.0,37125
宝安,宝安中心区,都市茗荟花园(一期),5.0,2.0,199.0,2550,128140,326.0,都市茗荟199平精装南北通透大四房视野开阔停车位充足随时看房,"近地铁
西南
民水民电
电梯房",2295.0,115326
宝安,沙井,万科星城上郡,3.0,2.0,99.66,465,46658,,沙井红盘 次新小区 万科星城 精装修 拎包入住 大三房,"新上
南
民水民电
精装修",418.5,41992
宝安,沙井,壆岗大厦,3.0,2.0,100.73,360,35739,177.0,户型不错，采光充足，保养非常好,"近地铁
新上
南
民水民电",324.0,32165
宝安,新安,勤诚达前海世界,2.0,2.0,79.86,670,83896,95.0,宝安次新房，勤诚达乐园大型花园，双地铁，价格空间大,"近地铁
东北
民水民电
精装修",603.0,75506
宝安,沙井,博林君瑞,4.0,2.0,130.16,650,49938,,沙井次新房 毛坯大4房 装修自由发挥 业主大刀 诚售,"新上
南
民水民电
电梯房",585.0,44944
宝安,沙井,博林君瑞,3.0,2.0,89.0,359,40337,,博林君瑞 精装修大3房 邻海岸城山姆 方便看房 价格大刀,"新上
西南
民水民电
电梯房",323.1,36303
宝安,沙井,珑湾世界花园,3.0,2.0,81.85,318,38851,,珑湾世界花园 三房 天虹 合一 滑雪场 中间楼层,"新上
民水民电
精装修",286.2,34966
宝安,宝安中心区,幸福海岸（一期）,3.0,2.0,87.46,750,85753,231.0,幸福海岸  精装大3居 沃尔玛 华润万家 宝安医院 诚售,"近地铁
新上
南
民水民电",675.0,77178
宝安,沙井,中熙香莎公馆,3.0,2.0,82.99,360,43378,,中熙香莎公馆业主诚心买户型方正朝南书包在靠近商圈小区环境好,"新上
南
民水民电
电梯房",324.0,39040
宝安,宝安中心区,深业新岸线（一期）,5.0,2.0,175.0,1530,87428,326.0,深业新岸线｜水岸复式｜上下三层｜价格美丽｜有空间｜大社区,"近地铁
新上
南
民水民电",1377.0,78685
南山,蛇口,雍景湾花园,4.0,2.0,137.3,1700,123816,787.0,雍景湾 车位充足居家氛围浓厚 育才二小育才二中为邻,"近地铁
新上
南
民水民电",1530.0,111434
南山,蛇口,翠薇园,3.0,2.0,80.0,560,70000,692.0,翠薇园 临近四海公园育才二小育才二中3房,"近地铁
南北通
民水民电
电梯房",504.0,63000
南山,蛇口,爱榕园二期,3.0,2.0,82.73,826,99842,705.0,蛇口育才大社区爱榕园小区二期楼层好近地铁口物业，,"近地铁
东南
民水民电
精装修",743.4,89858
南山,蛇口,四海公寓,1.0,1.0,45.8,320,69868,757.0,蛇口四海公园物业四海公寓，南北通透一房一厅可改两房业主诚心售,"近地铁
南
民水民电
电梯房",288.0,62881
南山,蛇口,紫竹园,2.0,1.0,55.0,350,63636,653.0,紫竹园精装修两房育才二中看房有钥匙,"近地铁
新上
南
民水民电",315.0,57272
南山,蛇口,水湾小区,1.0,,28.41,250,87997,204.0,水湾地铁口精装修大单间育才一小三中电梯房看房方便近海上世界,"近地铁
南
民水民电
拎包入住",225.0,79197
南山,南山中心区,现代城华庭,3.0,2.0,105.6,650,61553,111.0,现代城华庭 精装 3 房地铁 9 号线为邻,"近地铁
东南
民水民电
电梯房",585.0,55398
南山,南山中心区,海岸明珠,2.0,2.0,73.22,610,83310,478.0,海岸明珠电梯两房业主急售看房方便,"近地铁
北
民水民电
电梯房",549.0,74979
南山,蛇口,有方育才家园,1.0,,27.88,280,100430,809.0,有方育才家园精装一房育才二小三中上车盘,"近地铁
西南
民水民电
电梯房",252.0,90387
南山,蛇口,天海豪景园,5.0,2.0,233.75,1480,63315,918.0,四海公园景观五房两卫育才二小二中看房有钥匙,"近地铁
东
民水民电
电梯房",1332.0,56984
南山,蛇口,金竹园小区,3.0,2.0,58.0,420,72413,596.0,育才二小二中，两房扩建成三房，一楼带花园，精装修,"近地铁
南北通
民水民电
精装修",378.0,65172
宝安,沙井,中熙香莎公馆,3.0,2.0,89.44,375,41927,,中熙香莎公馆 精装修大3房 刚需首选 近京基百纳 诚售可谈,"新上
南
民水民电
电梯房",337.5,37734
宝安,新安,华联城市全景花园,3.0,2.0,89.0,920,103370,303.0,上宝中，华联城市全景，89平方精装修三房，端头位置，看房方便,"近地铁
新上
西南
民水民电",828.0,93033
宝安,沙井,万科翡丽郡（一期）,3.0,2.0,89.0,360,40449,,万科翡丽郡 商圈成熟 带电梯 近医院 高楼层视野无遮挡,"新上
南
民水民电
电梯房",324.0,36404
南山,蛇口,湾厦花园,4.0,2.0,126.99,860,67721,790.0,湾厦花园四房两卫电梯房四海公园旁边停车方便,"近地铁
新上
民水民电
电梯房",774.0,60949
宝安,沙井,博林君瑞,4.0,2.0,130.0,650,50000,,沙井博林君瑞 豪华次新房 大4房 东西通 中间楼层无遮挡,"新上
东西通
民水民电
电梯房",585.0,45000
南山,前海,诺德假日花园,2.0,2.0,49.7,425,85513,435.0,南山小户型上车盘，总价4字头，买核心位置两房，看房随时方便,"近地铁
新上
西南
民水民电",382.5,76962
宝安,沙井,万科翡丽郡（一期）,4.0,2.0,126.0,450,35714,,万科翡丽郡业主诚心卖看房方便,"新上
东西通
民水民电
电梯房",405.0,32143
宝安,沙井,丽沙花都,2.0,2.0,76.33,260,34062,,丽沙花都业主急卖两房看房方便小区绿化好朝南看花园中间楼层,"南
民水民电
电梯房
拎包入住",234.0,30656
宝安,沙井,中熙香莎公馆,3.0,2.0,87.9,490,55745,,中熙香莎公馆业主急卖，看房方便户型方正朝向好,"新上
南
民水民电
电梯房",441.0,50170
宝安,沙井,丽沙花都,3.0,2.0,103.4,360,34816,,丽莎花都小区绿化好户型方正业主诚心卖,"新上
南北通
民水民电
电梯房",324.0,31334
宝安,福永,御景水岸花园,3.0,2.0,83.88,370,44110,,充足采光，高楼层，环境视野开阔,"新上
南北通
民水民电
电梯房",333.0,39699
宝安,碧海,泰华阳光海,5.0,2.0,169.86,1450,85364,255.0,阳光海湾花园 豪装 4层 房子保养好 业主诚售,"近地铁
新上
南北通
民水民电",1305.0,76828
宝安,福永,御景水岸花园,3.0,2.0,83.65,420,50209,,御景水岸花园高赠送面积，高性价比，房屋使用率更高,"新上
南
民水民电
电梯房",378.0,45188
宝安,新安,华联城市全景花园,4.0,2.0,142.97,1200,83933,303.0,急卖，142平方精装4房，华联城市全景，南北通透，高赠送面积,"近地铁
新上
东
民水民电",1080.0,75540
宝安,松岗,中海西岸华府北区,2.0,2.0,77.75,280,36012,380.0,中海西岸华府 周边商业 教-育 医疗等配套完善 近11号快线,"近地铁
新上
南
民水民电",252.0,32411
宝安,松岗,中海西岸华府北区,2.0,1.0,77.75,285,36655,380.0,精致全新装修，大阳台更舒适,"近地铁
新上
南
民水民电",256.5,32990
宝安,碧海,广兴源圣拿威,1.0,1.0,55.74,420,75349,812.0,广兴源圣拿威 精装修 上车首选 周边商业配套完善 诚售,"近地铁
新上
东北
民水民电",378.0,67814
南山,蛇口,紫竹园,3.0,2.0,63.0,415,65873,653.0,紫竹园三房育才二中近地铁近沧公园三房415万,"近地铁
南
民水民电
带家私",373.5,59286
宝安,沙井,丽沙花都,3.0,2.0,92.07,380,41272,,全天管家式服务，贴心，便利,"新上
南北通
民水民电
电梯房",342.0,37145
宝安,松岗,集信名城,4.0,2.0,177.0,625,35310,303.0,集信名城 精装修保养好 业主诚售 周边商业医疗教/育配套完善,"近地铁
新上
南
民水民电",562.5,31779
宝安,松岗,中海西岸华府北区,2.0,2.0,77.75,220,28295,380.0,三地铁口物业 高楼层 朝南 业主急售,"近地铁
新上
南
民水民电",198.0,25466
宝安,沙井,万科翡丽郡（一期）,3.0,2.0,88.08,320,36330,,万科翡丽郡 精装大3房 沃尔玛 西荟城 定岗湖 业主诚售,"新上
南
民水民电
电梯房",288.0,32697
宝安,松岗,中海西岸华府南区,3.0,2.0,74.53,268,35958,390.0,中海西岸华府三房业主急卖看房方便满五朝南看花园中间楼层,"近地铁
新上
南
民水民电",241.2,32362
宝安,宝安中心区,宏发领域,4.0,2.0,132.65,1650,124387,212.0,宏发领域｜5房2厅3卫｜核心地段｜双层高｜高拓展｜价格美丽,"近地铁
新上
南
民水民电",1485.0,111948
宝安,沙井,博林君瑞,3.0,2.0,88.52,450,50835,,含地下商业约达到,"新上
南
民水民电
电梯房",405.0,45752
宝安,松岗,中海西岸华府北区,4.0,2.0,77.1,360,46692,380.0,中海西岸华府双地铁户型方正看方便近商圈书包资源丰富,"近地铁
新上
南北通
民水民电",324.0,42023
宝安,福永,金石雅苑,3.0,2.0,106.54,430,40360,,金石雅苑 南北通透 小三居 精装可拎包入住 商业配套成熟,"新上
南
民水民电
电梯房",387.0,36324
宝安,新安,华联城市全景花园,1.0,1.0,51.26,340,66328,303.0,一房一厅 小户型 低总价 费用少 价格可谈,"近地铁
南
民水民电
电梯房",306.0,59695
宝安,新安,华联城市全景花园,4.0,2.0,132.0,1400,106060,303.0,华联城市全景花园，132平方4房2厅，住家装修，带宝中，急卖,"近地铁
新上
西南
民水民电",1260.0,95454
宝安,新安,洪浪二村,3.0,2.0,89.0,460,51685,518.0,19区洪浪二村新安公园地铁口周边配套齐全业主诚心出售,"近地铁
新上
东南
民水民电",414.0,46516
宝安,新安,华联城市全景花园,1.0,1.0,54.0,200,37037,303.0,华联城市全景花园，看房方便,"近地铁
新上
南
民水民电",180.0,33333
宝安,福永,金域豪庭三期,3.0,2.0,87.83,370,42126,382.0,金域豪庭业主诚心卖看房提前约朝南看花园书包在小区绿化好,"近地铁
新上
南
民水民电",333.0,37913
宝安,新安,华联城市全景花园,5.0,3.0,223.0,2150,96412,303.0,5房户型 通风采光好 使用率高 配套成熟 价格可谈,"近地铁
新上
南北通
民水民电",1935.0,86771
宝安,福永,金域豪庭（二期）,2.0,2.0,79.73,300,37626,530.0,金域豪庭户型方正急急急急卖,"近地铁
新上
南
民水民电",270.0,33863
宝安,沙井,丽沙花都,3.0,2.0,101.9,420,41216,,丽沙花都户型方正朝南‘看房方便业主急卖书包在近商圈,"新上
东南
民水民电
精装修",378.0,37094
宝安,沙井,丽沙花都,3.0,2.0,97.0,380,39175,,丽沙花都绿化高小高层户型方正朝南面积使用高商圈配套成熟,"新上
南
民水民电
电梯房",342.0,35258
宝安,宝安中心区,花样年花郡家园,1.0,1.0,36.03,290,80488,419.0,花样年花珺家园近地铁周边配套成熟,"近地铁
新上
南
民水民电",261.0,72439
宝安,沙井,棕榈堡花园,4.0,2.0,135.0,600,44444,,采光充足，中高楼层，适合居家,"新上
南
民水民电
电梯房",540.0,40000
宝安,福永,金域豪庭（一期）,2.0,2.0,84.5,480,56804,943.0,福侨花园刚需三房户型方正朝向好看房方便业主诚心出售朝南,"近地铁
新上
南
民水民电",432.0,51124
宝安,沙井,卓越中寰(誉珑明轩),3.0,2.0,95.15,345,36258,,誉珑明轩精装三房朝南向看房方便,"新上
南
民水民电
电梯房",310.5,32632
宝安,新安,万科大都会家园,4.0,2.0,115.0,770,66956,,万科大都会四房，带专车位，看房方便,"新上
西南
民水民电
有钥匙",693.0,60260
宝安,福永,会展湾东城广场,2.0,2.0,83.25,245,29429,461.0,会展湾东城楼下环境好看房有密码诚心出售满两年税费少,"近地铁
新上
南
民水民电",220.5,26486
宝安,福永,会展湾东城广场,2.0,2.0,84.0,245,29166,461.0,会展湾东城朝南看花园业主诚心卖新城区看房有密码,"近地铁
新上
南
民水民电",220.5,26249
南山,蛇口,雍景湾花园,2.0,2.0,83.06,998,120154,787.0,招商雍景湾育二小二中,"近地铁
新上
南
民水民电",898.2,108139
宝安,沙井,卓越中寰(誉珑豪轩),1.0,1.0,44.0,168,38181,,明珠市场旁次新小区三房出售,"南
民水民电
电梯房
精装修",151.2,34363
南山,蛇口,雍景湾花园,2.0,1.0,52.0,628,120769,787.0,雍景湾两房育才二小二中车位足税费少急售,"近地铁
新上
南
民水民电",565.2,108692
宝安,福永,同泰时代中心,2.0,1.0,65.42,210,32100,516.0,同泰时代广场业主诚心卖,"近地铁
新上
南
民水民电",189.0,28890
南山,蛇口,雍景湾花园,3.0,2.0,86.0,1080,125581,787.0,雍景湾花园带私家花园 高赠送 业主诚意出售育才二小二中,"近地铁
新上
西南
民水民电",972.0,113023
宝安,松岗,宝安山庄,2.0,2.0,79.74,220,27589,347.0,宝安山庄 近6号线松岗站房子 保养好 周边商业医疗教/育完善,"近地铁
西南
民水民电
有钥匙",198.0,24830
南山,蛇口,雍景湾花园,2.0,1.0,52.2,639,122413,787.0,雍景湾 精装修小2房育才二小育才二中为邻,"近地铁
新上
东南
民水民电",575.1,110172
南山,蛇口,雍景湾花园,1.0,1.0,53.0,605,114150,787.0,两房带花园，育才二小二中，精装修，次新房,"近地铁
新上
东
民水民电",544.5,102735
南山,蛇口,雍景湾花园,4.0,2.0,88.0,1300,147727,787.0,雍景湾花园精装4房2卫高赠送价格可议育才二小二中,"近地铁
新上
北
民水民电",1170.0,132954
宝安,新安,新锦安壹号公馆,5.0,2.0,251.54,2800,111314,457.0,新锦安壹号公馆250平｜百分百实用率｜停车位充裕｜3梯1户｜,"近地铁
南北通
民水民电
电梯房",2520.0,100183
南山,蛇口,雍景湾花园,2.0,1.0,83.02,920,110816,787.0,育才双系列让孩子赢到起跑线 看房安排,"近地铁
新上
东南
民水民电",828.0,99734
南山,后海,海月花园（一期）,4.0,2.0,151.49,1420,93735,401.0,海月花园 诚心出售 价格可谈 看房方便,"近地铁
新上
东西通
民水民电",1278.0,84362
南山,蛇口,雍景湾花园,3.0,2.0,87.0,1050,120689,787.0,雍景湾花园，客厅带阳台，户型方正，看园林景观，安静舒适,"近地铁
新上
南
民水民电",945.0,108620
南山,蛇口,雍景湾花园,2.0,1.0,52.18,606,116136,787.0,雍景湾，育才二小二中，小两房，车位足，近公园。,"近地铁
新上
南
民水民电",545.4,104522
南山,后海,招商海琴苑,5.0,2.0,208.44,2100,100748,580.0,招商海琴，精装复式，南北通透，户型大气，近地铁口和育才三中,"近地铁
南北通
民水民电
精装修",1890.0,90673
南山,蛇口,桂园住宅楼二区,2.0,1.0,46.21,328,70980,803.0,桂园小区，位置好，楼层佳，看园林景观，满五年，近育才三中,"近地铁
南
民水民电
精装修",295.2,63882
南山,蛇口,四海公寓,1.0,1.0,45.8,400,87336,757.0,四海公寓，精装小户型，居家实用，采光好，近四海公园，生活便利,"近地铁
南
民水民电
电梯房",360.0,78602
南山,蛇口,雍景湾花园,2.0,2.0,52.0,688,132307,787.0,雍景湾 精装 2 房育才二小二中上车盘,"近地铁
新上
南
民水民电",619.2,119076
南山,蛇口,雍景湾花园,4.0,2.0,138.0,1700,123188,787.0,雍景湾居家氛围浓厚 南北通透4房 育才二小育才二中为邻,"近地铁
新上
民水民电
电梯房",1530.0,110869
宝安,沙井,保利达小行星,1.0,1.0,20.0,80,40000,,此房虽小，五脏俱全，布局紧凑功能实用,"南
民水民电
电梯房
精装修",72.0,36000
南山,蛇口,雍景湾花园,3.0,2.0,88.0,1320,150000,787.0,招商雍景湾精装3房价格可谈,"近地铁
新上
北
民水民电",1188.0,135000
宝安,沙井,万科星城商业中心,2.0,2.0,56.0,200,35714,,万科星城业主诚心卖看房提前约保养装修好,"新上
南
民水民电
精装修",180.0,32143
罗湖,莲塘,四季御园（新世界四季御园）,1.0,1.0,49.55,300,60544,340.0,园林设计采用东南亚风情的园林，很好的把现代风格建筑与园林有机,"近地铁
新上
北
民水民电",270.0,54490
罗湖,莲塘,四季御园（新世界四季御园）,3.0,2.0,83.6,488,58373,340.0,四季御园 莲塘口岸物业 地铁口 业主自己住 看房方便,"近地铁
新上
北
民水民电",439.2,52536
宝安,沙井,棕榈堡花园,4.0,2.0,138.54,600,43308,,棕榈堡花园138平4房，房子满5年，朝南向,"新上
南
民水民电
电梯房",540.0,38977
罗湖,莲塘,四季御园（新世界四季御园）,1.0,1.0,49.54,295,59547,340.0,新世界四季御园新上架房子，满五年费用少，业主诚心出售,"近地铁
北
民水民电
电梯房",265.5,53592
南山,蛇口,招商仕林臻邸,4.0,2.0,155.0,1980,127741,,水湾地铁口次新房四房两卫育才一小三中,"新上
南
民水民电
电梯房",1782.0,114967
宝安,新安,联建君钰府,3.0,2.0,89.17,550,61679,397.0,上川地铁口业主诚心卖小区小区成交卖刚装修住两年,"近地铁
新上
西南
民水民电",495.0,55511
宝安,沙井,四海云亭,4.0,2.0,129.01,430,33330,929.0,沙井四海云亭 豪华装修大4房保养好 周边生活配套成熟  诚售,"近地铁
新上
南
民水民电",387.0,29997
宝安,沙井,万科星城名邸,4.0,2.0,136.0,600,44117,,万科品质大社区，业主自住精装大四房，急售看房方便,"新上
南
民水民电
精装修",540.0,39705
宝安,沙井,万科星城名邸,3.0,2.0,100.0,392,39200,,业主诚心卖看房方便全新二手房买过来可以直接拎包入住看花园安静,"新上
西南
民水民电
精装修",352.8,35280
宝安,宝安中心区,西城雅筑,2.0,2.0,66.3,470,70889,483.0,西城雅筑66平精装正规2房，客厅出阳台，视野开阔，诚心出售,"近地铁
新上
东北
民水民电",423.0,63800
宝安,沙井,万科翡御郡（四期）,3.0,2.0,89.22,350,39228,990.0,万科翡御郡业主诚心买看房提前约朝南看花园,"近地铁
新上
南
民水民电",315.0,35305
南山,蛇口,紫竹园,2.0,1.0,55.0,365,66363,653.0,紫竹园全新装修两房地铁囗育才二中,"近地铁
新上
南
民水民电",328.5,59727
宝安,沙井,清平华府,3.0,2.0,83.16,360,43290,,清平华府 精装3居 天虹 京基百纳 后亭站700米 诚售,"东
民水民电
电梯房
精装修",324.0,38961
宝安,沙井,卓越中寰(誉珑豪轩),3.0,2.0,98.46,488,49563,,中寰业主急卖看房方便户型方正,"新上
东南
民水民电
精装修",439.2,44607
宝安,沙井,星河荣御,5.0,2.0,182.0,900,49450,,业主急卖星河荣御大户型5房朝向好，南北通透看房方便满五税费少,"新上
南北通
民水民电
电梯房",810.0,44505
宝安,沙井,壆岗大厦,2.0,1.0,81.44,300,36836,177.0,可住可办公的房子业主急卖户型方正随时可以看房,"近地铁
南
民水民电
电梯房",270.0,33152
坪山,领航,星航华府（一期）,3.0,2.0,87.44,538,61527,148.0,星航华府户型方正朝向好看房提前约业主急卖,"近地铁
新上
南
民水民电",484.2,55374
宝安,新安,玺玥华府,4.0,2.0,128.03,1300,101538,274.0,新安次新小区，玺玥华府通透高层 定义品质生活,"近地铁
新上
南
民水民电",1170.0,91384
宝安,沙井,星河荣御,5.0,2.0,181.0,850,46961,,星河荣御 5房三卫 次新房 近京基百纳 业主诚售,"新上
南北通
民水民电
电梯房",765.0,42265
宝安,沙井,壆岗大厦,3.0,2.0,83.49,300,35932,177.0,壆岗大厦业主急卖近地铁周边配套成熟,"近地铁
新上
南
民水民电",270.0,32339
宝安,西乡,鸿隆广场,2.0,2.0,48.18,218,45246,765.0,鸿隆广场小两房低总价15号地铁口周边配套齐全业主急卖,"近地铁
新上
南
民水民电",196.2,40721
宝安,沙井,万科星城华府,3.0,2.0,99.65,480,48168,,万科星城华府精装修朝南户型方正业主诚心出售,"新上
南
民水民电
电梯房",432.0,43351
南山,蛇口,水湾壹玖柒玖,1.0,1.0,41.3,270,65375,63.0,水湾地铁口，高端电梯房，大社区，270万，价格可以谈，急卖,"近地铁
新上
东
民水民电",243.0,58838
南山,蛇口,水湾壹玖柒玖,1.0,1.0,42.0,240,57142,63.0,水湾地铁口，高端大社区，大单间，业主急卖,"近地铁
新上
民水民电
电梯房",216.0,51428
宝安,沙井,西荟城（三期）,2.0,2.0,67.0,268,40000,965.0,修保养好，周边有大型超市，车位宽裕,"近地铁
新上
东北
民水民电",241.2,36000
宝安,福永,华强城,5.0,2.0,160.61,820,51055,140.0,华强城业主自己住保养装修很好业主急卖户型方正,"近地铁
新上
南
民水民电",738.0,45950
宝安,松岗,宝安山庄,3.0,2.0,88.69,270,30443,347.0,宝安山庄户型方正朝向好看房方便业主诚心卖,"近地铁
新上
南
民水民电",243.0,27399
宝安,松岗,畔山御景花园,3.0,2.0,89.0,295,33146,881.0,视野开阔，采光效果好，充足车位,"近地铁
南
民水民电
电梯房",265.5,29831
宝安,碧海,幸福港湾尚品居,4.0,2.0,133.0,950,71428,877.0,幸福港湾尚品居 精装大4房 双地铁 周边配套完善 诚售,"近地铁
新上
南
民水民电",855.0,64285
坪山,领航,领航里程花园,3.0,2.0,81.65,435,53276,646.0,中信 一期，3房2厅，朝东南，看花园,"近地铁
新上
南
民水民电",391.5,47948
宝安,福永,天福华府,3.0,2.0,88.86,650,73148,677.0,天福华府业主诚心卖看房方便,"近地铁
新上
东南
民水民电",585.0,65833
宝安,沙井,万科翡逸郡（二期）,3.0,2.0,88.0,350,39772,986.0,万科翡逸郡业主诚心卖看房方便,"近地铁
新上
南北通
民水民电",315.0,35795
宝安,福永,凤凰花苑,3.0,2.0,88.77,550,61957,,凤凰新天户型方正朝向好看房方便,"新上
南
民水民电
电梯房",495.0,55761
宝安,福永,同和悦园,4.0,2.0,89.01,390,43815,,同和悦园户型方正朝南看房方便业主诚心出售,"新上
西南
民水民电
电梯房",351.0,39434
宝安,碧海,松茂御龙湾雅苑（一期）,3.0,2.0,89.16,710,79632,353.0,松茂御龙湾周边配套成熟近地铁朝南采光好户型方正,"近地铁
新上
西南
民水民电",639.0,71669
宝安,桃源居,润科华府（一期）,4.0,2.0,132.0,600,45454,844.0,润科华府，此新房，南北通透，精装,"近地铁
新上
南
民水民电",540.0,40909
宝安,沙井,京基御景珑庭,3.0,2.0,96.0,418,43541,915.0,附近有大型商超，生活购物方便，富有生活气息,"近地铁
新上
南
民水民电",376.2,39187
南山,前海,赤湾生活小区,3.0,2.0,95.0,450,47368,,赤湾生活小区，背山面海，三房，业主急售,"南
民水民电",405.0,42631
宝安,沙井,万科星城名邸,3.0,2.0,98.0,500,51020,,"户型方正，格局好,j花园环境好","南
民水民电
电梯房
带家私",450.0,45918
宝安,西乡,领航城领秀花园,3.0,2.0,80.35,530,65961,691.0,领-航城领秀花园 精装小3房 高楼层无遮挡 周边商业配套成熟,"近地铁
新上
南
民水民电",477.0,59365
宝安,西乡,兴达华府,2.0,1.0,68.06,445,65383,563.0,兴达华府 精装 刚需小2房 紧邻桃源居+领-航城 诚售,"近地铁
南
民水民电
电梯房",400.5,58845
宝安,松岗,宝安山庄,2.0,2.0,73.39,270,36789,347.0,宝安山庄精装修2房 近地铁6号线 周边生活配套成熟 诚售,"近地铁
南
民水民电
电梯房",243.0,33110
坪山,领航,领航里程花园,1.0,1.0,37.68,180,47770,646.0,领-航城 精装 航城里 1号线固戍站 总价低 上车天空之城,"近地铁
东
民水民电
电梯房",162.0,42993
宝安,西乡,兴达华府,2.0,1.0,54.62,300,54924,563.0,刚需小户型，只有契税，业主诚心出售,"近地铁
新上
南
民水民电",270.0,49432
坪山,领航,领航里程花园,4.0,2.0,121.69,750,61632,646.0,朝南看花园，只有契税，业主诚心出售,"近地铁
南北通
民水民电
电梯房",675.0,55469
坪山,领航,盛合天宸家园,3.0,2.0,83.25,560,67267,,南向看花园只有契税，价格还能聊，业主诚心出售,"西北
民水民电
精装修",504.0,60540
宝安,沙井,珑湾世界花园,3.0,2.0,83.0,288,34698,,珑湾世界花园业主急卖看房方便户型方正 正南 朝向好书包在,"新上
民水民电
精装修",259.2,31228
宝安,新安,洪浪二村,3.0,2.0,89.0,380,42696,518.0,新安公园旁，宝中书包房，洪浪二村大三房,"近地铁
南
民水民电
精装修",342.0,38426
罗湖,莲塘,四季御园（新世界四季御园）,3.0,2.0,133.67,720,53863,340.0,口岸物业 地铁口 复式 豪华装修 东南朝向 户型方正,"近地铁
新上
东南
民水民电",648.0,48477
宝安,沙井,西荟城（二期）,4.0,2.0,123.0,580,47154,970.0,西荟城三期精装四房看房方便花园小区,"近地铁
新上
南北通
民水民电",522.0,42439
宝安,沙井,万科星城华府,4.0,2.0,116.54,532,45649,,万科星城大四房业主急卖看房方便房子保养装修好中间楼层,"新上
东南
民水民电
电梯房",478.8,41084
宝安,沙井,珑湾世界花园,1.0,1.0,52.0,185,35576,,珑湾世界花园业主急卖看房方便户型方正朝向好朝南,"新上
南
民水民电
精装修",166.5,32018
宝安,沙井,万科星城名邸,3.0,2.0,98.0,430,43877,,万科星城业主急卖书包在户型方正横厅中高层采光好,"新上
西南
民水民电
电梯房",387.0,39489
宝安,福永,会展湾东城广场,2.0,2.0,83.41,245,29372,461.0,会展湾东城诚心卖目前空置看房方便近地铁靠三大千亿产业环境新,"近地铁
新上
南
民水民电",220.5,26435
宝安,福永,会展湾东城广场,2.0,1.0,83.41,245,29372,461.0,会展湾东城朝南业主诚心卖看房有密码新城区环境好看海回报率高,"近地铁
新上
东
民水民电",220.5,26435
宝安,沙井,万科星城上郡,3.0,2.0,81.0,340,41975,,万科星城小三房业主诚心卖书包在看房方便中间楼层,"新上
南
民水民电
电梯房",306.0,37778
宝安,沙井,西荟城（一期）,4.0,2.0,141.7,680,47988,827.0,西荟城 豪装大4居 沃尔玛 近沙井站 随时方便看房 诚售1,"近地铁
新上
南北通
民水民电",612.0,43189
宝安,沙井,四海云亭,2.0,2.0,76.0,250,32894,929.0,宝亭锦园户型方正朝向好业主急卖看房方便,"近地铁
新上
西
民水民电",225.0,29605
宝安,沙井,万科星城名邸,3.0,2.0,95.11,460,48365,,万科星城户型方正朝向好业主诚心卖近商圈书包菜市场,"新上
南
民水民电
精装修",414.0,43528
宝安,松岗,宝安山庄,3.0,2.0,97.0,258,26597,347.0,宝安山庄户型方正朝向好看房方便,"近地铁
新上
南
民水民电",232.2,23937
宝安,福永,万科金色领域（一期）,3.0,2.0,105.99,500,47174,713.0,万科金色领域刚需三房业主诚心出售看房方便,"近地铁
新上
东
民水民电",450.0,42457
南山,西丽,润城花园,2.0,2.0,83.0,650,78313,353.0,润城花园户型方正朝向好看房方便近地铁商圈配套成熟,"近地铁
南
民水民电
电梯房",585.0,70482
宝安,翻身,海滨广场,7.0,2.0,198.0,780,39393,377.0,海滨广场看房方便户型近 地铁靠近商圈生活配套成熟,"近地铁
新上
西南
民水民电",702.0,35454
宝安,新安,丰华苑,3.0,2.0,95.0,695,73157,533.0,3房户型 通风采光好 使用率高 配套成熟 价格可谈,"近地铁
新上
东南
民水民电",625.5,65841
宝安,新安,招商臻府,4.0,2.0,118.0,795,67372,305.0,招商臻府，精装修大四房，12号上川地铁口，次新小区，业主急售,"近地铁
新上
西南
民水民电",715.5,60635
宝安,沙井,保利达小行星,2.0,1.0,30.66,110,35877,,保利达小行星业主急卖交通出行方便收纳空间多,"南
民水民电
电梯房
精装修",99.0,32289
宝安,西乡,领航城领翔华府,3.0,2.0,85.0,480,56470,859.0,领翔华府户型方正朝向好近地铁近商圈,"近地铁
新上
南
民水民电",432.0,50823
宝安,沙井,西荟城（三期）,3.0,2.0,86.93,370,42562,965.0,客厅直通阳台，采光好，视觉开阔，心情舒畅,"近地铁
新上
西南
民水民电",333.0,38306
坪山,领航,领航里程花园,4.0,2.0,128.0,800,62500,646.0,里程花园户型方正看花园朝南近地铁周边商圈成熟,"近地铁
新上
南
民水民电",720.0,56250
宝安,沙井,西荟城（二期）,3.0,2.0,88.79,380,42797,970.0,西荟城精装三房户型方正采光好业主诚心卖,"近地铁
新上
东
民水民电",342.0,38517
宝安,沙井,万科翡丽郡（一期）,3.0,2.0,89.05,290,32565,,万科一期精装三房两卫装修保养好小区花园安静舒适,"新上
南
民水民电
电梯房",261.0,29308
南山,后海,广博星海华庭,2.0,2.0,71.0,650,91549,394.0,广博星海华庭 地铁口精装 2 房育才四小三中,"近地铁
新上
北
民水民电",585.0,82394
南山,蛇口,景园大厦,4.0,2.0,176.0,970,55113,896.0,四海公园旁四房两卫，全新装修，育才二小，二中,"近地铁
新上
民水民电
电梯房",873.0,49602
南山,蛇口,晗山悦海城,4.0,2.0,100.0,1080,108000,350.0,诚心出售 晗山悦海100平4房,"近地铁
新上
南
民水民电",972.0,97200
南山,南山中心区,云海天城,4.0,2.0,99.0,750,75757,626.0,南二外书包，云海天城精装修三房，满五税少。近地铁,"近地铁
新上
东南
民水民电",675.0,68181
南山,蛇口,花果山小区,2.0,1.0,57.5,400,69565,706.0,花果山两房育才一小三中近四海公园,"近地铁
新上
南北通
民水民电",360.0,62608
南山,蛇口,紫竹园,2.0,1.0,55.0,370,67272,653.0,12号线地铁口， 两房，业主诚心出售，育才二中,"近地铁
新上
南
民水民电",333.0,60545
南山,蛇口,雷公岭机关楼,3.0,2.0,95.45,595,62336,908.0,雷公岭机关楼朝南三房育才一小三中四海公园旁边,"近地铁
新上
南北通
民水民电",535.5,56102
南山,深圳湾,曦湾天馥,4.0,3.0,183.51,2980,162388,149.0,曦湾天馥深圳湾次新 大平层送90平米4+1房 满五 维1急售,"近地铁
新上
民水民电
电梯房",2682.0,146149
宝安,沙井,星河荣御,4.0,2.0,180.0,956,53111,,星河荣誉户型方正业主急出靠近地铁靠近商圈朝南中高层视野开阔,"新上
南
民水民电
电梯房",860.4,47800
南山,蛇口,文竹园住宅楼,2.0,1.0,58.5,550,94017,702.0,文竹园住宅楼 诚心出售 价格可谈 看房方便,"近地铁
南
民水民电",495.0,84615
南山,蛇口,招东小区（一期）,2.0,2.0,79.0,448,56708,587.0,电梯客厅出阳台大两房可改3房,"近地铁
东
民水民电
精装修",403.2,51037
南山,蛇口,湾厦福园,4.0,2.0,129.0,928,71937,837.0,南山蛇口花园社区，急售，看房约我,"近地铁
新上
北
民水民电",835.2,64743
南山,蛇口,雷公岭大院,4.0,2.0,85.29,470,55106,815.0,雷公岭大院，四房，育才一小三中，四海公园旁边。,"近地铁
南
民水民电
精装修",423.0,49595
南山,后海,半岛花园B区,3.0,2.0,81.19,535,65894,542.0,半岛花园B区三房育才二小三中低楼阶,"近地铁
南北通
民水民电",481.5,59305
南山,蛇口,雍华府,4.0,2.0,143.0,1480,103496,507.0,雍华府，四房两卫，育才双书包，近地铁近四海公园,"近地铁
新上
南北通
民水民电",1332.0,93146
南山,蛇口,文竹园住宅楼,2.0,2.0,58.0,489,84310,702.0,文竹园 精装 2 房紧邻育才二小育才二中,"近地铁
新上
南
民水民电",440.1,75879
罗湖,莲塘,曦龙山庄（一期）,3.0,2.0,142.71,550,38539,411.0,业主急卖，降价40万，随时看房,"近地铁
新上
南北通
民水民电",495.0,34685
罗湖,黄贝岭,深业东岭花园（二期）,2.0,2.0,70.38,450,63938,435.0,【新上房源 满两年 税费少 配套完善 业主诚心放卖,"近地铁
西北
民水民电
电梯房",405.0,57544
宝安,沙井,万科翡御郡（四期）,3.0,2.0,89.18,510,57187,990.0,万科四期 业主诚心售 看房方便 总价低,"近地铁
南
民水民电
电梯房",459.0,51468
罗湖,莲塘,曦龙山庄（二期）,4.0,2.0,199.0,750,37688,311.0,曦龙山庄 园林式花园 安静 近公园 地铁口物业,"近地铁
新上
南
民水民电",675.0,33919
宝安,新安,中洲华府（二期）,5.0,2.0,248.0,2600,104838,353.0,中洲华府双龙抱珠户型，看花园小区，价格有空间,"近地铁
新上
南
民水民电",2340.0,94354
宝安,新安,勤诚达22世纪二期,3.0,2.0,89.0,900,101123,193.0,3房户型 户型方正 使用率高 费用少 近地铁 价格可谈,"近地铁
新上
南
民水民电",810.0,91011
宝安,沙井,卓越中寰(誉珑豪轩),3.0,2.0,98.4,330,33536,,沙井次新小区精装三房看房方便楼下有商场,"南
民水民电
精装修",297.0,30182
宝安,新安,勤诚达22世纪二期,3.0,2.0,89.0,830,93258,193.0,勤诚达二期，朝南，户型方正，随时看房,"近地铁
新上
南
民水民电",747.0,83932
宝安,新安,勤诚达22世纪(和园),3.0,2.0,85.46,728,85186,220.0,勤诚达三房两厅两卫业主诚意出售，目前小区筍盘,"近地铁
新上
东南
民水民电",655.2,76667
宝安,新安,华联城市全景花园,1.0,1.0,48.0,350,72916,303.0,华联宝中小户型急售,"近地铁
新上
东
民水民电",315.0,65624
罗湖,莲塘,四季御园（新世界四季御园）,3.0,2.0,83.6,430,51435,340.0,豪华装修，3房两厅，拎包入住,"近地铁
东北
民水民电
电梯房",387.0,46292
福田,宝安南,鸿翔花园,3.0,2.0,191.37,1265,66102,299.0,罗湖大花园排行榜四房两厅改成了三房看小区花园,"近地铁
南北通
民水民电
电梯房",1138.5,59492
宝安,沙井,拾悦城楠园,4.0,2.0,118.14,465,39360,,拾悦城 次新小区 楼下是定岗湖 湿地公园118平精装四房,"新上
南
民水民电
电梯房",418.5,35424
宝安,新安,弘雅花园（三期雅豪轩）,3.0,2.0,152.0,920,60526,316.0,宝中电梯大户型急售，看房方便,"近地铁
新上
南
民水民电",828.0,54473
宝安,沙井,卓越誉珑荟庭,3.0,2.0,101.96,340,33346,,誉珑荟庭精装大三房 户型方正 次新小区 满二年,"新上
东南
民水民电
电梯房",306.0,30011
宝安,沙井,西荟城（二期）,3.0,2.0,89.0,340,38202,970.0,西荟城三期精装三房沃尔玛商圈小区花园安静舒适,"近地铁
东
民水民电
电梯房",306.0,34382
宝安,新安,招商臻府,4.0,2.0,120.01,1150,95825,305.0,招商臻府，业主自己装修，保养很好，诚心出手，看房方便,"近地铁
新上
西南
民水民电",1035.0,86242
宝安,新安,怡合花园,3.0,2.0,78.0,328,42051,420.0,3房户型 通风采光好 使用率高 配套成熟 价格可谈,"近地铁
新上
南
民水民电",295.2,37846
福田,石厦,泰美园,3.0,2.0,103.78,850,81904,354.0,泰美园三房南向红本五年石厦中小书包看房方便交通便利,"近地铁
新上
南
民水民电",765.0,73714
宝安,新安,73区,3.0,2.0,82.0,300,36585,618.0,临近公园，与大自然亲密接触,"近地铁
新上
东南
民水民电",270.0,32926
罗湖,莲塘,兰亭国际,3.0,2.0,107.0,550,51401,177.0,莲塘口岸 地铁口 户型方正 业主诚意出售 看房方便,"近地铁
新上
北
民水民电",495.0,46261
南山,蛇口,雍景湾花园,2.0,1.0,52.0,700,134615,787.0,雍景湾花园，精装小户型，朝向好，近四海公园和育才二小二中,"近地铁
新上
南
民水民电",630.0,121154
南山,蛇口,雍景湾花园,4.0,2.0,175.97,2150,122179,787.0,雍景湾花园，南北通，采光好，看园林景观，安静舒适，近育才二中,"近地铁
南
民水民电
电梯房",1935.0,109961
南山,蛇口,四海公寓,1.0,1.0,45.35,340,74972,757.0,四海公寓，简约双不失格调，户型方正，采光好，安静舒适,"近地铁
南
民水民电
电梯房",306.0,67475
福田,宝安南,鸿翔花园,2.0,1.0,55.05,298,54132,299.0,鸿翔花园.业主诚心卖.价格好谈.红本在手,"近地铁
新上
南
民水民电",268.2,48719
福田,益田村,益田村,3.0,2.0,92.0,580,63043,144.0,益田村业主急卖，看房方便。,"近地铁
新上
北
民水民电",522.0,56739
宝安,新安,中洲华府（一期）,3.0,2.0,149.0,1290,86577,493.0,中洲华府豪宅高使用率,"近地铁
新上
西
民水民电",1161.0,77919
宝安,新安,中洲华府（一期）,5.0,2.0,225.84,2300,101842,493.0,5房户型 通风采光好 使用率高 配套成熟 价格可谈,"近地铁
新上
南北通
民水民电",2070.0,91658
宝安,沙井,拾悦城,4.0,2.0,111.42,450,40387,410.0,11号线地铁沿线精装修保养好看房方便,"近地铁
新上
南
民水民电",405.0,36348
宝安,福永,御景水岸花园,6.0,3.0,252.73,3500,138487,,御景水岸豪装别墅 紧邻湿地公园 天然氧吧 实用高达800左右,"新上
南
民水民电
拎包入住",3150.0,124638
宝安,新安,中洲华府（一期）,4.0,2.0,148.0,1250,84459,493.0,4房户型 通风采光好 使用率高 配套成熟 价格可谈,"近地铁
新上
南北通
民水民电",1125.0,76013
宝安,新安,中洲华府（二期）,4.0,2.0,168.0,1720,102380,353.0,中洲华府二期，168平方4房2厅，南北通透，双地铁交汇,"近地铁
新上
南
民水民电",1548.0,92142
罗湖,笋岗,嘉宝田花园二期,2.0,2.0,68.11,475,69740,643.0,罗湖笋岗 嘉宝田花园 住家社区 业主有心卖,"近地铁
新上
东
民水民电",427.5,62766
宝安,新安,中粮大悦城,4.0,2.0,120.0,988,82333,494.0,大悦城，大4房2卫，随时看房,"近地铁
新上
西南
民水民电",889.2,74100
宝安,新安,宝雅花园,3.0,2.0,101.6,600,59055,667.0,宝雅花园，书包房，位置好，诚心出售随时看房,"近地铁
新上
东南
民水民电",540.0,53150
宝安,新安,宝河大厦,2.0,2.0,72.8,450,61813,270.0,地铁口方便出行房子急售,"近地铁
东南
民水民电
电梯房",405.0,55632
福田,宝安南,鸿翔花园,2.0,2.0,82.06,536,65318,299.0,鸿翔花园，精装修两房，业主换房出售，价格好商量,"近地铁
新上
西南
民水民电",482.4,58786
龙岗,龙岗中心城,尚景华园,3.0,2.0,106.51,330,30983,350.0,业主向市场妥协！地铁口刚降价房源，精装，满五年急售，价格私聊,"近地铁
南北通
民水民电
精装修",297.0,27885
宝安,福永,御景水岸花园,5.0,2.0,226.96,2500,110151,,御景水岸别墅 端头位 毛坯 业主诚售 价格可谈,"南
民水民电
电梯房",2250.0,99136
宝安,西乡,香缇湾花园,3.0,2.0,89.83,750,83491,251.0,香缇湾花园 复式精装4房 高楼层 周边生活配套完善,"近地铁
新上
民水民电
精装修",675.0,75142
宝安,沙井,丽沙花都,4.0,2.0,127.06,550,43286,,丽沙花都 精装大4房 小高层 朝南 近海岸城 山姆超市,"新上
南
民水民电
电梯房",495.0,38957
宝安,新安,招商臻府,4.0,2.0,118.0,850,72033,305.0,招商臻府，随时看房，房子保养好,"近地铁
新上
西北
民水民电",765.0,64830
龙岗,龙岗中心城,天健花园,2.0,2.0,83.82,200,23860,386.0,业主向市场妥协！地铁口刚降价房源，精装，满五年急售，价格私聊,"近地铁
新上
南
民水民电",180.0,21474
宝安,西乡,富瑰园,2.0,1.0,48.52,225,46372,537.0,富瑰园好房，业主诚心出售了，价格有空间，钥匙在手,"近地铁
新上
南
民水民电",202.5,41735
罗湖,黄贝岭,深业东岭花园（二期）,3.0,2.0,86.95,700,80506,435.0,深业东岭翠园在 业主房产证已满五年，且只有一套房产,"近地铁
东南
民水民电
电梯房",630.0,72455
宝安,沙井,拾悦城,4.0,2.0,99.8,419,41983,410.0,格局方正 双南设计 全明通透 豪华气派彰显无疑。,"近地铁
新上
南
民水民电",377.1,37785
宝安,沙井,会展湾雍境花园,4.0,2.0,110.17,430,39030,,会展湾雍境  精装四房  南北通高楼层 景观好房 业主没住过,"新上
东西通
民水民电
电梯房",387.0,35127
南山,后海,半岛花园B区,2.0,2.0,82.0,630,76829,542.0,半岛花园B区，成熟社区，近四海公园育才二小三中，楼层佳，安静,"近地铁
东南
民水民电
精装修",567.0,69146
南山,蛇口,福庭苑,2.0,1.0,72.0,380,52777,411.0,福庭园，南北通透，实用两房，通风采光好，位置安静，近地铁口,"近地铁
新上
东南
民水民电",342.0,47499
南山,蛇口,四海公寓,2.0,2.0,64.29,500,77772,757.0,四海公寓，精装小户型，端头位，采光好，户型方正实用，诚心出售,"近地铁
南
民水民电
电梯房",450.0,69995
南山,蛇口,四海公寓,3.0,2.0,86.93,800,92028,757.0,四海公寓，四海公园旁，安静舒适，采光好，户型方正，诚心出售,"近地铁
东南
民水民电
电梯房",720.0,82825
南山,蛇口,有方育才家园,2.0,2.0,84.0,800,95238,809.0,有方育才家园，电梯房，精装，户型好，采光佳，近育才二小三中,"近地铁
东
民水民电
电梯房",720.0,85714
南山,蛇口,百花苑,3.0,2.0,116.17,780,67142,857.0,百花苑，客厅带阳台，户型方正，安静舒适，近公园和育才一小三中,"近地铁
南北通
民水民电
电梯房",702.0,60428
宝安,沙井,四海云亭,2.0,2.0,77.33,268,34656,929.0,宝亭锦园 大3房 周边商业 医疗 教/育 配套完善,"近地铁
东南
民水民电
电梯房",241.2,31190
宝安,沙井,保利达小行星,1.0,,20.31,60,29542,,保利达小行星 单身公寓 精装修 周边配套完善,"东南
民水民电
电梯房
精装修",54.0,26588
龙岗,龙岗中心城,百合盛世（二期）,4.0,2.0,87.13,306,35119,,《保真保看》南北通，装修很漂亮，看房方便，看小区景观,"新上
南
民水民电
电梯房",275.4,31607
宝安,新安,宝河大厦,2.0,1.0,69.0,4368,633043,270.0,宝中书包房，地铁口物业，电梯高层，业主诚心出售，看房方便,"近地铁
东南
民水民电
电梯房",3931.2,569739
宝安,新安,白金时代公寓,2.0,1.0,43.0,320,74418,801.0,刚需小户型，装修保养好，随时看房，近地铁,"近地铁
南
民水民电
电梯房",288.0,66976
宝安,新安,福城新纪元,2.0,1.0,58.0,218,37586,746.0,万达广场朝宝民路高层两房，业主诚心出售,"近地铁
南
民水民电
电梯房",196.2,33827
福田,益田村,益田名苑,2.0,2.0,152.55,1028,67387,571.0,福强路红岭书包旁，小高层带电梯，益田名园大平层放卖，安静,"近地铁
东北
民水民电
电梯房",925.2,60648
宝安,沙井,西荟城（二期）,5.0,2.0,142.65,660,46267,970.0,西荟城三期精装大五房诚心出售143平南北通透看房方便,"近地铁
新上
南北通
民水民电",594.0,41640
宝安,福永,龙翔山庄,9.0,3.0,385.0,2800,72727,,龙翔山庄 高档小区 人文荟萃 高品质的象征,"新上
南北通
民水民电",2520.0,65454
宝安,沙井,西荟城（二期）,4.0,2.0,127.49,560,43925,970.0,西荟城四房精装修保养好南北通透,"近地铁
南北通
民水民电
电梯房",504.0,39532
宝安,西乡,山语华庭,3.0,2.0,140.0,850,60714,,宝中大四房急售，看房方便,"新上
民水民电
电梯房
精装修",765.0,54643
福田,石厦,裕康时尚名居,1.0,1.0,39.66,320,80685,315.0,红岭+荔园书包未占用，红本，看房方便，一房一厅，价格可谈,"近地铁
南
民水民电
电梯房",288.0,72616
宝安,福永,龙翔山庄,9.0,2.0,305.0,2080,68196,,真正的景观好房 动静结合 悠然自得,"南
民水民电
电梯房
带家电",1872.0,61376
宝安,西乡,青春庭园,1.0,1.0,42.76,200,46772,772.0,青春庭园超高使用率，70年产权红本房，业主诚心出售,"近地铁
新上
东
民水民电",180.0,42095
宝安,新安,白金时代公寓,2.0,2.0,43.38,380,87597,801.0,白金时代公寓，使用率高，户型方正,"近地铁
西南
民水民电
电梯房",342.0,78837
宝安,福永,华强城,4.0,2.0,130.23,660,50679,140.0,华强城豪华四房 南北通透 主卧朝南 户型方正,"近地铁
新上
南
民水民电",594.0,45611
宝安,福永,龙翔山庄,6.0,2.0,287.0,1100,38327,,坐北朝南 双拼别墅 阳光清风随时造访生活,"新上
南
民水民电
拎包入住",990.0,34494
宝安,新安,万科大都会家园,1.0,1.0,43.0,188,43720,,宝中次新小户型急售，看房方便,"东南
民水民电",169.2,39348
宝安,新安,裕安花园,3.0,2.0,90.6,360,39735,855.0,灵芝双地铁口 老城区钻石地段 业主急卖,"近地铁
新上
东西通
民水民电",324.0,35762
福田,石厦,福田中港城,4.0,2.0,168.68,1180,69954,184.0,中港城，红岭书包，业主急售，大平面,"近地铁
东南
民水民电
电梯房",1062.0,62959
福田,石厦,新新家园,3.0,2.0,96.0,680,70833,315.0,新新家园（建鑫苑）豪华装修，业主换房出售，红岭书包未占用,"近地铁
西
民水民电
电梯房",612.0,63750
罗湖,地王,松园南小区,2.0,2.0,73.9,255,34506,901.0,双名教助學 满二年税费少  看房 探底价私信我助您置好物,"近地铁
南北通
民水民电",229.5,31055
龙岗,龙岗中心城,尚景华园,4.0,2.0,127.0,398,31338,350.0,尚景华园4房2卫精装修业主急售,"近地铁
新上
南
民水民电",358.2,28204
宝安,新安,招商臻府,4.0,2.0,119.62,1060,88613,305.0,4房户型 通风采光好 使用率高 配套成熟 价格可谈,"近地铁
西南
民水民电
电梯房",954.0,79752
宝安,新安,滨城新村安乐花园,2.0,2.0,72.0,330,45833,636.0,3房户型 通风采光好 使用率高 配套成熟 价格可谈,"近地铁
新上
南
民水民电",297.0,41250
宝安,新安,31区住宅,3.0,2.0,93.36,350,37489,540.0,近地铁，31区住宅，93平方3房2厅，享受税费优惠，性价比高,"近地铁
东
民水民电
拎包入住",315.0,33740
福田,石厦,众孚新村,4.0,2.0,110.46,518,46894,262.0,看房方便众孚新村大三房红岭荔园地铁口税费少,"近地铁
新上
北
民水民电",466.2,42205
福田,石厦,新新家园,4.0,2.0,142.82,1050,73519,315.0,精装安静南向,"近地铁
新上
西南
民水民电",945.0,66167
福田,石厦,新新家园,4.0,2.0,143.0,1080,75524,315.0,精装南向安静,"近地铁
新上
南
民水民电",972.0,67972
宝安,新安,新安湖商业城新鹏苑,3.0,2.0,102.07,698,68384,662.0,3房户型 通风采光好 使用率高 配套成熟 价格可谈,"近地铁
新上
西南
民水民电",628.2,61546
福田,石厦,新新家园,4.0,2.0,142.06,928,65324,315.0,新新家园，红岭+荔园书包，送露台花园，户型方正,"近地铁
东南
民水民电
电梯房",835.2,58792
福田,石厦,新新家园,2.0,2.0,77.91,700,89847,315.0,精装南向安静交通方便,"近地铁
北
民水民电
电梯房",630.0,80862
福田,石厦,裕康时尚名居,1.0,,30.31,245,80831,315.0,精装南向安静,"近地铁
新上
北
民水民电",220.5,72748
福田,益田村,物业时代新居,4.0,2.0,181.34,1480,81614,115.0,物业时代新居南北通经典复式园林社区车位充足地铁口物业,"近地铁
新上
南北通
民水民电",1332.0,73453
罗湖,黄贝岭,深业东岭花园（二期）,3.0,2.0,89.0,700,78651,435.0,深业东岭二期高层端头边户 红本满五豪华装修拎包入住 翠园未用,"近地铁
新上
西北
民水民电",630.0,70786
罗湖,黄贝岭,深业东岭花园（二期）,3.0,2.0,89.81,635,70704,435.0,深业东岭次新东南朝向大三房 翠园本部未用 带大入户花园急售,"近地铁
新上
东南
民水民电",571.5,63634
罗湖,黄贝岭,深业东岭花园（二期）,4.0,2.0,137.29,1050,76480,435.0,深业东岭二期13米长阳台 赠送大入户四房 红本满五急售,"近地铁
新上
西北
民水民电",945.0,68832
宝安,沙井,中熙香莎公馆,3.0,2.0,88.74,330,37187,,急卖香莎公馆  精装三房  朝南  中高楼层 户型方正实用,"新上
南
民水民电
电梯房",297.0,33468
罗湖,黄贝岭,深业东岭花园（二期）,4.0,2.0,135.65,1130,83302,435.0,深业东岭带入户大阳台东南朝向高层全新装修翠园本部未用,"近地铁
新上
东南
民水民电",1017.0,74972
龙岗,大运,星河时代,3.0,2.0,89.0,505,56741,696.0,高楼层，视野开阔，精装修可拎包入住，配套完善，密度低宜居,"近地铁
新上
西南
民水民电",454.5,51067
宝安,沙井,卓越中寰(誉珑豪轩),3.0,2.0,98.46,348,35344,,誉珑精装三房 业主自住 保养好 高楼层朝南,"新上
南
民水民电
精装修",313.2,31810
福田,宝安南,鸿翔花园,3.0,2.0,114.76,850,74067,299.0,罗湖大花园社区读桂园中小区带游泳池,"近地铁
西北
民水民电
电梯房",765.0,66660
福田,石厦,裕康时尚名居,1.0,1.0,39.5,310,78481,315.0,裕康时尚名居-40平的一房一厅-封闭式小区,"近地铁
北
民水民电
电梯房",279.0,70633
福田,石厦,新新家园,3.0,2.0,95.38,680,71293,315.0,新新家园超笋盘诚心出售少有放卖,"近地铁
新上
南
民水民电",612.0,64164
福田,石厦,福田中港城,2.0,2.0,73.1,690,94391,184.0,中港城方正两房税费少看房方便红岭益强地铁口公园旁,"近地铁
北
民水民电
电梯房",621.0,84952
福田,石厦,裕康时尚名居,1.0,,31.0,300,96774,315.0,裕康时尚名居大单间看房方便税费少红岭荔园地铁口议价空间大,"近地铁
北
民水民电
精装修",270.0,87097
福田,石厦,石厦花园,3.0,2.0,85.79,1240,144538,358.0,石厦花园三房厅出阳台高层看海景红岭荔园地铁口,"近地铁
南
民水民电
电梯房",1116.0,130084
宝安,沙井,星河荣御花苑（三期）,4.0,2.0,115.0,560,48695,,星河荣御 精装大4房商业街  京基百纳 天虹 金沙市场,"新上
南
民水民电
电梯房",504.0,43826
宝安,沙井,星河荣御花苑（三期）,3.0,2.0,83.0,398,47951,,星河荣御 精装3房 自带商业生活配套成熟 近京基百纳 诚售,"新上
南
民水民电
电梯房",358.2,43156
宝安,福永,天福华府,3.0,2.0,85.58,355,41481,677.0,天福华府 大3房 周边生活配套成熟 业主诚售,"近地铁
新上
民水民电
电梯房",319.5,37333
宝安,新安,恒安花园,3.0,2.0,129.16,1000,77423,780.0,宝中书包房，业主诚心出售,"近地铁
南
民水民电
电梯房",900.0,69681
福田,石厦,新新家园,3.0,2.0,93.41,780,83502,315.0,精装南向安静交通方便,"近地铁
新上
东北
民水民电",702.0,75152
宝安,西乡,兴达华府,2.0,2.0,52.86,355,67158,563.0,兴达华府 精装 刚需上车首选 总价低 诚售,"近地铁
南
民水民电
电梯房",319.5,60442
宝安,西乡,兴达华府,2.0,2.0,60.56,350,57793,563.0,兴达华府 精装修保养好 周边配成熟 业主诚售,"近地铁
南
民水民电
电梯房",315.0,52014
宝安,福永,天福华府,3.0,1.0,85.61,390,45555,677.0,天福华府 精装修 楼下自带商业街 周边双地铁,"近地铁
新上
南
民水民电",351.0,41000
宝安,松岗,联投东方（二期）,4.0,2.0,88.9,665,74803,,联投东方华府 精装修3房 南朝向 周边生活 教-育配套成熟,"南
民水民电
电梯房
拎包入住",598.5,67323
宝安,西乡,满京华云晓公馆,2.0,2.0,74.0,310,41891,831.0,满京华云晓公馆 精装修 保养好 周边配套成熟 教-育学府遍布,"近地铁
西北
民水民电
电梯房",279.0,37702
宝安,福永,时代景苑,2.0,2.0,78.0,362,46410,,时代景苑 经典小区 环境幽静房子 保养好 商业教/育医疗齐全,"西南
民水民电
精装修",325.8,41769
宝安,西乡,阳光新居,4.0,2.0,81.0,430,53086,529.0,阳光新居 大4房精装修 近固戍站 超高使用率 商业教/育完善,"近地铁
新上
南
民水民电",387.0,47777
宝安,沙井,四海云亭,4.0,2.0,129.01,420,32555,929.0,华侨城四海云亭 精装大四房 朝向好朝南 周边配套完善 诚售,"近地铁
南
民水民电
电梯房",378.0,29300
福田,石厦,裕康时尚名居,1.0,1.0,39.0,350,89743,315.0,精装可拎包入住,"近地铁
南
民水民电
拎包入住",315.0,80769
福田,新洲,嘉州公馆,2.0,1.0,41.0,300,73170,718.0,诚心出售，价格可谈,"近地铁
南
民水民电
电梯房",270.0,65853
福田,石厦,裕康时尚名居,1.0,,30.31,250,82481,315.0,精装南向可拎包入住,"近地铁
北
民水民电
精装修",225.0,74233
福田,石厦,福田中港城,2.0,2.0,73.0,690,94520,184.0,中港城两房厅出阳台方正实用红岭益强地铁口,"近地铁
北
民水民电
电梯房",621.0,85068
福田,石厦,福田中港城,2.0,2.0,76.4,750,98167,184.0,中港城南向两房方正地铁口红岭益强看房方便,"近地铁
南
民水民电
电梯房",675.0,88350
宝安,新安,冠利达公寓,1.0,1.0,34.1,168,49266,490.0,业主诚心出售，新安核心区大一房， 红本在手，随时可以看房,"近地铁
南
民水民电
精装修",151.2,44339
宝安,沙井,中熙香莎公馆,3.0,2.0,89.57,350,39075,,香莎公馆三房 真正的景观好房 动静结合 悠然自得,"新上
南
民水民电
电梯房",315.0,35168
宝安,沙井,拾悦城,4.0,2.0,99.0,488,49292,410.0,真正的景观好房 动静结合 悠然自得,"近地铁
新上
南北通
民水民电",439.2,44363
宝安,沙井,拾悦城,3.0,2.0,88.05,330,37478,410.0,拾悦城毛坯三房，黄金楼层，不买你会损失哦,"近地铁
新上
东
民水民电",297.0,33730
宝安,沙井,博林君瑞,5.0,2.0,162.75,800,49155,,博林君瑞南北通大四房  周边配套完善 业主急卖,"东南
民水民电
电梯房
有钥匙",720.0,44240
龙岗,龙岗中心城,天健花园,3.0,2.0,93.4,275,29443,386.0,业主向市场妥协！地铁口刚降价房源，精装，满五年急售，价格私聊,"近地铁
新上
南
民水民电",247.5,26499
宝安,新安,丽景城,3.0,2.0,96.81,425,43900,42.0,宝中3房急售，看房方便,"近地铁
新上
南
民水民电",382.5,39510
宝安,沙井,拾悦城,4.0,2.0,101.3,380,37512,410.0,业主诚心出售,"近地铁
新上
南
民水民电",342.0,33761
南山,南油,福园花园,3.0,2.0,86.32,400,46339,341.0,大南山脚下3房不到400万 福园花园,"近地铁
新上
东
民水民电",360.0,41705
宝安,沙井,万科翡丽郡（一期）,5.0,2.0,142.67,900,63082,,高档小区，人文荟萃高品质的象征，豪华婚装！,"南
民水民电
电梯房
精装修",810.0,56774
宝安,新安,华联城市全景花园,1.0,1.0,48.0,250,52083,303.0,一房一厅 小户型 低总价 费用少 价格可谈,"近地铁
新上
南
民水民电",225.0,46875
宝安,沙井,棕榈堡花园,4.0,2.0,134.0,655,48880,,棕榈堡 畅想真正的浪漫花园洋房生活，回家就是一种度假,"新上
南北通
民水民电
电梯房",589.5,43992
宝安,福永,御景水岸花园,5.0,2.0,172.0,1800,104651,,临107国道，近广深高速,"新上
南北通
民水民电
电梯房",1620.0,94186
宝安,沙井,万科翡丽郡（一期）,3.0,2.0,86.83,470,54128,,畅想真正的浪漫花园洋房生活，回家就是一种度假,"新上
南北通
民水民电
拎包入住",423.0,48715
宝安,沙井,丽沙花都,2.0,2.0,69.96,253,36163,,宝安沙井丽沙花都两房业主诚意出售交通便利配套齐全,"新上
南
民水民电
电梯房",227.7,32547
宝安,沙井,中熙香莎公馆,4.0,2.0,114.0,630,55263,,香莎公馆经典复式！朝南户型！全明！精装修！,"新上
南
民水民电
电梯房",567.0,49737
宝安,沙井,鸿荣源禧园,3.0,2.0,104.38,600,57482,480.0,畅想真正的浪漫花园洋房生活，回家就是一种度假,"近地铁
新上
西南
民水民电",540.0,51734
宝安,沙井,棕榈堡花园,2.0,2.0,78.0,335,42948,,棕榈堡两房 畅想真正的浪漫花园洋房生活，回家就是一种度假,"新上
南
民水民电
电梯房",301.5,38653
宝安,沙井,鸿荣源禧园,3.0,2.0,108.89,500,45917,480.0,鸿荣源禧园 地铁口三加一房 中间楼层 户型实用率高朝南采光好,"近地铁
新上
南
民水民电",450.0,41325
宝安,福永,御景水岸花园,6.0,4.0,172.37,1800,104426,,御景水岸叠加别墅  豪华装修  小区绿化率高,"新上
南
民水民电
电梯房",1620.0,93983
宝安,宝安中心区,熙龙湾（二期）,4.0,2.0,181.09,2280,125904,347.0,熙龙湾2期花园.摩天轮海景豪宅.户型方正实用南北通透住家舒适,"近地铁
新上
东南
民水民电",2052.0,113314
罗湖,布心,淘金山湖景花园二期,3.0,2.0,83.0,480,57831,856.0,新上好房，小区环境绿化优美，车位充足，业主诚心出售,"近地铁
新上
南
民水民电",432.0,52048
罗湖,地王,松园南小区,3.0,1.0,101.6,380,37401,901.0,罗湖城芯读双名教學满五年看房 探底价私信我助您置好物,"近地铁
新上
东
民水民电",342.0,33661
宝安,新安,新安湖花园（三期）,1.0,1.0,34.87,300,86033,425.0,宝中小户型急售，看房方便,"近地铁
新上
南
民水民电",270.0,77430
龙岗,龙岗中心城,城市花园(龙岗),2.0,2.0,73.92,215,29085,433.0,16号地铁口，满五年红本在，近公园，周边配套齐全，急售,"近地铁
南
民水民电",193.5,26176
宝安,沙井,中熙香莎公馆,3.0,2.0,93.41,490,52456,,香莎公馆高层大三房业主精心装修，省心拎包入住,"新上
南
民水民电
电梯房",441.0,47210
罗湖,黄贝岭,深业东岭花园（二期）,2.0,2.0,70.39,490,69612,435.0,深业东岭二期 大阳台东南朝向大两房 香港业主急售好房,"近地铁
新上
东南
民水民电",441.0,62651
罗湖,黄贝岭,深业东岭花园（二期）,1.0,,36.0,245,68055,435.0,深业东岭二期 大单间住家装修 满五税少翠园本部未用,"近地铁
新上
东南
民水民电",220.5,61250
罗湖,黄贝岭,深业东岭花园（二期）,3.0,2.0,70.25,458,65195,435.0,深业东岭二期低总价入住小三房两厅两卫 红本满五 翠园本部未用,"近地铁
新上
东南
民水民电",412.2,58676
罗湖,黄贝岭,深业东岭花园（二期）,2.0,2.0,70.38,440,62517,435.0,深业东岭大阳台两房 住家装修拎包入住 红本满五 翠园本部未用,"近地铁
新上
西北
民水民电",396.0,56265
罗湖,黄贝岭,深业东岭花园（二期）,2.0,1.0,54.92,380,69191,435.0,深业东岭二期 看山景两房 红本满五税少 翠园本部未用,"近地铁
新上
西北
民水民电",342.0,62272
罗湖,黄贝岭,深业东岭花园（二期）,4.0,2.0,135.64,1000,73724,435.0,深业东岭二期13米长阳台 带大入户 豪华装修翠园本部未用急售,"近地铁
新上
西北
民水民电",900.0,66352
罗湖,黄贝岭,靖轩豪苑,2.0,1.0,72.14,385,53368,315.0,靖轩豪苑西南朝向高层住家安静 红本满五急售,"近地铁
新上
西南
民水民电",346.5,48031
罗湖,黄贝岭,靖轩豪苑,2.0,2.0,73.0,430,58904,315.0,368万急售 近双地铁 带翠园学..位,"近地铁
新上
南
民水民电",387.0,53014
宝安,新安,华联城市全景花园,1.0,1.0,48.08,230,47836,303.0,宝中小户型急售，看房方便,"近地铁
新上
南
民水民电",207.0,43052
宝安,松岗,畔山御景花园,5.0,2.0,175.41,606,34547,881.0,畔山花园中海西岸华府北侧，大五房超性价比出售,"近地铁
南北通
民水民电
电梯房",545.4,31092
宝安,新安,华联城市全景花园,1.0,1.0,48.0,300,62500,303.0,宝中小户型急售，看房方便,"近地铁
新上
南
民水民电",270.0,56250
南山,前海,诺德假日花园,2.0,2.0,66.5,550,82706,435.0,诺德假日花园7栋朝东 看花园高楼层视野开阔满五年业主低价出售,"近地铁
新上
南
民水民电",495.0,74435
宝安,沙井,中熙香莎公馆,3.0,2.0,89.16,380,42620,,香莎公馆舒适楼层三房，性价比房源,"新上
东南
民水民电
电梯房",342.0,38358
宝安,新安,都市翠海华苑,1.0,1.0,38.74,730,188435,108.0,宝中小户型急售，看房方便,"近地铁
南
民水民电
电梯房",657.0,169592
宝安,新安,都市翠海华苑,2.0,1.0,52.7,430,81593,108.0,宝中2房急售，看房方便,"近地铁
新上
南
民水民电",387.0,73434
宝安,新安,君成雍和园,1.0,1.0,53.2,320,60150,83.0,宝中小户型急售，看房方便,"近地铁
新上
南
民水民电",288.0,54135
宝安,松岗,中海西岸华府北区,3.0,2.0,108.41,390,35974,380.0,中海西岸华府住家三房，装修保养好,"近地铁
南
民水民电
电梯房",351.0,32377
罗湖,翠竹,怡泰大厦,3.0,2.0,99.65,600,60210,339.0,翠竹外国语笑区 南向三房 高层视野景观好 临近地铁口,"近地铁
新上
南
民水民电",540.0,54189
龙岗,龙岗中心城,城市花园(龙岗),2.0,2.0,82.0,236,28780,433.0,16号地铁口，满五年红本在手，南北通透，看房方便，急售,"近地铁
新上
南
民水民电",212.4,25902
龙岗,龙岗中心城,天健花园（三期）,3.0,2.0,109.89,348,31668,411.0,天健郡城，南北通3房，满五年红本在手，16号地铁口，看房方便,"近地铁
新上
南北通
民水民电",313.2,28501
宝安,福永,华强城,4.0,2.0,126.88,680,53593,140.0,地铁口物业 中间楼栋  大四房  南北通透 安静 满五年,"近地铁
新上
南北通
民水民电",612.0,48234
宝安,沙井,拾悦城,3.0,2.0,86.0,300,34883,410.0,拾悦城精装三房 满五唯一税费少 配套完善,"近地铁
新上
南
民水民电",270.0,31395
福田,宝安南,鸿翔花园,3.0,2.0,114.65,800,69777,299.0,鸿翔花园，精装修三房，西北向，业主诚心出售，欢迎预约看房,"近地铁
西北
民水民电
电梯房",720.0,62799
福田,宝安南,鸿翔花园,3.0,2.0,140.0,1180,84285,299.0,正南向四房两厅方正实用通风采光好,"近地铁
东南
民水民电
电梯房",1062.0,75856
宝安,沙井,棕榈堡花园,4.0,2.0,140.35,580,41325,,高档小区，人文荟萃高品质的象征，豪华婚装！,"新上
南北通
民水民电
电梯房",522.0,37192
宝安,沙井,博林君瑞,3.0,2.0,89.0,350,39325,,博林君瑞 高档社区景观好房稍纵即逝！,"新上
西南
民水民电
电梯房",315.0,35392
宝安,沙井,鸿荣源禧园,4.0,2.0,157.46,760,48266,480.0,鸿荣源禧园 南北通五房 地铁口物业 中高楼层使用率高,"近地铁
新上
南
民水民电",684.0,43439
龙岗,坂田,第五园(九期紫悦山),3.0,2.0,88.0,440,50000,,万科次新小区全新精装大三房，朝南向视野景观非常漂亮，业主诚售,"新上
西南
民水民电
电梯房",396.0,45000
福田,香蜜湖,翠海花园（一期）,2.0,1.0,65.0,880,135384,259.0,翠海花园65平米2房凤凰房红本在手税少,"近地铁
新上
北
民水民电",792.0,121846
罗湖,地王,金众经典家园,2.0,2.0,56.0,350,62500,437.0,附近双地铁口，四通八达，交通便利，出行方便,"近地铁
新上
东南
民水民电",315.0,56250
福田,香蜜湖,东海花园（一期）,4.0,2.0,154.0,1650,107142,464.0,东海花园新出笋盘低于市场300个装修好,"近地铁
新上
西北
民水民电",1485.0,96428
宝安,桃源居,桃源居六区,2.0,2.0,57.0,285,50000,837.0,西乡2房急售，看房方便,"近地铁
南
民水民电
电梯房",256.5,45000
宝安,新安,都市翠海华苑,1.0,1.0,38.74,650,167785,108.0,宝中小户型急售，看房方便,"近地铁
东南
民水民电",585.0,151006
福田,水围,金港豪庭,2.0,2.0,76.0,560,73684,467.0,金港豪庭，端头位置2+1房装修漂亮，满五年诚心岀售可议价。,"近地铁
新上
北
民水民电",504.0,66316
龙岗,布吉,信义假日名城(五期B山翠居),3.0,2.0,86.0,420,48837,676.0,布吉信义五期81平三房可百变四房业主自己住家看房方便诚心出售,"近地铁
东
民水民电
电梯房",378.0,43953
罗湖,洪湖,鹏大厦,1.0,1.0,41.0,350,85365,248.0,带深中在，户型方正厅出阳台，费用少，价格好谈，随时看房,"近地铁
新上
东
民水民电",315.0,76828
南山,华侨城,纯水岸十五期,5.0,2.0,275.9,5000,181225,,纯水岸十五期精装4+2房 南北通透业主急卖，看房方便！,"新上
南北通
民水民电
电梯房",4500.0,163102
宝安,沙井,中熙香莎公馆,3.0,2.0,89.19,460,51575,,香莎公馆 经典三房！全明！精装修！两证齐全！,"新上
南
民水民电
电梯房",414.0,46418
宝安,沙井,博林君瑞,3.0,2.0,89.14,350,39264,,高档小区 人文荟萃 高品质的象征,"新上
西
民水民电
电梯房",315.0,35338
宝安,福永,金石雅苑,3.0,2.0,106.47,410,38508,,金石雅苑高层大三房 看湖景 满二年,"新上
南
民水民电
电梯房",369.0,34657
宝安,沙井,博林君瑞,3.0,2.0,89.31,430,48146,,空间布局有致 和谐有序 清新空气自由穿行,"新上
南
民水民电
电梯房",387.0,43331
宝安,沙井,中熙香莎公馆,3.0,2.0,89.19,360,40363,,香莎公馆 精致户型 享受无限阳光生活,"新上
南
民水民电
电梯房",324.0,36327
宝安,沙井,西荟城（二期）,4.0,2.0,143.0,800,55944,970.0,南北通透 两卧客厅全南 户型非常棒,"近地铁
新上
南
民水民电",720.0,50350
宝安,沙井,中熙香莎公馆,4.0,2.0,112.3,500,44523,,香莎公馆复式  畅想真正的浪漫花园洋房生活 回家就是一种度假,"南
民水民电
电梯房
有钥匙",450.0,40071
宝安,沙井,拾悦城,3.0,2.0,87.83,380,43265,410.0,拾悦城精装三房  近公园近地铁 回家就是一种度假,"近地铁
新上
南北通
民水民电",342.0,38938
宝安,沙井,博林君瑞,3.0,2.0,89.0,460,51685,,畅想真正的浪漫花园洋房生活 回家就是一种度假,"新上
东南
民水民电
电梯房",414.0,46516
宝安,福永,金石雅苑,3.0,2.0,106.38,480,45121,,成熟高档社区 景观好房 稍纵即逝！,"东南
民水民电
电梯房
拎包入住",432.0,40609
福田,香蜜湖,东海国际公寓,3.0,2.0,199.22,1500,75293,409.0,急售，东海国际公寓东南向四房，业主移民诚心出售，带德系进口家,"近地铁
新上
东南
民水民电",1350.0,67764
宝安,宝安中心区,壹方中心·玖誉(一期),5.0,3.0,489.33,8800,179837,250.0,壹方玖誉花园.地段好.户型方正装修豪华一线海景豪宅.急卖,"近地铁
新上
东南
民水民电",7920.0,161853
龙华,龙华中心,壹成中心花园(九区),5.0,2.0,130.76,850,65004,,地铁口物业豪华装修看房方便,"南
民水民电
电梯房
精装修",765.0,58504
龙岗,龙岗中心城,公园大地花园,5.0,2.0,184.0,1100,59782,953.0,公园大地花园！保养非常优质！南北通透拎包入住！谈价找我有惊喜,"近地铁
新上
南
民水民电",990.0,53804
龙华,龙华中心,锦绣江南（一期）,2.0,2.0,74.78,328,43861,,一期B区三楼南北通大两房 前后双花园景观 安静,"新上
南
民水民电",295.2,39475
龙岗,布吉,桂芳园（八期）,2.0,2.0,77.0,290,37662,668.0,布吉东大街桂芳园八期实用电梯两房满5急售看房方便,"近地铁
新上
东北
民水民电",261.0,33896
宝安,福永,万科金色领域（三期）,3.0,2.0,88.0,330,37500,713.0,万科金色领域三房 好的房子 地铁口物业,"近地铁
新上
南
民水民电",297.0,33750
南山,华侨城,天鹅堡一期,3.0,2.0,221.0,1850,83710,,华侨城天鹅堡精装4房2厅东南向满五唯一红本税费少安静园景诚售,"东南
民水民电
电梯房
带家私",1665.0,75339
南山,华侨城,香山美墅云颂,4.0,2.0,171.0,2040,119298,,新出端头位置 香山美墅高层精装四房 南北通透 看高尔夫景,"新上
南
民水民电
电梯房",1836.0,107368
福田,香蜜湖,港中旅花园（一期）,3.0,2.0,113.71,1750,153900,55.0,1楼带小花园精装3房2卫保养业主诚售,"近地铁
新上
西南
民水民电",1575.0,138510
宝安,沙井,嘉富新禧花园,3.0,2.0,95.0,420,44210,,嘉富新禧花园三房 精致户型 享受无限阳光生活,"新上
民水民电
带家电
精装修",378.0,39789
宝安,沙井,会展湾雍境花园,3.0,2.0,89.01,350,39321,,会展湾雍境三房 次新小区 地铁口物业 环境配套完善,"新上
东南
民水民电
电梯房",315.0,35389
南山,华侨城,锦绣花园二期,3.0,2.0,177.45,1350,76077,399.0,南山华侨城，锦绣花园方正四房，低容积率大花园，底价有惊喜,"近地铁
新上
东
民水民电",1215.0,68469
宝安,沙井,珑湾上城花园,2.0,2.0,60.0,230,38333,,精品公寓二房 适合年经人首次购房 总价低,"新上
南
民水民电
电梯房",207.0,34500
南山,华侨城,纯水岸十五期,4.0,2.0,274.7,5800,211139,,经典4+1房，南北通透，全新毛坯，景观一流，居家首选,"新上
东南
民水民电
电梯房",5220.0,190025
宝安,福永,中粮凤凰里,4.0,2.0,124.68,560,44914,999.0,中粮凤凰里精装好房  好的房子不是用来欣赏的 是用来享受的,"近地铁
西北
民水民电
电梯房",504.0,40423
宝安,沙井,万丰海岸城瑧园,3.0,2.0,90.86,498,54809,,海岸城 精致户型 享受无限阳光生活,"新上
东南
民水民电
电梯房",448.2,49328
宝安,宝安中心区,壹方中心·玖誉(二期),4.0,2.0,148.5,2220,149494,250.0,壹方玖誉花园.前海高端豪宅.户型方正南北通透.鸿荣源奢居大宅,"近地铁
新上
东南
民水民电",1998.0,134545
福田,梅林,梅林一村,3.0,2.0,90.0,510,56666,382.0,梅林一村三区方厅可以目送孩子入学下楼公园生态景观,"近地铁
新上
北
民水民电",459.0,50999
南山,华侨城,香山美墅云颂,4.0,2.0,165.0,2100,127272,,香山美墅5期，户型南北通透，高层视野好,"南
民水民电
电梯房
有钥匙",1890.0,114545
南山,蛇口,雍景湾花园,2.0,1.0,81.96,980,119570,787.0,雍景湾花园，标准三房，看花园，近四海公园和育才二小二中,"近地铁
南
民水民电
拎包入住",882.0,107613
宝安,宝安中心区,壹方中心·玖誉(一期),7.0,3.0,489.06,8800,179937,250.0,壹方玖誉花园.前海塔尖圈层大户型豪宅.南北通透看房方便急卖,"近地铁
新上
南北通
民水民电",7920.0,161943
罗湖,莲塘,东方.尊峪花园,3.0,2.0,143.0,700,48951,832.0,"万科东方尊峪,南北通透，带空中露台，实用160平，随时可看","近地铁
新上
南
民水民电",630.0,44056
福田,香蜜湖,兰江山第,5.0,2.0,298.3,3000,100569,,万科瑧山道298平大平层5加1房，三面采光，安静看山景,"新上
南北通
民水民电
电梯房",2700.0,90512
罗湖,翠竹,金丽豪苑,2.0,1.0,63.15,360,57007,319.0,380万急售 精装2房 带翠北加深中 近双地铁,"近地铁
西南
民水民电
电梯房",324.0,51306
龙岗,大运,星河时代,7.0,3.0,220.0,2500,113636,696.0,龙岗大运下叠别墅，实用680平，新装修，看房私,"近地铁
新上
南
民水民电",2250.0,102272
宝安,桃源居,桃源居十一区,4.0,2.0,110.0,468,42545,461.0,户型方正 通风采光好 近地铁 配套成熟,"近地铁
新上
南
民水民电",421.2,38290
龙岗,龙岗中心城,万科天誉花园（二期）,3.0,2.0,88.0,350,39772,372.0,急卖地铁口，满5年，红本,"近地铁
西南
民水民电
电梯房",315.0,35795
盐田,沙头角,御景翠峰,1.0,1.0,29.78,168,56413,701.0,次新小区，地铁口物业，1房，1站到罗湖,"近地铁
新上
南
民水民电",151.2,50772
福田,水围,金港豪庭,1.0,1.0,47.0,280,59574,467.0,刚需房源，租金高,"近地铁
新上
民水民电
电梯房",252.0,53617
盐田,沙头角,君临海域（一期）,2.0,1.0,66.56,220,33052,418.0,君临海域。精装修，保养好，2+1户型，满足居家需求，看房电话,"近地铁
新上
东南
民水民电",198.0,29747
龙岗,大运,颐安都会中央花园（二期）,3.0,2.0,89.0,355,39887,280.0,"颐安二期，满五年红本，税费少,三房精装修，南北通透看花园","近地铁
新上
南
民水民电",319.5,35898
盐田,梅沙,万科东海岸三期（云山居）,3.0,2.0,165.0,900,54545,,万科海景大平面，精装入住,"新上
南
民水民电
电梯房",810.0,49090
龙岗,龙岗中心城,新亚洲花园,4.0,2.0,129.0,410,31782,,新亚洲花园小区位于吉祥路中路与龙翔大道交汇处，背靠龙城公园,"新上
东南
民水民电
电梯房",369.0,28604
龙岗,龙岗中心城,龙园大观花园（一期）,2.0,2.0,69.0,180,26086,,龙园大观  精装两房急售  中间楼层  东南朝向,"新上
东南
民水民电
电梯房",162.0,23477
南山,西丽,宝能城花园,4.0,2.0,89.0,1100,123595,207.0,经理推荐！宝能城花园精装4房中高楼层户型方正价格美丽,"近地铁
南北通
民水民电
电梯房",990.0,111236
罗湖,人民南,阳光新干线家园,1.0,1.0,39.2,161,41071,224.0,阳光新干线家园 文锦口岸 深港通勤 业主着急出 还能谈,"近地铁
新上
北
民水民电",144.9,36964
南山,西丽,宝能城花园,5.0,2.0,199.05,3200,160763,207.0,宝能城花园大平层户型方正业主诚心出售价格好谈,"近地铁
南北通
民水民电
带家私",2880.0,144687
南山,西丽,宝能城花园,4.0,2.0,89.0,1080,121348,207.0,宝能城精装小4房，地铁口物业，车位多,"近地铁
新上
南
民水民电",972.0,109213
罗湖,翠竹,怡泰大厦,3.0,1.0,57.94,290,50051,339.0,业主房产证已满五年，且只有一套房产,"近地铁
新上
东南
民水民电",261.0,45046
南山,西丽,宝能城花园,3.0,2.0,87.0,820,94252,207.0,业主急卖价格好谈，宝能城精装3房，南方科技大学旁，塘朗地铁站,"近地铁
新上
南
民水民电",738.0,84827
南山,西丽,宝能城花园,4.0,2.0,89.0,780,87640,207.0,宝能城花园，精装，全明户型，商圈成熟，进地铁站,"近地铁
新上
北
民水民电",702.0,78876
南山,西丽,宝能城花园,4.0,2.0,89.0,890,100000,207.0,宝能城周边配套成 熟交通便利 商圈丰富 近公园 户型实用,"近地铁
新上
南北通
民水民电",801.0,90000
南山,西丽,宝能城花园,4.0,2.0,135.0,1500,111111,207.0,业主诚心出售，高层南北通透，次新房南，满五惟一,"近地铁
新上
南
民水民电",1350.0,100000
福田,皇岗口岸,御花园,2.0,2.0,70.66,510,72176,308.0,皇岗口岸皇御苑三期户型方正的两房适宜居家的社区,"近地铁
新上
西北
民水民电",459.0,64958
龙岗,坂田,第五园（八期）,5.0,2.0,142.89,1100,76982,810.0,第五园八期 高实用叠墅 诚心放卖 配套成熟 住家舒适,"近地铁
新上
南
民水民电",990.0,69284
盐田,梅沙,东部华侨城天麓（六区）,4.0,2.0,206.0,1200,58252,,大梅沙天麓别墅，毛坯，山海景观，千山万水,"新上
东南
民水民电
有钥匙",1080.0,52427
宝安,沙井,丽沙花都,3.0,2.0,95.19,350,36768,,丽沙花都精装3房2卫朝南通风采光好业主急售价格可谈！！,"新上
南
民水民电
拎包入住",315.0,33091
南山,南头,阳光里雅居,2.0,2.0,45.0,328,72888,415.0,阳光里雅居 11号南山站100米 近来福士海岸城 随时看房,"近地铁
新上
南
民水民电",295.2,65599
南山,前海,雷圳碧榕湾海景花园,3.0,2.0,90.77,699,77007,325.0,罗宝线-鲤鱼门  、罗宝线-大新  、环中线-前海湾,"近地铁
新上
南
民水民电",629.1,69306
龙岗,布吉,龙珠花园（C区）,2.0,1.0,59.0,138,23389,561.0,配套齐全交通便利两房,"近地铁
新上
东
民水民电",124.2,21050
南山,前海,绿海名都,2.0,2.0,69.0,620,89855,360.0,绿海名都 近地铁商圈 诚心出售,"近地铁
新上
北
民水民电",558.0,80870
宝安,新安,君成雍和园,4.0,2.0,88.47,628,70984,83.0,双地铁口，停车方便，雍和园精装4房，双阳台看花园，只要契税,"近地铁
新上
西南
民水民电",565.2,63886
宝安,宝安中心区,高发西岸花园（三期）,8.0,3.0,297.64,4700,157908,353.0,前海空中别墅 诚心出售 全新毛坯 未入住 欢迎来电咨询,"近地铁
新上
南
民水民电",4230.0,142117
罗湖,布心,松泉公寓,1.0,,32.0,178,55625,520.0,翠园东晓在隔壁，满五年看房方便，低总价上车盘,"近地铁
南
民水民电
带家电",160.2,50062
盐田,盐田港,佳兆业山海苑,3.0,2.0,83.0,330,39759,725.0,（盐田居住次新楼盘）精装大3房业主急售可谈,"近地铁
东南
民水民电
电梯房",297.0,35783
宝安,碧海,前城滨海花园,3.0,2.0,75.0,780,104000,115.0,价格可谈诚心卖，高层看房方便，实用高，精装保养好，舒适好停车,"近地铁
新上
西北
民水民电",702.0,93600
宝安,桃源居,桃源居十五区,4.0,2.0,106.76,460,43087,518.0,3房户型 使用率高 近地铁 通风采光好 价格可谈,"近地铁
新上
北
民水民电",414.0,38778
罗湖,翠竹,翠竹苑,2.0,2.0,38.27,380,99294,326.0,户型南北通透，生活配套齐全。,"近地铁
东北
民水民电
电梯房",342.0,89365
罗湖,翠竹,合正荣悦,2.0,2.0,65.63,450,68566,410.0,诚心出售，价格可议,"近地铁
新上
民水民电
电梯房",405.0,61709
南山,前海,星海名城（三期）,2.0,2.0,76.76,500,65138,698.0,前海星海名城2房，诚心出售价格可谈，近地铁近前海自贸区,"近地铁
新上
南
民水民电",450.0,58624
龙岗,大运,星河时代,4.0,2.0,153.0,850,55555,696.0,大运片区高端楼盘龙岗的标杆大运地铁站小区楼间距宽，采光好,"近地铁
南
民水民电
电梯房",765.0,50000
罗湖,人民南,冠懋金色都汇（金色都汇）,2.0,1.0,46.0,330,71739,121.0,春风路 地铁口物业复式好房 实用面积高,"近地铁
新上
北
民水民电",297.0,64565
罗湖,翠竹,翠竹苑,3.0,2.0,98.0,480,48979,326.0,翠竹苑新上大三房业主急售看房方便红本在手满五年随时过户,"近地铁
新上
民水民电
电梯房",432.0,44081
盐田,沙头角,君临海域（一期）,5.0,2.0,244.0,1200,49180,418.0,海景大平层端立位全新房子,"近地铁
新上
南
民水民电",1080.0,44262
罗湖,翠竹,金丽豪苑,1.0,1.0,42.33,330,77958,319.0,深中朝南，钥匙看房，价格可谈，老业主,"近地铁
新上
南
民水民电",297.0,70162
罗湖,翠竹,翠竹苑,3.0,2.0,52.0,300,57692,326.0,诚心出售，价格可议,"近地铁
新上
民水民电
电梯房",270.0,51923
罗湖,翠竹,合正荣悦,3.0,2.0,82.0,700,85365,410.0,合正荣悦车位充足。翠竹。一手单位毛坯。红本在手价格可谈,"近地铁
新上
民水民电
电梯房",630.0,76828
龙岗,布吉,中海怡翠山庄,2.0,2.0,67.53,198,29320,667.0,中海怡翠山庄 温馨两居 赠送露台 业主诚心出售,"近地铁
新上
南
民水民电",178.2,26388
盐田,梅沙,万科东海岸四期（达观居）,1.0,1.0,88.0,390,44318,,万科东海岸新上架房子，业主诚心出售，看房随时都可以安排,"新上
南
民水民电
电梯房",351.0,39886
罗湖,翠竹,翠拥华庭,2.0,1.0,46.37,238,51326,477.0,翠拥华 庭近地铁 靠山物业 花园式小区 住家舒适,"近地铁
新上
西
民水民电",214.2,46193
盐田,沙头角,壹海城（二期）,3.0,2.0,154.19,630,40858,190.0,壹海城玺湾 纯大户型 山海豪宅 大阳台 3房2卫,"近地铁
新上
南
民水民电",567.0,36772
福田,福田中心区,黄埔雅苑（一期翠悠园）,3.0,2.0,107.72,900,83549,270.0,黄埔雅苑经典户型107平三房户型方正厨房方正装修漂亮拎包入住,"近地铁
新上
北
民水民电",810.0,75194
罗湖,百仕达,百仕达花园一期,6.0,2.0,279.08,2000,71664,461.0,百仕达一期，复式房，业主诚售，随时可看,"近地铁
新上
南北通
民水民电",1800.0,64498
盐田,盐田港,佳兆业山海苑,3.0,2.0,105.61,320,30300,725.0,佳兆业山海城新上架房子，业主诚心出售，随时可以看房,"近地铁
新上
南
民水民电",288.0,27270
龙岗,坂田,佳兆业城市广场（五期）,4.0,2.0,90.4,450,49778,826.0,佳兆业五期 精装3+2户型 南北通透 地铁口 业主急售,"近地铁
新上
南北通
民水民电",405.0,44800
南山,华侨城,锦绣花园一期,5.0,2.0,228.0,1480,64912,284.0,华侨场锦绣花园顶楼复式南向海景五房，少有放卖户型，诚心卖税,"近地铁
新上
西北
民水民电",1332.0,58421
罗湖,翠竹,金丽豪苑,1.0,1.0,42.77,320,74818,319.0,金丽豪苑精装修小区性价比高业主诚心出售看房方便价格可谈,"近地铁
新上
东
民水民电",288.0,67336
龙华,民治,春华四季园（二期）,5.0,2.0,157.93,800,50655,661.0,龙岸花园客厅出阳台大平层赠送大露台捡漏急售急售,"近地铁
南北通
民水民电
电梯房",720.0,45590
龙岗,龙岗中心城,万科清林径,6.0,2.0,198.13,700,35330,,万科物业 笋盘推荐！背靠40万平森林公园！商业配套齐全,"南
民水民电
有钥匙",630.0,31797
龙岗,坂田,第五园（五期）,1.0,1.0,85.72,350,40830,,第五园 南北通透精装修 万科物业管理好  业主急售,"南北通
民水民电
电梯房
拎包入住",315.0,36747
宝安,沙井,万科翡丽郡（一期）,3.0,2.0,87.32,290,33211,,沙井万科翡丽郡 精装修大3房 业主急售 价格好谈,"新上
南
民水民电
电梯房",261.0,29890
南山,华侨城,世纪村1期,3.0,2.0,133.75,1100,82242,606.0,业主诚心出售价格好谈大型社区装修保养好拎包入住,"近地铁
新上
东
民水民电",990.0,74018
南山,科技园,大冲新城花园,1.0,1.0,50.0,330,66000,461.0,大冲新城花园两房急售,"近地铁
新上
南
民水民电",297.0,59400
盐田,沙头角,碧桐湾,2.0,2.0,64.0,220,34375,296.0,沙头角口岸  碧桐湾  两房  看海景  性价比高税  好房,"近地铁
新上
东南
民水民电",198.0,30938
罗湖,翠竹,愉天小区,1.0,1.0,41.64,380,91258,335.0,深中未用，愉天小区，低总价，上车盘,"近地铁
新上
东
民水民电",342.0,82132
坪山,坪山中心区,天峦湖花园,4.0,2.0,130.0,500,38461,,户型方正，采光好，漂亮的天峦湖，随时看房,"新上
南北通
民水民电
电梯房",450.0,34615
宝安,宝安中心区,深业新岸线（三期）,4.0,2.0,150.36,1289,85727,569.0,深业花园.生活配套齐全.户型方正装修豪华.花园大绿化率较高.,"近地铁
新上
南
民水民电",1160.1,77154
宝安,宝安中心区,深业新岸线（三期）,3.0,2.0,122.0,980,80327,569.0,深业新岸线三期，满五年，赠送面积大，客厅出阳台朝南看花园,"近地铁
新上
东南
民水民电",882.0,72294
宝安,碧海,华丰前海湾（二期）,3.0,2.0,87.47,580,66308,748.0,碧海湾标杆 高层看海景3房 只有契税  价格可谈,"近地铁
东南
民水民电
电梯房",522.0,59677
福田,香蜜湖,东海国际公寓,3.0,2.0,200.0,1350,67500,409.0,东海国际公寓南向海景单位业主诚心出售,"近地铁
新上
东南
民水民电",1215.0,60750
罗湖,莲塘,四季御园（新世界四季御园）,3.0,2.0,80.0,438,54750,340.0,南向，安静三房，赠送面积多，急卖,"近地铁
新上
南
民水民电",394.2,49275
福田,香蜜湖,宝能公馆V-House,3.0,2.0,98.0,550,56122,497.0,香蜜湖次新房，新上三房笋盘，总价低，深高护航，急卖,"近地铁
新上
南
民水民电",495.0,50510
龙华,龙华中心,壹成中心花园(五区),4.0,2.0,88.33,480,54341,,壹成五区88.33平高楼层朝向南,"新上
东
民水民电
电梯房",432.0,48907
龙岗,大运,颐安都会中央花园（二期）,2.0,2.0,77.0,310,40259,280.0,"颐安二期，满五年红本，税费少,三房精装修，南北通透看花园","近地铁
西
民水民电
电梯房",279.0,36233
龙岗,大运,中海康城花园,2.0,2.0,73.0,230,31506,,中海康城南北通透大两房可改三房,"新上
北
民水民电
电梯房",207.0,28355
宝安,西乡,招商果岭,3.0,1.0,81.52,530,65014,,"招商果岭花园,沃尔玛购物广场","新上
东南
民水民电
电梯房",477.0,58513
南山,前海,星海名城（五期）,2.0,2.0,72.06,500,69386,946.0,资源丰富，小区内自带三所幼儿园,"近地铁
新上
北
民水民电",450.0,62447
盐田,沙头角,上东湾,2.0,2.0,43.0,200,46511,266.0,（急卖新上 上东湾 口岸物业  过关方便  精装两房 税费少,"近地铁
新上
东北
民水民电",180.0,41860
龙岗,布吉,信义荔山公馆（景和园）,3.0,2.0,88.86,433,48728,527.0,荔山公馆8号公馆环境优美，靠公园的家，房子户型带有超大阳台。,"近地铁
新上
西南
民水民电",389.7,43855
南山,前海,前海时代,3.0,2.0,132.0,1380,104545,650.0,小区位于前海深港基金小镇旁，未来曼哈顿，地理位置佳,"近地铁
新上
西南
民水民电",1242.0,94090
罗湖,翠竹,龙屋,3.0,2.0,79.9,385,48185,550.0,龙屋业主诚心出售，黄金楼层,"近地铁
新上
南
民水民电",346.5,43366
盐田,沙头角,御景翠峰,4.0,2.0,140.07,685,48904,701.0,山海景观，大平层，赠送60平 南北通,"近地铁
新上
南
民水民电",616.5,44014
光明,公明中心区,中粮云景花园,2.0,2.0,72.38,248,34263,430.0,中粮云景方正户型急售,"近地铁
新上
南
民水民电",223.2,30837
罗湖,百仕达,君逸华府,2.0,1.0,66.72,400,59952,541.0,新上！66平两房业主诚心卖，翠园东晓书包房，满5年,"近地铁
新上
南
民水民电",360.0,53957
宝安,碧海,广兴源圣拿威,3.0,2.0,87.0,680,78160,812.0,园林风格独特，花园较大且人车分流，安静，绿化好,"近地铁
新上
西南
民水民电",612.0,70344
罗湖,莲塘,名骏豪庭,3.0,2.0,86.0,400,46511,703.0,附近配有大型商超，生活购物方便，富有生活气息,"近地铁
新上
南
民水民电",360.0,41860
罗湖,洪湖,鹏大厦,1.0,1.0,25.35,320,126232,248.0,270宛，业主有心卖，配套齐全，租金高，采光通透,"近地铁
新上
南
民水民电",288.0,113609
龙岗,龙岗中心城,龙园大观花园（一期）,3.0,2.0,89.0,228,25617,,龙园大观，精装三房，看房方便,"新上
南
民水民电
电梯房",205.2,23055
龙岗,龙岗中心城,龙园大观花园（一期）,3.0,2.0,89.0,228,25617,,龙园大观，三房，看房方便,"新上
南
民水民电
电梯房",205.2,23055
盐田,梅沙,万科东海岸四期（致远居）,3.0,2.0,206.0,890,43203,,万科东海岸四期，端头位置大复式，高楼层，看海景漂亮,"新上
东南
民水民电
电梯房",801.0,38883
宝安,桃源居,桃源居六区,3.0,2.0,84.53,386,45664,837.0,桃源居6区三房南北通透看房随时方便价格有空间,"近地铁
新上
南
民水民电",347.4,41098
盐田,沙头角,壹海城（一期）,4.0,2.0,160.99,680,42238,100.0,万科壹海城一期，价格可谈，配套齐全，交通便利,"近地铁
新上
南
民水民电",612.0,38014
盐田,盐田港,金港盛世华庭,6.0,2.0,186.98,900,48133,969.0,盐田中金港盛世的复试大宅,"近地铁
新上
南北通
民水民电",810.0,43320
盐田,梅沙,万科东海岸四期（海逸居）,5.0,4.0,247.0,1800,72874,,万科东海岸别墅，海景联排，已预留电梯位，满五年,"南
民水民电
有钥匙",1620.0,65587
宝安,碧海,绿海名居,2.0,2.0,78.0,418,53589,,绿海名居花园二房，成熟配套,"新上
东北
民水民电
电梯房",376.2,48230
盐田,沙头角,蓝郡广场,4.0,2.0,162.96,1533,94072,607.0,蓝郡广场小区，价格可谈，配套齐全，交通便利,"近地铁
新上
东南
民水民电",1379.7,84665
罗湖,百仕达,旭飞华达园,1.0,1.0,33.0,230,69696,510.0,业主大降10万，配套齐全，随时看房,"近地铁
新上
西南
民水民电",207.0,62726
坪山,坪山中心区,龙光玖云著大楼,2.0,2.0,51.0,82,16078,295.0,项目位于坪山区，离坪山高铁站很近,"近地铁
新上
北
民水民电",73.8,14470
罗湖,万象城,中海天钻,3.0,2.0,100.75,799,79305,399.0,蔡屋围，中海天钻100平米三房，东南朝向业主诚心出售。,"近地铁
新上
南
民水民电",719.1,71374
龙华,龙华中心,壹成中心花园(七区),5.0,2.0,123.93,776,62615,,壹成七区豪华装修南北通透5房,"近地铁
新上
南
民水民电",698.4,56354
南山,西丽,宝能城花园,3.0,2.0,87.21,1050,120399,207.0,安静户型精装修业主保养的很好配套齐全,"近地铁
新上
东南
民水民电",945.0,108359
罗湖,百仕达,万事达名苑,2.0,2.0,71.0,380,53521,491.0,"万事达名苑,270宛，近期入手看这套，业主有心卖，配套齐全","近地铁
新上
西
民水民电",342.0,48169
罗湖,布心,松泉公寓,2.0,2.0,61.36,168,27379,520.0,近期入手看这套，业主急卖，配套齐全，采光通透，翠园未用,"近地铁
新上
东南
民水民电",151.2,24641
罗湖,翠竹,翠竹苑,2.0,1.0,57.0,380,66666,326.0,品质物业，周到服务，保障小区环境，住的舒心,"近地铁
新上
南北通
民水民电",342.0,59999
福田,上下沙,蓝湾半岛,4.0,2.0,139.66,928,66447,424.0,笋盘推荐 福田标准4房2卫 南向阳光充足,"近地铁
新上
南北通
民水民电",835.2,59802
罗湖,洪湖,鹏大厦,1.0,1.0,37.7,330,87533,248.0,业主诚卖深中次新楼盘鹏大厦精装一房万科物业近水贝配套齐全,"近地铁
新上
东
民水民电",297.0,78780
龙岗,布吉,中海怡翠山庄,2.0,2.0,72.67,220,30273,667.0,中海怡翠山庄大花园社区，业主诚意出售两房。,"近地铁
新上
东南
民水民电",198.0,27246
罗湖,百仕达,百仕达花园一期,3.0,2.0,93.53,499,53351,461.0,百仕达一期3房业主诚意出售好谈看房预约,"近地铁
南北通
民水民电
电梯房",449.1,48016
福田,宝安南,鸿翔花园,1.0,1.0,47.77,200,41867,299.0,业主急卖，降价12.9万，随时看房,"近地铁
新上
东
民水民电",180.0,37680
宝安,新安,勤诚达22世纪二期,3.0,2.0,88.76,880,99143,193.0,勤诚达花园二期.经典户型三房两卫.精装修.税费低.诚意出售,"近地铁
新上
南北通
民水民电",792.0,89229
龙岗,布吉,信义金御半山（一期）,4.0,2.0,89.48,556,62136,527.0,布吉百鸽笼地铁口金御半山笋盘,"近地铁
新上
东南
民水民电",500.4,55922
福田,上下沙,蓝湾半岛,1.0,1.0,42.39,360,84925,424.0,新上架 高楼层厅出阳台 户型方正实用 楼下配套完善,"近地铁
新上
北
民水民电",324.0,76432
罗湖,翠竹,翠竹苑,2.0,1.0,49.8,300,60240,326.0,业主有心卖，199万，中小未用，近地铁，配套齐全，采光通透,"近地铁
新上
南
民水民电",270.0,54216
龙岗,布吉,信义荔山公馆（景和园）,5.0,2.0,135.07,1000,74035,527.0,朝南大五房 精装修 好楼层  看房方便,"近地铁
新上
南
民水民电",900.0,66632
宝安,宝安中心区,西城上筑花园,3.0,2.0,102.38,815,79605,470.0,西城上筑花园.周边城市配套成熟.户型方正地段优越.看房方便,"近地铁
新上
南
民水民电",733.5,71644
福田,香蜜湖,东海国际公寓,4.0,2.0,140.0,1250,89285,409.0,东海国际公寓东南4房税费少业主诚心出售！,"近地铁
新上
东南
民水民电",1125.0,80356
福田,百花,长城大厦(二花园),3.0,2.0,105.1,850,80875,442.0,"70年产权105.1平业主委卖,诚心出售,看房方便","近地铁
新上
南北通
民水民电",765.0,72788
罗湖,布心,松泉公寓,2.0,1.0,55.44,220,39682,520.0,松泉公寓业主急售红本在手满五年看房方便可溢价空间大,"近地铁
新上
南
民水民电",198.0,35714
宝安,碧海,碧海富通城（三期）,4.0,2.0,113.0,700,61946,942.0,业主诚心卖。价格可谈，富通大社区，税少，看房方便，精装保养好,"近地铁
东南
民水民电
电梯房",630.0,55751
宝安,西乡,白金假日公寓,2.0,2.0,42.75,228,53333,219.0,业主诚心卖，看房方便，住家舒适，价格可谈，精装税少,"近地铁
新上
南
民水民电",205.2,48000
罗湖,百仕达,翠苑大厦,3.0,2.0,93.0,380,40860,498.0,翠苑大厦业主有心卖，配套齐全，租金高，谈价空间大，采光通透,"近地铁
新上
南
民水民电",342.0,36774
龙岗,布吉,百合星城（二期）,4.0,2.0,117.48,560,47667,332.0,小区环境好，近地铁交通方便。大四房适合一家人居住。,"近地铁
南
民水民电
电梯房",504.0,42900
罗湖,黄贝岭,凤凰印象,1.0,1.0,41.3,216,52300,381.0,此房仅卖200万，读螺岭，地段好，租金可达4500以上,"近地铁
新上
北
民水民电",194.4,47070
罗湖,百仕达,东乐花园(罗湖),3.0,2.0,87.0,285,32758,393.0,急售  东乐花园  近地铁户型方正  价格可谈,"近地铁
新上
南
民水民电",256.5,29482
罗湖,翠竹,愉天小区,1.0,1.0,28.91,285,98581,335.0,深中+翠北书包双地铁口钥匙看房,"近地铁
新上
南
民水民电",256.5,88723
龙华,红山,公馆一八六六花园,3.0,2.0,87.87,635,72265,770.0,红山地铁口，豪宅标杆建筑楼盘，精装修三房，看花园泳池,"近地铁
新上
西南
民水民电",571.5,65038
龙华,龙华中心,壹成中心花园(七区),5.0,2.0,126.24,700,55449,,高楼层五房双阳台通风采光好,"新上
南北通
民水民电
电梯房",630.0,49904
罗湖,莲塘,名骏豪庭,2.0,2.0,67.09,245,36518,703.0,新出好房67平厅出阳台诚心出售245万红本惟一税费少,"近地铁
新上
北
民水民电",220.5,32866
盐田,梅沙,万科东海岸四期（致远居）,3.0,2.0,252.0,1200,47619,,万科东海岸，专梯入户，看海景无遮挡，价格好谈,"南
民水民电
电梯房
有钥匙",1080.0,42857
盐田,梅沙,东部华侨城天麓（六区）,4.0,4.0,271.18,2250,82970,,天麓双拼别墅，上下四层，高使用率，南北通透,"南北通
民水民电
有钥匙",2025.0,74673
宝安,碧海,前城滨海花园,3.0,2.0,89.41,930,104015,115.0,次新小区宏发前城精装三房，配套成熟，居家舒适,"近地铁
新上
西北
民水民电",837.0,93614
宝安,西乡,金港华庭,1.0,1.0,37.2,180,48387,710.0,书包在，满五唯一，金港一房超高性价比,"近地铁
新上
西南
民水民电",162.0,43548
宝安,宝安中心区,丽晶国际,2.0,2.0,79.72,589,73883,324.0,宝中两房 通风采光好  业主诚心卖,"近地铁
新上
西北
民水民电",530.1,66495
福田,香蜜湖,东海花园（一期）,4.0,2.0,153.62,1680,109360,464.0,东海花园新出笋盘毛坯有固定车位红本在手,"近地铁
新上
东北
民水民电",1512.0,98424
宝安,碧海,碧海富通城（三期）,1.0,1.0,37.35,190,50870,942.0,碧海笋盘丨富通城丨业主急售丨全明格局丨动静分区丨使用率高,"近地铁
东南
民水民电
电梯房",171.0,45783
坪山,坪山中心区,龙光玖云著大楼,2.0,2.0,51.0,83,16274,295.0,天虹商圈锦龙地铁口高赠送,"近地铁
新上
南
民水民电",74.7,14647
龙华,红山,公馆一八六六花园,3.0,2.0,86.11,580,67355,770.0,红山1866 超底 三房 急卖 朝南 近商圈 四大馆,"近地铁
新上
南
民水民电",522.0,60620
罗湖,百仕达,新港鸿花园,1.0,1.0,63.8,240,37617,549.0,新港鸿成熟社区业主诚心卖,"近地铁
新上
东北
民水民电",216.0,33855
福田,上下沙,金域蓝湾,3.0,2.0,108.26,910,84056,722.0,户型方正南北通，入户带赠送，看春笋深圳湾海景，带车位,"近地铁
新上
西南
民水民电",819.0,75650
盐田,盐田港,佳兆业山海苑,4.0,2.0,130.57,350,26805,725.0,急售房源！仅348价格好谈（佳兆业山海苑）只交契税，即买即住,"近地铁
新上
南北通
民水民电",315.0,24124
宝安,宝安中心区,花样年花乡,2.0,1.0,52.0,340,65384,564.0,宝安中区曼哈顿小镇南北通透户型阳光温馨好房欢迎您！！！,"近地铁
新上
东南
民水民电",306.0,58846
南山,华侨城,香山美墅云颂,3.0,2.0,137.7,1900,137981,,华侨城香山美墅景观大平面看房随时方便,"新上
南
民水民电
电梯房",1710.0,124183
罗湖,新秀,新秀村（北区）,3.0,2.0,93.0,268,28817,303.0,新秀村，东湖公园旁，精装三房，户型方正，价格可谈,"近地铁
新上
南
民水民电",241.2,25935
罗湖,洪湖,鹏大厦,1.0,1.0,23.0,450,195652,248.0,鹏公馆一房一厅【深中】地铁口，水贝商圈，近公园,"近地铁
新上
东南
民水民电",405.0,176087
宝安,新安,君成雍和园,3.0,2.0,88.02,588,66802,83.0,，3房户型 户型方正 使用率高 费用少 近地铁 价格可谈,"近地铁
新上
东南
民水民电",529.2,60122
南山,西丽,博林天瑞（二期）,5.0,2.0,189.82,1800,94826,633.0,博林天瑞精装修4房，朝南，高楼层采光好,"近地铁
新上
南北通
民水民电",1620.0,85343
宝安,西乡,合正汇一城,3.0,2.0,85.93,570,66333,66.0,西乡地铁口天虹上盖物业精装看花园3房满五年业主诚心出售,"近地铁
新上
西南
民水民电",513.0,59700
南山,华侨城,世纪村1期,3.0,2.0,155.0,1200,77419,606.0,世纪村南向，客厅出阳台，采光视野开阔,"近地铁
新上
东南
民水民电",1080.0,69677
宝安,宝安中心区,深业新岸线（一期）,4.0,2.0,152.0,1200,78947,326.0,深业花园.生活配套齐全.绿化率较高.户型方正南北通透.急卖,"近地铁
新上
民水民电
电梯房",1080.0,71052
罗湖,百仕达,旭飞华达园,1.0,1.0,38.3,175,45691,510.0,135万急售 总价低 近双地铁 租金高,"近地铁
新上
西南
民水民电",157.5,41122
宝安,西乡,领航城领丽花园,3.0,2.0,89.55,459,51256,700.0,3房户型 通风采光好 使用率高 配套成熟 价格可谈,"近地铁
新上
东南
民水民电",413.1,46130
龙岗,龙岗中心城,深房传麒尚林,5.0,2.0,186.04,950,51064,,传麒尚林 联排别墅 带前后花园 上下四层 实用面积大,"北
民水民电
电梯房
有钥匙",855.0,45958
龙岗,坂田,第五园（六期）,5.0,3.0,159.7,1100,68879,991.0,稀，一楼三层复式+独立双车位，前后花园,"近地铁
南
民水民电
电梯房",990.0,61991
罗湖,布心,太阳新城,3.0,2.0,93.0,490,52688,228.0,太阳正南大三房，依山傍水，水贝口，IBC商业,"近地铁
新上
东南
民水民电",441.0,47419
盐田,沙头角,倚山花园（三期）,2.0,2.0,83.71,550,65703,632.0,新世界倚山花园，采光好，保安管理严格，小区配套齐全,"近地铁
南
民水民电
有钥匙",495.0,59133
福田,福田口岸,金地名津,2.0,2.0,57.51,355,61728,353.0,双口岸+双地铁金地名津住宅精装2房端头位采光通风好业主诚心卖,"近地铁
新上
北
民水民电",319.5,55555
罗湖,百仕达,百仕达花园二期,2.0,2.0,73.0,390,53424,436.0,业主急卖，谈价空间大，配套齐全，租金高，采光通透,"近地铁
新上
南
民水民电",351.0,48082
罗湖,洪湖,鹏大厦,1.0,1.0,36.66,450,122749,248.0,"鹏大厦，业主有心卖,谈价空间大，配套齐全，租金高","近地铁
新上
北
民水民电",405.0,110474
罗湖,洪湖,鹏大厦,1.0,1.0,21.0,310,147619,248.0,万科物业，深中次新房小户型，朝南低总价，价格有大空间,"近地铁
新上
南
民水民电",279.0,132857
龙华,龙华中心,壹成中心花园(五区),4.0,2.0,86.92,480,55223,,壹成花园精装修四房，中间楼层，周边配套齐全。,"新上
西南
民水民电
电梯房",432.0,49701
宝安,新安,新安湖花园（一期）,2.0,2.0,74.5,331,44429,502.0,新安湖花园一期楼梯二房花园中间中间楼层,"近地铁
新上
西南
民水民电",297.9,39986
宝安,碧海,碧海富通城（四期）,3.0,2.0,89.0,550,61797,872.0,看西湾红树林海景 诚心出售  价格可谈  欢迎咨询,"近地铁
新上
南
民水民电",495.0,55617
盐田,沙头角,碧桐湾,2.0,2.0,64.44,190,29484,296.0,（超荀）沙头角香港口岸 碧桐湾 精装两房 拎包入住,"满二年
近地铁
新上
东北",171.0,26536
罗湖,黄贝岭,新天地名居,2.0,1.0,54.0,270,50000,356.0,新天地名居，北向两房，红本在手，满5年，临近口岸以及地铁口！,"近地铁
新上
西北
民水民电",243.0,45000
福田,皇岗,御景华城花园,1.0,1.0,33.37,180,53940,193.0,御景华城，精装修一房，急售，看房方便，近地铁口,"近地铁
新上
北
民水民电",162.0,48546
南山,科技园南区,阳光带海滨城二期,3.0,2.0,109.0,1180,108256,110.0,阳光带海滨城二期新出精装南向三房，楼层高视野好，业主诚心放卖,"近地铁
新上
西南
民水民电",1062.0,97430
龙岗,龙岗中心城,万科翰邻城,4.0,2.0,85.0,540,63529,643.0,万科翰邻城 新上笋盘 南向 4房2卫 稀有毛坯,"近地铁
新上
南
民水民电",486.0,57176
罗湖,翠竹,嘉湖新都,1.0,1.0,31.98,295,92245,340.0,嘉湖新都1房空置中看房有钥匙，深中水田，洪湖地铁7号线,"近地铁
新上
南
民水民电",265.5,83020
罗湖,翠竹,翠竹苑,2.0,1.0,50.0,208,41600,326.0,新上急卖好房）翠竹苑实用2房，好楼层，翠小空置，靠山地铁物业,"近地铁
新上
南
民水民电",187.2,37440
福田,香蜜湖,东海国际公寓,3.0,2.0,200.39,1800,89824,409.0,好房推荐，东海国际高区海景三房，看房方便,"近地铁
新上
东南
民水民电",1620.0,80842
南山,华侨城,世纪村4期,3.0,2.0,183.0,1360,74316,731.0,世纪村183平的三房看高尔夫看海,"近地铁
新上
西南
民水民电",1224.0,66884
龙岗,龙岗中心城,保利上城,3.0,2.0,84.85,240,28285,835.0,深中书包，吉祥和爱联双地铁口，万科商圈，看房方便，诚心出售。,"近地铁
新上
东南
民水民电",216.0,25456
罗湖,百仕达,旭飞华达园,1.0,,23.0,75,32608,510.0,急售！住宅！旭飞华达园大单间，近田贝地铁，满五年税少，可谈价,"近地铁
新上
北
民水民电",67.5,29347
罗湖,布心,彩世界家园,1.0,1.0,49.17,190,38641,543.0,彩世界家园，业主急卖，配套齐全，租金高，谈价空间大，采光通透,"近地铁
新上
东
民水民电",171.0,34777
龙岗,大运,中海康城花园,3.0,2.0,88.0,250,28409,,市场已缓慢回暖，业主诚心出售，满五年，地铁口，看房可安排！,"新上
西南
民水民电
精装修",225.0,25568
南山,华侨城,锦绣花园二期,4.0,2.0,193.0,1399,72487,399.0,锦绣花园二期 193平米 东南向 中间楼层 安静 住家首选,"近地铁
新上
南
民水民电",1259.1,65238
宝安,宝安中心区,君逸世家花园,1.0,1.0,46.65,320,68595,185.0,宝安中区沃尔玛商圈阳光温馨好房欢迎您！！！,"近地铁
新上
东
民水民电",288.0,61736
罗湖,翠竹,嘉湖新都,2.0,2.0,58.11,450,77439,340.0,深中两房，户型方正，价可谈，看房方便,"近地铁
新上
北
民水民电",405.0,69695
龙岗,坂田,佳兆业城市广场（一期）,3.0,2.0,89.0,400,44943,534.0,业主急卖 精装3房 省实和师大附属 大阳台 有钥匙方便看房,"近地铁
新上
南
民水民电",360.0,40449
宝安,碧海,前城滨海花园,3.0,2.0,88.0,738,83863,115.0,业主急售，大仟里楼上，1号线坪洲地铁口，宏发前城精装3房,"近地铁
新上
东南
民水民电",664.2,75477
福田,水围,云顶翠峰二期,3.0,2.0,119.51,810,67776,578.0,公园里的家，云顶翠峰南北通三房，超高使用率，业主已委托钥匙,"近地铁
新上
南北通
民水民电",729.0,60998
龙岗,大运,中海康城花园,1.0,1.0,48.0,130,27083,,中海康城一房一厅，位置安静，满五红本,"新上
东北
民水民电
电梯房",117.0,24375
盐田,梅沙,万科东海岸三期（云山居）,3.0,2.0,164.84,530,32152,,万科东海岸精装3房满五唯一看海景业主有心出售,"新上
东南
民水民电
电梯房",477.0,28937
南山,前海,星海名城（六期）,3.0,2.0,127.0,980,77165,829.0,资源丰富，小区内自带三所幼儿园，同时还拥有北京大学附属小學和,"近地铁
新上
南北通
民水民电",882.0,69448
宝安,碧海,碧海富通城（三期）,3.0,2.0,74.34,449,60398,942.0,碧海富通城三期，大社区，居家首选，业主诚心出售,"近地铁
新上
东南
民水民电",404.1,54358
宝安,宝安中心区,宏发领域,1.0,1.0,84.15,600,71301,212.0,宝中经典  商住一房  交通便利 可办公,"近地铁
新上
南
民水民电",540.0,64171
盐田,沙头角,碧桐湾,2.0,2.0,64.3,198,30793,296.0,碧桐湾，沙头角口岸物业，生活配套，万科壹海城商业圈,"近地铁
新上
东南
民水民电",178.2,27714
福田,梅林,嘉鑫阳光雅居,2.0,2.0,69.0,500,72463,553.0,嘉鑫阳光高层精装2房、享受生态负氧离子、看山景,"近地铁
新上
西南
民水民电",450.0,65217
宝安,宝安中心区,高发西岸花园（一期）,2.0,2.0,78.99,748,94695,196.0,高发西岸花园，78平方2房2厅，送大入户花园，宝中核心区,"近地铁
南
民水民电
电梯房",673.2,85226
盐田,梅沙,万科东海岸四期（达观居）,2.0,1.0,88.4,330,37330,,万科东海岸，花园社区，户型好，改的三房，可看海景,"新上
东南
民水民电
电梯房",297.0,33597
宝安,宝安中心区,花样年花乡,1.0,,28.0,260,92857,564.0,宝体地铁站，精装单间，诚心出售！,"近地铁
南
民水民电
电梯房",234.0,83571
宝安,宝安中心区,幸福海岸（一期）,3.0,2.0,93.0,850,91397,231.0,前海欢乐港湾 体育馆 幸福海岸 老业主房子出售,"近地铁
新上
东南
民水民电",765.0,82257
宝安,桃源居,桃源居六区,5.0,2.0,172.1,930,54038,837.0,桃源居6区，大入户，通透看山景海景花景，我钥匙在手，24看房,"近地铁
新上
南北通
民水民电",837.0,48634
罗湖,翠竹,怡泰大厦,2.0,1.0,60.0,288,48000,339.0,怡泰大厦 户型方正  业主急卖   看房方便,"近地铁
新上
东南
民水民电",259.2,43200
福田,宝安南,鸿翔花园,2.0,2.0,74.8,496,66310,299.0,鸿翔花园，精装修两房，中间楼层，价格好商量,"近地铁
新上
东南
民水民电",446.4,59679
宝安,沙井,拾悦城,3.0,2.0,86.27,340,39411,410.0,沙井地铁口，拾悦城东南向三房，望小区园林，安静舒适，价格可谈,"近地铁
新上
南
民水民电",306.0,35470
罗湖,百仕达,新港鸿花园,2.0,1.0,78.87,275,34867,549.0,高楼层，视野好，看房方便，低总价大两房,"近地铁
新上
北
民水民电",247.5,31380
坪山,坪山中心区,天峦湖花园,6.0,3.0,88.34,699,79126,,漂亮的看天峦湖物业急卖,"新上
南
民水民电
有钥匙",629.1,71213
宝安,西乡,合正汇一城,4.0,2.0,123.92,950,76662,66.0,新出笋盘，好滑装修，业主急售，看房方便,"近地铁
新上
东南
民水民电",855.0,68996
罗湖,翠竹,嘉湖新都,3.0,2.0,83.0,628,75662,340.0,翠竹深中水贝社区图书馆旁洪湖地铁口户型方正三房厅出阳台配套齐,"近地铁
新上
南
民水民电",565.2,68096
宝安,翻身,卡罗社区,2.0,2.0,62.87,445,70780,419.0,卡罗社区大两房安静看花园诚心出售,"近地铁
新上
东北
民水民电",400.5,63702
龙岗,布吉,信义假日名城(博雅园),3.0,2.0,91.0,348,38241,670.0,布吉C位双地铁一楼带院子大三房，满五红本可议价,"近地铁
新上
南
民水民电",313.2,34417
龙岗,龙岗中心城,龙园大观花园（二期）,3.0,2.0,88.0,238,27045,,龙园大观原 始毛坯三房看花园看游泳池 采光好,"新上
东南
民水民电
电梯房",214.2,24340
南山,前海,前海时代,3.0,2.0,131.0,1500,114503,650.0,前海自贸区桂湾片区前海时代，精装4房，近地铁口，诚心出售,"近地铁
新上
西
民水民电",1350.0,103053
坪山,坪山中心区,龙光玖云著大楼,2.0,2.0,51.0,85,16666,295.0,项目位于坪山区，离坪山高铁站很近，同享多维度交通体系,"近地铁
新上
南
民水民电",76.5,14999
龙岗,布吉,慢城（一期）,3.0,2.0,120.0,550,45833,,交通便利，看房方便,"新上
南北通
民水民电
电梯房",495.0,41250
龙岗,龙岗中心城,龙园大观花园（二期）,3.0,2.0,95.0,249,26210,,龙园大观 独门独户 中高楼层 采光好,"新上
东西通
民水民电
电梯房",224.1,23589
宝安,碧海,华丰前海湾（一期）,3.0,2.0,83.0,588,70843,814.0,宝安豪宅小区 华丰前海湾 89平双龙抱珠 看海景东南向诚意售,"近地铁
新上
南
民水民电",529.2,63759
龙岗,龙岗中心城,龙园大观花园（二期）,3.0,2.0,89.0,300,33707,,业主向市场妥协！地铁口刚降价房源，精装，满五年急售，价格私聊,"新上
东南
民水民电
电梯房",270.0,30336
南山,华侨城,纯水岸一期,5.0,2.0,217.0,3100,142857,,纯水岸前排带八角窗安静通透,"新上
南北通
民水民电
电梯房",2790.0,128571
龙岗,龙岗中心城,万象天成（盛龙花园二期）,1.0,1.0,40.47,80,19767,760.0,业主急卖，精装一房，近地铁，随时看房,"近地铁
新上
东
民水民电",72.0,17790
龙岗,龙岗中心城,万象天成（盛龙花园二期）,1.0,1.0,40.47,100,24709,760.0,业主急卖，精装一房，近地铁，看房方便，价格可谈,"近地铁
新上
南
民水民电",90.0,22238
宝安,西乡,招商果岭,2.0,1.0,76.03,450,59187,,经典方正两居室  无浪费空间  布局合理  采光通风效果好,"新上
东西通
民水民电
电梯房",405.0,53268
罗湖,莲塘,梧桐山新居（一期）,2.0,2.0,76.2,285,37401,448.0,梧桐新居精装2房红本惟一税费少售285万,"近地铁
新上
北
民水民电",256.5,33661
龙岗,龙岗中心城,满京华喜悦里,1.0,1.0,52.55,147,27973,350.0,喜悦里稀有小户型，看房方便，业主急售，双语书包，,"近地铁
新上
南
民水民电",132.3,25176
龙岗,大运,阳光天健城,4.0,2.0,98.26,690,70221,396.0,阳光天健城，龙岗外国语四房，朝南，厅出阳台，保养好看房方便,"近地铁
新上
南
民水民电",621.0,63199
宝安,宝安中心区,鸿荣源尚都,3.0,2.0,105.0,880,83809,513.0,1.5.11号三地铁环绕户型好楼层佳即买即住,"近地铁
新上
北
民水民电",792.0,75428
宝安,新安,流塘阳光花园,3.0,2.0,86.6,615,71016,301.0,户型方正 小区稀有放卖户型 红本看房方便,"近地铁
新上
西南
民水民电",553.5,63914
南山,前海,阳光棕榈园（三期）,2.0,2.0,76.38,798,104477,845.0,南山前海阳光棕榈园三期，精装2房，满五年，近地铁口，诚心出售,"近地铁
新上
东南
民水民电",718.2,94029
罗湖,翠竹,泊林花园,1.0,1.0,44.27,280,63248,334.0,罗湖城芯读双名教學满五年看房 探底价私信我助您置好物,"近地铁
新上
东
民水民电",252.0,56923
宝安,碧海,碧海富通城（三期）,2.0,2.0,53.0,340,64150,942.0,富通城 复试3房 看海景 价格可谈,"近地铁
新上
西南
民水民电",306.0,57735
罗湖,莲塘,东方.尊峪花园,3.0,2.0,181.0,850,46961,832.0,东方尊峪大花园社区,"近地铁
新上
南
民水民电",765.0,42265
盐田,沙头角,倚山花园（三期）,2.0,2.0,80.86,306,37843,632.0,倚山花园三期，9成新装修，户型方正，诚意出售，看房方便,"近地铁
新上
西南
民水民电",275.4,34059
福田,红树湾,中信红树湾花城南区,4.0,2.0,255.0,5000,196078,467.0,中信红树湾业主非常着急出，价格还有很大空间，我有业主底价,"近地铁
新上
西南
民水民电",4500.0,176470
福田,红树湾,中信红树湾花城南区,4.0,2.0,255.0,4200,164705,467.0,中信红树湾高层 精装景观房 特价 南北通透 业主急卖,"近地铁
新上
西南
民水民电",3780.0,148234
坪山,坪山中心区,龙光玖云著大楼,2.0,2.0,51.0,78,15294,295.0,龙光玖云著，外有坪山天虹，小区刚需小户型为主，看房方便,"近地铁
新上
西
民水民电",70.2,13765
罗湖,布心,碧岭华庭,2.0,2.0,74.04,286,38627,480.0,碧岭华庭两房靠山安静近地铁,"近地铁
东北
民水民电
带家私",257.4,34764
宝安,沙井,万科翡丽郡（一期）,4.0,2.0,127.14,420,33034,,万科翡丽郡 捡漏大四房 业主诚意出售,"新上
南北通
民水民电
电梯房",378.0,29731
龙岗,龙岗中心城,东方明珠城,4.0,2.0,106.0,350,33018,219.0,"东方明珠城精装4房,地铁口,商业配套成熟,业主诚售,价可谈.","近地铁
新上
南
民水民电",315.0,29716
龙岗,布吉,信义金御半山（一期）,4.0,2.0,178.36,1300,72886,527.0,南北通透的户型高楼层景观好,"近地铁
新上
南
民水民电",1170.0,65597
宝安,碧海,华丰前海湾（二期）,3.0,2.0,89.24,630,70596,748.0,宝安碧海湾 华丰前海湾二期 89平双龙抱珠大三房 高层看海景,"近地铁
新上
西南
民水民电",567.0,63536
龙岗,龙岗中心城,中骏蓝湾翠岭花园（一期）,4.0,2.0,106.0,385,36320,748.0,次新房业主急卖，随时可看房，红本五年税费少，小区安静环境好,"近地铁
新上
东
民水民电",346.5,32688
龙岗,龙岗中心城,公园大地花园,4.0,2.0,163.0,950,58282,953.0,公园大地 山景房源 高楼层 全新毛坯 满五年 价格可谈,"近地铁
新上
南
民水民电",855.0,52454
罗湖,百仕达,百仕达花园二期,4.0,2.0,130.0,650,50000,436.0,百仕达二期大三房急售,"近地铁
新上
东北
民水民电",585.0,45000
福田,上下沙,蓝湾半岛,3.0,2.0,104.32,898,86081,424.0,空中花园大社区 车位充足 南北通3房,"近地铁
新上
东南
民水民电",808.2,77473
龙华,上塘,港铁天颂（一期）,5.0,2.0,186.26,1000,53688,215.0,业主急售价格优美看房方便高赠送,"近地铁
新上
南北通
民水民电",900.0,48319
罗湖,翠竹,金丽豪苑,1.0,1.0,43.38,400,92208,319.0,金丽豪苑，业主急卖，300碗谈价空间大，配套齐全，采光通透,"近地铁
新上
北
民水民电",360.0,82987
宝安,宝安中心区,高发西岸花园（一期）,3.0,2.0,126.0,1080,85714,196.0,高发花园.周边配套齐全.户型方正实用.南北通透视野开阔.急卖,"近地铁
新上
南
民水民电",972.0,77143
盐田,梅沙,万科东海岸四期（致远居）,4.0,2.0,252.0,800,31746,,万科物业，高层无遮挡山海景观，专梯入户,"新上
南北通
民水民电
电梯房",720.0,28571
罗湖,黄贝岭,新天地名居,2.0,1.0,54.06,325,60118,356.0,新天地高层朝东南大二房 少有放盘 诚心放卖价格可谈 满五唯一,"近地铁
新上
东南
民水民电",292.5,54106
罗湖,黄贝岭,深业东岭花园（一期）,1.0,1.0,41.77,230,55063,435.0,230万急售 总价低 近地铁 带翠园学..位,"近地铁
新上
东
民水民电",207.0,49557
宝安,沙井,博林君瑞,4.0,2.0,128.24,600,46787,,沙井海岸城对面博林君瑞次新房4房红本在手高性价比出售可谈,"新上
南北通
民水民电
电梯房",540.0,42108
盐田,梅沙,万科东海岸四期（致远居）,4.0,2.0,180.0,1080,60000,,万科东海岸全家海景复式5房,"新上
东
民水民电
电梯房",972.0,54000
龙岗,龙岗中心城,恒裕嘉城花园,4.0,2.0,89.0,320,35955,497.0,恒裕嘉城 精装4房 南北通透 独门独户 中高楼层 近地铁,"近地铁
新上
南北通
民水民电",288.0,32360
龙岗,龙岗中心城,龙园大观花园（二期）,3.0,2.0,86.0,235,27325,,龙园大观   三房急售  两梯四户 朝向好 楼层好 视野好,"新上
东南
民水民电
有钥匙",211.5,24592
福田,香蜜湖,香荔花园,2.0,2.0,66.99,750,111957,102.0,香蜜湖香荔花园走楼梯两房业主诚心出售,"近地铁
新上
南
民水民电",675.0,100761
宝安,桃源居,桃源居十五区,5.0,3.0,105.32,630,59817,518.0,桃源盛景园，复式，5房,"近地铁
新上
北
民水民电",567.0,53835
南山,南头,豪方天际花园,4.0,2.0,89.0,750,84269,226.0,南山豪方天际 精装3室 大花园社区进地铁公园,"近地铁
新上
南北通
民水民电",675.0,75842
福田,香蜜湖,东海国际公寓,3.0,2.0,209.72,2250,107285,409.0,东海国际公寓高区视野开阔业主诚心出售,"近地铁
新上
东南
民水民电",2025.0,96556
宝安,桃源居,桃源居三区,2.0,2.0,81.39,350,43002,285.0,桃源居大社区近书包房近地铁口户型方正采光好,"近地铁
新上
西南
民水民电",315.0,38702
罗湖,翠竹,怡泰大厦,2.0,1.0,54.37,280,51498,339.0,现房出售 近地铁口   精装两房,"近地铁
新上
东南
民水民电",252.0,46348
宝安,宝安中心区,君逸世家花园,1.0,1.0,46.6,280,60085,185.0,地铁口物业一房,"近地铁
东
民水民电
电梯房",252.0,54076
南山,华侨城,天鹅堡三期,5.0,2.0,426.0,7500,176056,879.0,"天鹅堡三期顶层三层大复式特价房,带露台，业主急卖，看房方便","近地铁
南北通
民水民电
电梯房",6750.0,158450
宝安,桃源居,桃源居六区,5.0,2.0,172.0,698,40581,837.0,桃源居户型方正采光好朝南向，五房书包房,"近地铁
新上
南
民水民电",628.2,36523
福田,红树湾,中信红树湾花城北区,5.0,2.0,235.85,2900,122959,592.0,中信红树湾北区新中式5房保养好可以拎包入住看房有密码,"近地铁
新上
南北通
民水民电",2610.0,110663
龙岗,大运,中海康城花园,3.0,2.0,89.88,275,30596,,大运新城 视野采光好 香港中文书包,"新上
西南
民水民电
电梯房",247.5,27536
罗湖,百仕达,百仕达花园二期,2.0,2.0,82.0,420,51219,436.0,百仕达二期大两房，绿化高，带电梯，太安地铁口,"近地铁
新上
南
民水民电",378.0,46097
龙华,龙华中心,壹成中心花园(九区),5.0,2.0,95.0,560,58947,,龙华双地铁口物业，壹城九区，商业发达，精装5房,"新上
东南
民水民电
电梯房",504.0,53052
宝安,碧海,前城滨海花园,3.0,2.0,88.5,738,83389,115.0,宏发前城：出门就是地铁，楼下就是商业，满五税少，园林大，居住,"近地铁
东南
民水民电
电梯房",664.2,75050
福田,梅林,四季山水花园,4.0,2.0,155.95,1288,82590,624.0,四季山水  南北通户型方正  景观好,"近地铁
新上
南北通
民水民电",1159.2,74331
罗湖,百仕达,旭飞华达园,1.0,1.0,42.07,155,36843,510.0,老朋友房子出售 东南向 精装修1房地铁口物业 拎包入住,"近地铁
新上
南
民水民电",139.5,33159
龙岗,龙岗中心城,万科翰邻城,4.0,2.0,86.0,540,62790,643.0,万科翰邻城 深中 朝南4房2卫 实用约110平 满5年税少,"近地铁
新上
南
民水民电",486.0,56511
福田,红树湾,中信红树湾花城南区,3.0,2.0,93.52,1450,155047,467.0,中信红树湾94平的2+1房保养好拎包入住,"近地铁
新上
西北
民水民电",1305.0,139542
福田,香蜜湖,东海花园（二期福禄居),5.0,2.0,166.76,2480,148716,286.0,东海花园二期（东南泳池景观）超级安静,"近地铁
新上
南
民水民电",2232.0,133844
宝安,西乡,招商果岭,2.0,2.0,70.67,480,67921,,招商果岭花园70.64平西南向精装两房诚意出售,"新上
东南
民水民电
电梯房",432.0,61129
龙华,红山,公馆一八六六花园,2.0,2.0,62.06,420,67676,770.0,红山刚需上车两房满五红本在手价位可谈,"近地铁
新上
南
民水民电",378.0,60908
福田,香蜜湖,浩铭财富广场,1.0,1.0,47.0,520,110638,178.0,车公庙地铁口 精装一房 深圳外国语  拎包入住,"近地铁
新上
东
民水民电",468.0,99574
罗湖,人民南,阳光新干线家园,1.0,1.0,39.0,155,39743,224.0,罗湖口岸旁边，租金4500元，售150万首付25万成买一套房,"近地铁
新上
北
民水民电",139.5,35769
福田,石厦,南方国际广场,1.0,,44.06,285,64684,357.0,南方国际广场，大一房一厅，户型方正，采光好，楼层高，石厦书包,"近地铁
新上
南
民水民电",256.5,58216
罗湖,百仕达,君逸华府,3.0,2.0,98.46,600,60938,541.0,红本在手满五年翠园东晓书包房业主诚心卖价格可以谈百仕达物业,"近地铁
新上
南
民水民电",540.0,54844
福田,梅林,四季山水花园,4.0,2.0,185.94,1600,86049,624.0,四季山水花园南北通透大四房高实用率北看山南看花园层高3米6,"近地铁
新上
南北通
民水民电",1440.0,77444
龙岗,龙岗中心城,中央悦城,3.0,2.0,91.39,260,28449,320.0,业主向市场妥协！地铁口刚降价房源，精装，满五年急售，价格私聊,"近地铁
新上
南
民水民电",234.0,25604
盐田,梅沙,万科东海岸四期（海逸居）,4.0,2.0,223.0,1200,53811,,带装修联排别墅诚意出售价格可谈,"南
民水民电
拎包入住
可上网",1080.0,48430
罗湖,翠竹,怡泰大厦,2.0,1.0,59.23,260,43896,339.0,怡泰大厦（罗湖），近地铁口，性价比高，周边配套齐全,"近地铁
新上
东
民水民电",234.0,39506
龙岗,坂田,第五园（八期）,3.0,2.0,89.44,470,52549,810.0,稀，厅出阳台，南北通透，89平3房2卫,"近地铁
新上
南北通
民水民电",423.0,47294
宝安,宝安中心区,金泓凯旋城,4.0,2.0,162.0,1350,83333,352.0,凯旋城大4房，业主诚心卖,"近地铁
新上
西南
民水民电",1215.0,75000
宝安,碧海,前城滨海花园,3.0,2.0,88.0,738,83863,115.0,宏发前城 精装修三房两卫 高楼层 安静 看花园 业主诚意出售,"近地铁
新上
西南
民水民电",664.2,75477
宝安,碧海,泰华阳光海,3.0,2.0,126.86,1000,78827,255.0,300米宽楼间距高层，视野开阔、采光通风好。户型舒适度高，绝,"近地铁
新上
南北通
民水民电",900.0,70944
宝安,碧海,前城滨海花园,3.0,2.0,89.0,758,85168,115.0,大仟里，前城滨海花园，89平方3房2卫，已满二年，免增值税,"近地铁
新上
南
民水民电",682.2,76651
福田,石厦,皇达东方雅苑,3.0,2.0,101.0,758,75049,229.0,皇熙悦府旁，全新装修大三房，朝南  七字头总价，业主诚心出售,"近地铁
新上
东南
民水民电",682.2,67544
福田,百花,长城大厦(三花园),3.0,2.0,118.94,900,75668,312.0,"钥匙在手.24小随时看房,业主非常诚心出售,价格可商量","近地铁
新上
南北通
民水民电",810.0,68101
龙岗,龙岗中心城,龙园大观花园（二期）,3.0,2.0,95.0,275,28947,,龙园大观二期 精装3房 中高楼层 采光好华 中师范附属,"新上
东西通
民水民电
电梯房",247.5,26052
龙岗,龙岗中心城,公园大地花园,4.0,2.0,169.0,920,54437,953.0,降价50万公园大地毛坯新房只有契税看房方便,"近地铁
新上
南北通
民水民电",828.0,48993
南山,华侨城,香山美墅云颂,4.0,2.0,175.68,2200,125227,,华侨城香山美墅高层精装4+1房,"南北通
民水民电
电梯房
拎包入住",1980.0,112704
罗湖,黄贝岭,深业东岭花园（二期）,3.0,2.0,105.65,730,69096,435.0,深业东岭二期106平带三房东南向好楼层好栋数价格美丽,"近地铁
新上
东南
民水民电",657.0,62186
罗湖,百仕达,东乐花园(罗湖),3.0,2.0,82.0,278,33902,393.0,东乐花园楼梯2楼、位置好、安静近地铁、降价急售,"近地铁
新上
南
民水民电",250.2,30512
龙岗,布吉,佳兆业可园（五期）,5.0,2.0,142.38,590,41438,677.0,可园南区楼汪单位看花园全新精装大五房二卫大富人家看过来有钥匙,"近地铁
新上
北
民水民电",531.0,37294
宝安,宝安中心区,壹方中心·玖誉(三期),6.0,2.0,254.02,5000,196834,250.0,壹方玖誉豪宅.深圳前海自贸区鸿荣源巨资打造.户型方正住家舒适,"近地铁
东南
民水民电
电梯房",4500.0,177151
龙岗,龙岗中心城,保利上城,3.0,2.0,88.0,400,45454,835.0,保利三房二卫，独门独户，南北通透性价比高，诚心卖随时看房,"近地铁
新上
南北通
民水民电",360.0,40909
福田,福田中心区,中海华庭,5.0,3.0,175.25,2300,131241,300.0,福田CBD地段，复式6房，带天台花园，拎包入住，居家首选,"近地铁
新上
南
民水民电",2070.0,118117
宝安,沙井,鸿荣源禧园,4.0,2.0,142.59,750,52598,480.0,沙井禧园143平跃式 东南朝向 业主诚心出售,"近地铁
新上
南
民水民电",675.0,47338
龙岗,大运,星河时代,4.0,2.0,132.0,710,53787,696.0,朝南向看花园全景，大运枢纽，配套完善，居住氛围好，全新毛坯,"近地铁
新上
南
民水民电",639.0,48408
南山,华侨城,锦绣花园一期,3.0,2.0,120.27,880,73168,284.0,华侨城大社区高层海景红本税少，120平东南向，罕有户型出售,"近地铁
南
民水民电
电梯房",792.0,65851
南山,西丽,桃源村（二期）,3.0,2.0,90.98,458,50340,141.0,桃源村，90平方3房，大社区 地铁口物业 户型方正 南北通透,"近地铁
新上
南
民水民电",412.2,45306
龙岗,龙岗中心城,公园大地花园,4.0,2.0,172.0,1100,63953,953.0,公园大地 花园中间 小高层 板楼结构 户型方正实用 满五年,"近地铁
新上
南北通
民水民电",990.0,57558
龙岗,大运,中海康城花园,2.0,2.0,78.0,215,27564,,龙岗大运次新高评估2房，刚需上车优质房源,"新上
东南
民水民电
电梯房",193.5,24808
罗湖,百仕达,华达园公寓,1.0,,28.0,105,37500,522.0,90卖，业主着急用钱，随时可以看房,"近地铁
新上
西北
民水民电",94.5,33750
南山,华侨城,锦绣花园二期,3.0,2.0,193.33,1390,71897,399.0,"锦绣花园精装特价房,业主急卖，看房方便","近地铁
新上
民水民电
电梯房",1251.0,64707
龙岗,龙岗中心城,东方明珠城,2.0,2.0,70.37,180,25579,219.0,东方明珠城满五红本精装两房户型方正中高楼层采光好地铁口物业,"近地铁
新上
南
民水民电",162.0,23021
福田,梅林,碧荔花园,5.0,2.0,163.02,738,45270,545.0,福田163平大5房上下两层大复式带天台花园,"近地铁
新上
东西通
民水民电",664.2,40743
龙岗,龙岗中心城,天健花园,3.0,2.0,109.0,318,29174,386.0,天健花园精装修三房满五税少诚心出售看房方便价格可谈,"近地铁
新上
南
民水民电",286.2,26257
宝安,宝安中心区,幸福海岸（二期）,3.0,2.0,116.74,890,76237,299.0,业主诚意出售 幸福海岸 宝安中芯 体育馆欢乐港湾精装修拎包住,"近地铁
新上
西北
民水民电",801.0,68613
罗湖,百仕达,东乐花园(罗湖),2.0,1.0,81.89,290,35413,393.0,位置安静楼层好精装，拎包即住！业主诚心卖，好房推荐,"近地铁
新上
南
民水民电",261.0,31872
盐田,沙头角,君临海域（二期）,4.0,2.0,206.0,980,47572,395.0,君临海域小区，价格可谈，配套齐全，交通便利,"近地铁
新上
东南
民水民电",882.0,42815
罗湖,新秀,华清园,3.0,2.0,74.32,265,35656,424.0,华清园三房出售地铁口物业,"近地铁
新上
南
民水民电",238.5,32090
罗湖,翠竹,愉天小区,1.0,1.0,42.0,350,83333,335.0,精装一房一厅，近地铁，近万山珠宝园，深中书包房,"近地铁
新上
南
民水民电",315.0,75000
罗湖,翠竹,翠竹苑,1.0,1.0,36.97,178,48147,326.0,新上翠竹苑两房看房方便业主有心卖,"近地铁
新上
东北
民水民电",160.2,43332
福田,益田村,益田村,3.0,2.0,79.0,475,60126,144.0,福田芯 总价低三房 南北通透 宜居小区 有天有地 出行方便,"近地铁
新上
南北通
民水民电",427.5,54113
龙华,民治,春华四季园（二期）,3.0,2.0,74.3,350,47106,661.0,低密度大花园社区、6000平湖景、3000平运动场地,"近地铁
新上
南
民水民电",315.0,42395
龙岗,龙岗中心城,龙园大观花园（二期）,3.0,2.0,88.13,258,29274,,业主向市场妥协！地铁口刚降价房源，精装，满五年急售，价格私聊,"新上
东南
民水民电
电梯房",232.2,26347
南山,前海,星海名城（一期）,6.0,3.0,106.52,1530,143634,614.0,资源丰富，小区内自带三所幼儿园两个游泳池紧邻地铁,"近地铁
新上
南北通
民水民电",1377.0,129271
福田,香蜜湖,东海国际公寓,3.0,3.0,248.32,2490,100273,409.0,东海国际公寓全海景单位业主诚心出售,"近地铁
新上
西南
民水民电",2241.0,90246
福田,香蜜湖,东海国际公寓,5.0,2.0,249.32,2490,99871,409.0,东海国际公寓高区南端头业主诚心出售,"近地铁
新上
西南
民水民电",2241.0,89884
福田,上下沙,京基滨河时代广场,1.0,1.0,41.0,280,68292,479.0,有阳台燃气，方便看房，有钥匙在,"近地铁
北
民水民电
电梯房",252.0,61463
宝安,沙井,鸿荣源禧园,4.0,2.0,111.6,505,45250,480.0,沙井鸿荣源禧园 非常便宜的四房 满五年 单价不到4.5万 别,"近地铁
新上
东北
民水民电",454.5,40725
福田,梅林,梅林一村,3.0,2.0,86.0,650,75581,382.0,梅林一村  南北通户型高楼层视野好,"近地铁
新上
南北通
民水民电",585.0,68023
龙岗,龙岗中心城,佳兆业水岸新都,1.0,1.0,81.0,388,47901,790.0,佳兆业水岸新都 顶楼复式可做5房 朝南向看别墅 仙田外国语,"近地铁
新上
南
民水民电",349.2,43111
龙华,观澜,和黄懿花园(观澜),6.0,3.0,198.49,1100,55418,,懿花园别墅 豪装 位置安静 有天有地,"新上
南
民水民电
拎包入住",990.0,49876
宝安,碧海,碧海富通城（五期）,2.0,1.0,46.19,236,51093,725.0,富通城五期精装房诚心出售,"近地铁
新上
南
民水民电",212.4,45984
福田,香蜜湖,东海花园（一期）,4.0,2.0,250.0,3268,130720,464.0,东海一期 大平层 元宝户型 带阳台、固定车位,"近地铁
新上
西北
民水民电",2941.2,117648
罗湖,百仕达,东乐花园(罗湖),4.0,2.0,83.66,380,45421,393.0,东乐花园一楼带20平米花园出售，看房方便,"近地铁
新上
南北通
民水民电",342.0,40879
宝安,西乡,白金假日公寓,3.0,2.0,43.31,600,138536,219.0,白金花园.户型方正，套较完善，交通便利，地段好.看房方便,"近地铁
西南
民水民电
电梯房",540.0,124682
宝安,新安,新安湖花园（一期）,2.0,2.0,80.4,300,37313,502.0,2房户型 通风采光好 使用率高 配套成熟 价格可谈,"近地铁
新上
东南
民水民电",270.0,33582
罗湖,百仕达,百仕达花园五期(乐湖),3.0,2.0,142.05,848,59697,768.0,百仕达乐湖-3+1房-业主诚售,"近地铁
新上
东北
民水民电",763.2,53727
龙岗,龙岗中心城,远洋新干线二期(君域花园),3.0,2.0,89.0,295,33146,467.0,业主向市场妥协！地铁口刚降价房源，精装，满五年急售，价格私聊,"近地铁
新上
南
民水民电",265.5,29831
罗湖,莲塘,鹏兴花园（一期）,4.0,2.0,120.0,480,40000,233.0,鹏兴花园一期，南北，精装，3室2厅，随时都可以看房,"近地铁
新上
南
民水民电",432.0,36000
宝安,桃源居,桃源居六区,4.0,2.0,172.22,999,58007,837.0,户型方正 使用率高 通风采光好 近地铁 价格可谈,"近地铁
南北通
民水民电
电梯房",899.1,52206
龙岗,龙岗中心城,远洋新干线二期(君域花园),4.0,2.0,127.13,440,34610,467.0,市场已缓慢回暖，业主诚心出售，满五年，地铁口，看房可安排！,"近地铁
新上
南北通
民水民电",396.0,31149
福田,香蜜湖,东海花园（一期）,3.0,2.0,123.34,1500,121615,464.0,东海花园一期税费少业主诚心出售,"近地铁
西北
民水民电
电梯房",1350.0,109454
龙华,龙华中心,锦绣江南（二期）,5.0,3.0,208.94,1030,49296,,深中低密度大社区 208平临湖电梯顶复 坐北朝南景观一流,"新上
南北通
民水民电
电梯房",927.0,44366
福田,福田中心区,彩福大厦,3.0,2.0,95.5,480,50261,98.0,彩福大厦高层3居室，东南向的，,"近地铁
新上
东南
民水民电",432.0,45235
宝安,宝安中心区,花样年花郡家园,1.0,1.0,35.77,280,78277,419.0,业主诚心卖房，价格可以谈，装修保养好,"近地铁
新上
南
民水民电",252.0,70449
罗湖,翠竹,怡泰大厦,2.0,1.0,59.33,300,50564,339.0,翠竹外国语就在楼下，满五年中间楼层，看房方便,"近地铁
东北
民水民电
电梯房",270.0,45508
罗湖,翠竹,合正荣悦,3.0,2.0,87.24,700,80238,410.0,合正荣悦一手单位毛坯。价格空间大可谈， 翠竹,"近地铁
新上
南
民水民电",630.0,72214
宝安,宝安中心区,高发西岸花园（三期）,2.0,2.0,86.11,860,99872,353.0,壹方城旁买一套得两套房诚意售,"近地铁
新上
南
民水民电",774.0,89885
罗湖,人民南,置地广场,1.0,,29.97,142,47380,330.0,豪华装修，适合住家，满5年,"近地铁
新上
东
民水民电",127.8,42642
龙岗,坂田,四季花城(三期北区),5.0,2.0,104.82,600,57240,364.0,双地铁 坂田 万科四季花城 南向 顶复 高赠送 诚售,"近地铁
新上
南北通
民水民电",540.0,51516
龙岗,龙岗中心城,恒裕嘉城花园,4.0,2.0,89.0,345,38764,497.0,恒裕嘉城 精装4房 南北通透 使用面积大 环境好,"近地铁
新上
南北通
民水民电",310.5,34888
龙岗,龙岗中心城,恒裕嘉城花园,3.0,2.0,70.41,190,26984,497.0,业主向市场妥协！地铁口刚降价房源，精装，满五年急售，价格私聊,"近地铁
新上
南
民水民电",171.0,24286
宝安,桃源居,桃源居六区,3.0,2.0,84.53,400,47320,837.0,桃源居精装三房，满五年红本，朝南看花园，采光好，户型方正,"近地铁
新上
南
民水民电",360.0,42588
龙岗,龙岗中心城,公园大地花园,4.0,2.0,169.0,1230,72781,953.0,公园大地靠山双阳台采光好,"近地铁
新上
东南
民水民电",1107.0,65503
罗湖,百仕达,君逸华府,3.0,2.0,98.0,588,60000,541.0,业主来电调价啦，钥匙在手随时可看，此房从未出租过保养好,"近地铁
新上
南
民水民电",529.2,54000
宝安,沙井,拾悦城,4.0,2.0,99.8,370,37074,410.0,拾悦城毛坯4房中间楼层看花园景观满五年业主急售,"近地铁
新上
北
民水民电",333.0,33367
罗湖,莲塘,名骏豪庭,2.0,2.0,69.8,256,36676,703.0,高实用南向两房 南向看花园泳池 业主诚心卖 看房有钥匙看好可,"近地铁
新上
南
民水民电",230.4,33008
龙岗,布吉,佳兆业可园（四期）,5.0,2.0,122.13,560,45852,697.0,可园南北通复式4房带大阳台，满五年惟一红本，看园景安静近地铁,"近地铁
新上
南北通
民水民电",504.0,41267
龙岗,龙岗中心城,龙园大观花园（一期）,3.0,2.0,89.0,340,38202,,龙园大观-地铁口-标准三房-户型方正-满五年急售,"南
民水民电
电梯房
拎包入住",306.0,34382
宝安,新安,君成雍和园,3.0,2.0,52.3,480,91778,83.0,3房户型 通风采光好 使用率高 配套成熟 价格可谈,"近地铁
新上
南北通
民水民电",432.0,82600
龙岗,布吉,桂芳园（四期）,3.0,2.0,60.57,280,46227,398.0,桂芳园顶楼复试 满五年 花一层钱买二层楼 住家首选 拎包入住,"近地铁
西北
民水民电
电梯房",252.0,41604
龙岗,龙岗中心城,万科天誉花园（二期商办),3.0,2.0,66.0,155,23484,394.0,业主向市场妥协！地铁口刚降价房源，精装，满五年急售，价格私聊,"近地铁
新上
北
民水民电",139.5,21136
盐田,沙头角,倚山花园（三期）,3.0,2.0,89.68,390,43487,632.0,倚山花园三期，南北通透3房，精装修，业主朋友，看房方便,"近地铁
新上
西南
民水民电",351.0,39138
龙岗,龙岗中心城,恒裕嘉城花园,3.0,2.0,89.0,248,27865,497.0,恒裕嘉城 精装四房 朝南向 采光好 使用面积大,"近地铁
新上
南
民水民电",223.2,25078
盐田,梅沙,万科东海岸三期（云山居）,4.0,2.0,163.3,438,26821,,万科东海岸二期，新上大平层，精装4房，前后双阳台，南北通透,"南
民水民电
电梯房
精装修",394.2,24139
宝安,宝安中心区,壹方中心·玖誉(三期),3.0,2.0,95.0,1387,146000,250.0,壹方玖誉花园.地段优越.户型方正实用.鸿荣源巨资打造滨海豪宅,"近地铁
新上
东北
民水民电",1248.3,131400
龙岗,龙岗中心城,深业紫麟山,5.0,2.0,241.41,1100,45565,598.0,《保真保看》业主着急出手，贷款已经还清，想换香港的房子,"近地铁
南北通
民水民电
电梯房",990.0,41008
福田,上下沙,京基滨河时代广场,5.0,2.0,224.87,1650,73375,399.0,次新房，大平面，装修保养好，5房，南北通，采光好，看房方便,"近地铁
新上
南
民水民电",1485.0,66038
龙岗,坂田,四季花城(二期北区),4.0,3.0,100.63,470,46705,169.0,钥匙在手看中随时谈，买一层多一层高实用约160平,"近地铁
新上
南北通
民水民电",423.0,42034
宝安,西乡,白金假日公寓,1.0,1.0,35.66,298,83567,219.0,白金花园.户型方正好用，赠送露台.地段好.看房方便.急卖,"近地铁
新上
西南
民水民电",268.2,75210
盐田,梅沙,万科东海岸四期（海逸居）,5.0,2.0,223.0,1380,61883,,万科四期别墅，上下5层可做6层，能安电梯，满五年,"南
民水民电
有钥匙",1242.0,55695
罗湖,布心,淘金山湖景花园二期,3.0,2.0,176.39,1180,66897,856.0,淘金山湖景花园，精装修三房，南北通透采光通风好，价格好商量,"近地铁
新上
南北通
民水民电",1062.0,60207
福田,梅林关,星河丹堤花园,2.0,2.0,88.0,620,70454,516.0,星河丹堤E区，新上朝南两房，户型实用，总价低，急卖,"近地铁
新上
南
民水民电",558.0,63409
罗湖,莲塘,梧桐山新居（一期）,3.0,2.0,86.0,350,40697,448.0,莲塘地铁口物业，带大露台，南北通透户型方正,"近地铁
新上
南北通
民水民电",315.0,36627
龙岗,龙岗中心城,百合盛世（二期）,4.0,2.0,139.87,450,32172,,业主向市场妥协！地铁口刚降价房源，精装，满五年急售，价格私聊,"南北通
民水民电
电梯房
有钥匙",405.0,28955
宝安,宝安中心区,壹方中心·玖誉(三期),4.0,2.0,176.0,2800,159090,250.0,壹方玖誉花园.鸿荣源巨资打造豪宅.户型方正南北通透.看房方便,"近地铁
新上
东南
民水民电",2520.0,143181
龙岗,龙岗中心城,金地龙城中央,3.0,2.0,79.78,190,23815,519.0,市场已缓慢回暖，业主诚心出售，满五年，地铁口，看房可安排！,"近地铁
新上
南
民水民电",171.0,21434
龙岗,龙岗中心城,佳兆业水岸新都,5.0,3.0,239.58,1310,54679,790.0,佳兆业水岸新都 联排别墅 上下四层使用面积大 带后花园地下室,"近地铁
新上
南北通
民水民电",1179.0,49211
盐田,沙头角,君临海域（一期）,4.0,2.0,244.2,699,28624,418.0,君临海域，地段好，配套齐全，看房方便，价格实惠,"近地铁
南
民水民电
电梯房",629.1,25762
龙岗,龙岗中心城,佳兆业水岸新都,2.0,2.0,62.0,130,20967,790.0,业主向市场妥协！地铁口刚降价房源，精装，满五年急售，价格私聊,"近地铁
南
民水民电
电梯房",117.0,18870
宝安,宝安中心区,壹方中心·玖誉(三期),4.0,2.0,173.97,3300,189687,250.0,壹方玖誉花园.地段好.鸿荣源开发.户型方正实用.滨海奢居大宅,"近地铁
新上
东南
民水民电",2970.0,170718
宝安,桃源居,桃源居六区,3.0,1.0,88.0,398,45227,837.0,复式的，桃源居六区，88平方3房，送二层大空间，降价出售,"近地铁
新上
东南
民水民电",358.2,40704
福田,水围,金港豪庭,3.0,2.0,97.0,700,72164,467.0,金港豪庭三房，东南向端头位置，满五年红本在手，可议价。,"近地铁
新上
东南
民水民电",630.0,64948
宝安,宝安中心区,丽晶国际,2.0,2.0,78.9,650,82382,324.0,丽晶国际，双地铁口，使用率高，诚意置换,"近地铁
新上
西北
民水民电",585.0,74144
宝安,碧海,碧海富通城（六期）,4.0,2.0,89.0,598,67191,796.0,富通城花园.户型方正朝南设计，通风采光好.住家生活便利，,"近地铁
新上
南
民水民电",538.2,60472
罗湖,莲塘,东方.尊峪花园,2.0,2.0,91.81,460,50103,832.0,东方尊峪靓景高层大两居车位充足,"近地铁
新上
北
民水民电",414.0,45093
龙岗,龙岗中心城,佳兆业水岸新都,2.0,1.0,66.99,160,23884,790.0,佳兆业水岸新都 精装两房 看花园 大社区环境好,"近地铁
新上
南
民水民电",144.0,21496
福田,宝安南,鸿翔花园,2.0,2.0,73.3,550,75034,299.0,精装朝南户型方正实用读红岭小桂园中,"近地铁
新上
西南
民水民电",495.0,67531
龙岗,龙岗中心城,龙园大观花园（一期）,3.0,2.0,89.0,245,27528,,龙园大观一期  精装三房出售  业主自住   装修保养好,"南
民水民电
电梯房
带家电",220.5,24775
盐田,盐田港,天利明园,1.0,1.0,47.0,109,23191,,天利名园地铁口物业满五唯一全新装修,"南
民水民电
电梯房
有钥匙",98.1,20872
宝安,宝安中心区,壹方中心·玖誉(三期),3.0,2.0,95.07,1188,124960,250.0,壹方玖誉花园.滨海奢居大豪宅.地段优越户型方正.装修豪华,"近地铁
新上
东北
民水民电",1069.2,112464
罗湖,翠竹,愉天小区,2.0,1.0,43.1,330,76566,335.0,290万43平）愉天小区，翠北+深中，看房方便，我和业主很熟,"近地铁
新上
西
民水民电",297.0,68909
南山,华侨城,世纪村2期,2.0,2.0,90.73,998,109996,704.0,世纪村花园，标准二房，带入户花园使用高，满五年税费少,"近地铁
东北
民水民电
电梯房",898.2,98996
盐田,沙头角,君临海域（一期）,2.0,2.0,66.84,200,29922,418.0,花园大社区，环境优美，君临海域一期，车位充足可看房,"近地铁
新上
东南
民水民电",180.0,26930
盐田,沙头角,上东湾,2.0,1.0,46.5,270,58064,266.0,口岸物业，近地铁口，高楼层，精装2房,"近地铁
西北
民水民电
电梯房",243.0,52258
龙岗,龙岗中心城,天誉国际公馆,3.0,2.0,127.0,300,23622,440.0,换房急卖 万科商圈精装3房 带阳台通燃气 仅2XX 看房方便,"近地铁
新上
南
民水民电",270.0,21260
罗湖,人民南,新银座华庭,2.0,1.0,47.5,209,44000,128.0,新银座朝南两房一厅  拎包入住 双地铁  罗湖口岸,"近地铁
新上
南
民水民电",188.1,39600
龙岗,龙岗中心城,公园大地花园,3.0,2.0,113.0,690,61061,953.0,公园大地花园113平客厅出阳台毛坯房没有第二套没住过人的毛坯,"近地铁
南北通
民水民电
电梯房",621.0,54955
福田,上下沙,京基滨河时代广场,4.0,2.0,199.78,2300,115126,399.0,京基滨河时代广场，全新毛坯，深超总旁,"近地铁
南
民水民电
电梯房",2070.0,103613
龙华,龙华中心,壹成中心花园(九区),3.0,2.0,83.04,550,66233,,笋盘急售价格便宜位置安静,"东南
民水民电
电梯房
拎包入住",495.0,59610
福田,上下沙,金域蓝湾,3.0,2.0,163.79,1300,79369,722.0,万科金域蓝湾，168平3房可以做四房，深圳湾全海景，,"近地铁
新上
西南
民水民电",1170.0,71432
福田,香蜜湖,东海国际公寓,2.0,3.0,140.92,1149,81535,409.0,东海国际公寓精装两房业主诚心兽,"近地铁
新上
北
民水民电",1034.1,73382
罗湖,黄贝岭,集浩花园,3.0,2.0,113.06,450,39801,402.0,新上好房 集好花园 3房两卫  看房方便 配套完善,"近地铁
新上
东
民水民电",405.0,35821
龙华,红山,公馆一八六六花园,1.0,1.0,38.25,255,66666,770.0,红山高品质社区公馆1866，大社区大花园配套，精装修一房,"近地铁
新上
南
民水民电",229.5,59999
罗湖,翠竹,泊林花园,2.0,2.0,68.16,420,61619,334.0,罗湖水贝 泊林花园 珠宝商圈 方正两房 欢迎来电咨询了解,"近地铁
新上
东北
民水民电",378.0,55457
罗湖,翠竹,合正荣悦,3.0,2.0,86.32,750,86886,410.0,合正荣悦精装3房翠竹外国语车位充足,"近地铁
新上
南
民水民电",675.0,78197
罗湖,翠竹,怡泰大厦,2.0,1.0,59.77,215,35971,339.0,怡泰大厦，翠竹未用，南向2房，车位充足，临近地铁,"近地铁
新上
东北
民水民电",193.5,32374
盐田,沙头角,君临海域（一期）,6.0,3.0,292.12,2350,80446,418.0,海岸线首排，联排别墅，毛坯，上下五层,"近地铁
东西通
民水民电
有钥匙",2115.0,72401
罗湖,布心,太阳新城,1.0,1.0,43.96,260,59144,228.0,太阳新城 近地铁 花园式小区 住家舒适配套完善,"近地铁
新上
东
民水民电",234.0,53230
罗湖,翠竹,怡泰大厦,2.0,1.0,64.0,300,46875,339.0,怡泰大厦翠竹未用地铁口业主诚心卖,"近地铁
新上
东北
民水民电",270.0,42188
罗湖,洪湖,鹏大厦,2.0,1.0,36.97,450,121720,248.0,楼下就是地铁口，业主310万可以卖,"近地铁
新上
西
民水民电",405.0,109548
福田,香蜜湖,东海国际公寓,3.0,2.0,187.62,1300,69288,409.0,业主诚心出售，豪装三房三卫,"近地铁
新上
西北
民水民电",1170.0,62359
龙岗,坂田,四季花城(四期北区),3.0,2.0,111.05,558,50247,525.0,双地铁口 四季花城大型社区 中间楼层 位置安静 诚售,"近地铁
新上
西
民水民电",502.2,45222
罗湖,莲塘,东方.尊峪花园,4.0,2.0,177.03,850,48014,832.0,送25平入户花园，实用近220平！毛坯大四房南北向看山景,"近地铁
南北通
民水民电
电梯房",765.0,43213
南山,华侨城,新天鹅堡三期,3.0,2.0,123.0,1980,160975,609.0,华侨城核心地段新颖舒适居家3房,"近地铁
新上
南
民水民电",1782.0,144878
福田,红树湾,红树西岸,2.0,2.0,117.04,2450,209330,446.0,红树西岸全新精装，高层景观非常好，户型改动非常通透，拎包入住,"近地铁
新上
南
民水民电",2205.0,188397
南山,华侨城,世纪村1期,6.0,3.0,364.11,3200,87885,606.0,2字头，世纪村顶楼大复式上下4层，带私家泳池，南北通C位安静,"近地铁
民水民电
电梯房
有钥匙",2880.0,79096
龙岗,坂田,第五园（三期）,2.0,2.0,82.41,396,48052,,第五园位置安静 视野开阔 全新装修 舒适大2房 带超大阳台,"近地铁
新上
南
民水民电",356.4,43247
南山,前海,前海时代,3.0,2.0,128.79,1280,99386,650.0,前海自贸区桂湾片区前海时代，精装3房，近地铁口，诚心出售,"近地铁
新上
西南
民水民电",1152.0,89447
罗湖,百仕达,旭飞华达园,1.0,,21.27,98,46074,510.0,业主诚售，看房方便，配套成熟，交通便利,"近地铁
新上
东
民水民电",88.2,41467
罗湖,百仕达,旭飞华达园,1.0,1.0,42.0,155,36904,510.0,水贝珠宝商圈，东南向，居住舒适，月租抵月供，价格可谈,"近地铁
南
民水民电
电梯房",139.5,33214
盐田,沙头角,东埔海景花园（二期）,2.0,2.0,77.83,360,46254,723.0,沙头角好房！高层朝南！户型方正！红本满5年业主一套！,"近地铁
南
民水民电
电梯房",324.0,41629
福田,香蜜湖,东海花园（二期福禄居),5.0,2.0,168.03,2200,130929,286.0,东海花园福禄居四房厅出阳台看房方便,"近地铁
北
民水民电
电梯房",1980.0,117836
罗湖,人民南,新银座华庭,2.0,1.0,48.0,200,41666,128.0,新银座两房一厅  拎包入住业主急售  双地铁 罗湖口岸,"近地铁
南
民水民电
电梯房",180.0,37499
龙岗,布吉,龙珠花园（C区）,2.0,2.0,59.0,150,25423,561.0,交通便利配套齐全户型方正采光通透业主急售,"近地铁
新上
北
民水民电",135.0,22881
南山,西丽,桃源村（二期）,3.0,2.0,93.13,410,44024,141.0,桃源村二期高层东南向安静看花园事业采光好,"近地铁
新上
东南
民水民电",369.0,39622
宝安,新安,创业二村,3.0,2.0,98.0,480,48979,413.0,新出房源，业主急售，看房方便，价格可谈,"近地铁
新上
东南
民水民电",432.0,44081
宝安,新安,勤诚达前海世界,3.0,2.0,79.0,760,96202,95.0,勤诚达电梯房3房急卖！宝中书包房！,"近地铁
新上
东南
民水民电",684.0,86582
宝安,新安,文汇花园,3.0,2.0,121.85,516,42347,831.0,宝中大三房急售，看房方便,"近地铁
东南
民水民电
有钥匙",464.4,38112
宝安,沙井,四海云亭,2.0,2.0,80.16,238,29690,929.0,业主诚心出售,"近地铁
东北
民水民电
有钥匙",214.2,26721
南山,蛇口,四海公寓,3.0,2.0,89.0,700,78651,757.0,四海公寓，精装三房，户型方正，采光好，安静舒适，近四海公园,"近地铁
东
民水民电
电梯房",630.0,70786
龙岗,布吉,信义假日名城(五期B山翠居),3.0,2.0,83.89,380,45297,676.0,布吉繁华地段大社区信义五期电梯三房视野开阔无遮挡诚心卖价可谈,"近地铁
南
民水民电
电梯房",342.0,40767
宝安,桃源居,桃源居世外桃源,4.0,2.0,132.0,600,45454,387.0,桃源居双龙抱珠大四房  看山景,"近地铁
新上
南北通
民水民电",540.0,40909
福田,百花,南天大厦（一期）,3.0,1.0,107.0,880,82242,227.0,南北通透，精装修，红本在手，看房方便,"近地铁
新上
南北通
民水民电",792.0,74018
龙岗,布吉,信义荔山公馆（景和园）,4.0,2.0,143.18,700,48889,527.0,荔山公馆  精装大四房  业主急售  价格好谈,"近地铁
新上
南北通
民水民电",630.0,44000
龙岗,龙岗中心城,公园大地花园,4.0,2.0,172.0,1380,80232,953.0,公园大地花园中间客厅出阳台大4房 少有盘 业主急售 价可谈,"近地铁
新上
南北通
民水民电",1242.0,72209
龙华,龙华中心,壹成中心花园(九区),5.0,2.0,139.19,798,57331,,花园中间位置，南北通高实用大五房，价优诚售,"新上
东南
民水民电
电梯房",718.2,51598
龙岗,龙岗中心城,保利上城,1.0,1.0,53.63,150,27969,835.0,深中、龙外书包有效，高层东南向，业主诚心出售,"近地铁
新上
南
民水民电",135.0,25172
南山,西丽,宝能城花园,3.0,2.0,88.0,750,85227,207.0,宝能城高层大阳台，业主诚心卖，价格可谈，车位多,"近地铁
新上
东
民水民电",675.0,76704
宝安,宝安中心区,高发西岸花园（一期）,2.0,2.0,79.38,660,83144,196.0,儿童游乐设施、会所、小区幼儿园等配套，安静舒适,"近地铁
新上
南
民水民电",594.0,74830
罗湖,布心,淘金山湖景花园二期,3.0,2.0,176.39,1180,66897,856.0,附近就是公园，非常适合老人孩子去散步,"近地铁
新上
南北通
民水民电",1062.0,60207
龙岗,龙岗中心城,怡龙枫景园,3.0,2.0,89.0,230,25842,556.0,怡龙枫景园 全新装修 89平三房 朝南 拎包入住 价格可以谈,"近地铁
南
民水民电
电梯房",207.0,23258
南山,科技园,大冲新城花园,1.0,1.0,50.0,330,66000,461.0,大冲新城花园业主诚心出售带南外大冲部九年制书包,"近地铁
新上
西
民水民电",297.0,59400
罗湖,布心,彩世界家园,3.0,2.0,91.0,418,45934,543.0,彩世界家园业主有心卖，配套齐全，租金高，谈价空间大，采光通透,"近地铁
新上
西北
民水民电",376.2,41341
罗湖,翠竹,怡泰大厦,2.0,1.0,56.61,260,45928,339.0,业主有心卖，配套齐全，采光通透，谈价空间大，租金高,"近地铁
新上
南
民水民电",234.0,41335
罗湖,百仕达,东乐花园(罗湖),2.0,2.0,76.18,300,39380,393.0,东乐花园，业主有心卖，谈价空间大，配套齐全,"近地铁
新上
南
民水民电",270.0,35442
福田,香蜜湖,浩铭财富广场,1.0,1.0,49.0,495,101020,178.0,浩铭财富广场，好房出街，看房子方便,"近地铁
新上
北
民水民电",445.5,90918
南山,前海,绿海名都,1.0,,39.89,280,70193,360.0,推开家门，是专属的静谧空间；迈出家门，是热闹的都市万象 。,"近地铁
新上
南
民水民电",252.0,63174
龙岗,龙岗中心城,深房传麒尚林,3.0,2.0,88.06,230,26118,,业主向市场妥协！地铁口刚降价房源，精装，满五年急售，价格私聊,"新上
南
民水民电
电梯房",207.0,23506
罗湖,布心,彩世界家园,2.0,2.0,72.0,260,36111,543.0,彩世界家园新上两房户型好朝向好满五唯一业主诚心出售,"近地铁
新上
南
民水民电",234.0,32500
宝安,碧海,前城滨海花园,5.0,2.0,148.43,1350,90951,115.0,宏发前城高实用5房，次新改善大平层，满五唯一税少,"近地铁
新上
南北通
民水民电",1215.0,81856
南山,南头,豪方天际花园,3.0,2.0,75.83,666,87828,226.0,南山豪方天际花园 精装3房,"近地铁
新上
民水民电
电梯房",599.4,79045
南山,前海,泛海拉菲花园（一期）,2.0,2.0,83.43,780,93491,233.0,"美宅盛装, 湖畔绽放, 它的风情万种","近地铁
新上
南
民水民电",702.0,84142
福田,香蜜湖,东海国际公寓,3.0,2.0,202.89,2250,110897,409.0,东海国际公寓高区大阳台东南端头业主诚心出售,"近地铁
新上
东北
民水民电",2025.0,99807
罗湖,百仕达,百仕达花园五期(乐湖),3.0,2.0,141.96,930,65511,768.0,诚意出售！百仕达乐湖低楼层精装三房，户型方正，采光好，价可谈,"近地铁
新上
东北
民水民电",837.0,58960
福田,福田口岸,金地名津,2.0,1.0,53.0,330,62264,353.0,福田口岸单边方正带双阳台2房出售,"近地铁
北
民水民电
电梯房",297.0,56038
南山,华侨城,香山美墅云颂,4.0,2.0,167.25,1770,105829,,香山美墅云颂看高尔夫4房 视野非常开阔 满五维一 价格可再谈,"新上
东西通
民水民电
电梯房",1593.0,95246
罗湖,人民南,置地广场,1.0,1.0,43.96,290,65969,330.0,金光华旁，置地广场44平米一房，配套成熟，交通便利。,"近地铁
新上
北
民水民电",261.0,59372
南山,华侨城,新天鹅堡二期,4.0,2.0,268.0,5300,197761,588.0,新天鹅湖花园二期，看湖景，全新毛坯，诚心出售,"近地铁
新上
南
民水民电",4770.0,177985
南山,华侨城,新天鹅堡二期,4.0,4.0,292.0,6500,222602,588.0,端头位特价房！天鹅湖花园精装4+1房，业主急卖！,"近地铁
新上
东
民水民电",5850.0,200342
南山,华侨城,纯水岸十五期,4.0,2.0,256.0,3800,148437,,世界看遍终归回到纯水岸，7万平方燕栖湖尽收眼底，价格有惊喜,"新上
东南
民水民电
电梯房",3420.0,133593
南山,华侨城,新天鹅堡二期,3.0,2.0,135.0,2800,207407,588.0,湖景海景特价房！天鹅湖花园大两房，业主急卖！,"近地铁
新上
南
民水民电",2520.0,186666
南山,华侨城,新天鹅堡二期,4.0,2.0,269.0,5888,218884,588.0,天鹅湖花园高层湖景海景特价房，业主急卖，看房方便,"近地铁
新上
南北通
民水民电",5299.2,196996
南山,华侨城,新天鹅堡二期,1.0,2.0,130.91,3000,229165,588.0,高层 湖景海景特价房！天鹅湖花园大两房，业主急卖！,"近地铁
新上
南
民水民电",2700.0,206248
南山,华侨城,新天鹅堡二期,2.0,2.0,135.0,3218,238370,588.0,天鹅湖花园大两房，业主急卖！,"近地铁
新上
南
民水民电",2896.2,214533
罗湖,翠竹,金丽豪苑,1.0,1.0,40.03,360,89932,319.0,好房推荐  小区交易频繁总价低     此房业主全权委托我,"近地铁
新上
北
民水民电",324.0,80939
罗湖,新秀,东方都会大厦,1.0,1.0,35.16,160,45506,633.0,京基东方都会新秀地铁站一房一厅实用精装东南向,"近地铁
新上
东
民水民电",144.0,40955
南山,华侨城,香山美墅云颂,3.0,,165.0,1850,112121,,香山美墅云颂，通透方正4房，价格有优势，可谈，诚心出售,"新上
东
民水民电
电梯房",1665.0,100909
南山,华侨城,天鹅堡一期,4.0,2.0,346.52,3850,111104,,华侨城天鹅堡大平面新装修业主诚售看房方便价格好谈,"新上
东南
民水民电
电梯房",3465.0,99994
福田,香蜜湖,万科瑧山府(二期),4.0,2.0,240.02,4500,187484,294.0,安托山 景观视野 装修好  保养好 有书包 看房方便,"近地铁
新上
南北通
民水民电",4050.0,168736
南山,前海,前海时代CEO公馆,4.0,2.0,210.9,2300,109056,650.0,地铁前海时代广场，满二税少，业主诚心售,"近地铁
新上
南北通
民水民电",2070.0,98150
南山,华侨城,新天鹅堡二期,4.0,2.0,258.67,5180,200255,588.0,高层湖景海景特价房！天鹅湖花园4+1房，业主急卖！,"近地铁
新上
南
民水民电",4662.0,180230
宝安,沙井,博林君瑞,3.0,2.0,89.0,380,42696,,博林君瑞精装三房  高楼层朝向好 户型方正,"新上
东南
民水民电
电梯房",342.0,38426
福田,益田村,益田村,3.0,2.0,77.0,426,55324,144.0,益田村，格局方正，交通便利,"近地铁
新上
北
民水民电",383.4,49792
福田,香蜜湖,兰江山第,4.0,2.0,178.0,1780,100000,,香蜜湖半山豪宅，兰江山第178平带大露台，高层安静4房,"新上
民水民电
电梯房
拎包入住",1602.0,90000
宝安,沙井,中熙香莎公馆,3.0,2.0,89.0,290,32584,,格局方正 双南设计 全明通透 豪华气派彰显无疑。,"新上
南
民水民电
电梯房",261.0,29326
罗湖,莲塘,东方.尊峪花园,4.0,2.0,175.0,780,44571,832.0,东方尊峪大社区景观房,"近地铁
东西通
民水民电
电梯房",702.0,40114
罗湖,黄贝岭,深业东岭花园（二期）,3.0,2.0,105.01,700,66660,435.0,深业东岭二期 精装修大三房 红本满五 税少 业主换大房急售,"近地铁
西北
民水民电
电梯房",630.0,59994
宝安,福永,金域豪庭（一期）,3.0,2.0,94.3,443,46977,943.0,金域豪庭 经典户型设计 合理空间划分 地铁口物业,"近地铁
东南
民水民电
拎包入住",398.7,42279
福田,益田村,益田村,4.0,2.0,94.0,546,58085,144.0,益田芯上住，深圳生活加速度,"近地铁
新上
南北通
民水民电",491.4,52276
福田,香蜜湖,万科瑧山府,4.0,2.0,231.63,5000,215861,294.0,万科瑧山府，新上东端头四房，南北通，车位足，价格空间大 急卖,"近地铁
新上
南北通
民水民电",4500.0,194275
罗湖,翠竹,合正荣悦,4.0,2.0,205.32,1800,87668,410.0,合正荣悦，楼旺3梯2户，南北通，豪华装修，自住业主诚意出,"近地铁
新上
东南
民水民电",1620.0,78901
宝安,沙井,博林君瑞,3.0,2.0,89.11,348,39052,,博林君瑞 高档社区 景观好房 精品户型 稍纵即逝,"新上
西南
民水民电
电梯房",313.2,35147
南山,华侨城,香山美墅云颂,4.0,2.0,171.0,2200,128654,,香山美墅云颂业主急卖，精装保养好，看房方便,"新上
南
民水民电
电梯房",1980.0,115789
宝安,沙井,博林君瑞,3.0,2.0,89.24,390,43702,,精致三房，尚的装修风格，婚房优选,"新上
东南
民水民电
电梯房",351.0,39332
南山,华侨城,纯水岸十五期,5.0,2.0,288.39,5060,175456,,高层精装特价 纯水岸 南北通透 业主急卖,"新上
南北通
民水民电
电梯房",4554.0,157910
罗湖,翠竹,合正荣悦,2.0,2.0,67.13,480,71503,410.0,合正荣悦，业主诚意出售，价格可谈，翠竹加螺岭未用，户型方正,"近地铁
新上
南北通
民水民电",432.0,64353
宝安,沙井,丽沙花都,3.0,2.0,98.75,492,49822,,丽沙花都经典三房 南通户型 全明 精装修,"新上
南
民水民电",442.8,44840
宝安,福永,金域豪庭三期,2.0,2.0,64.04,430,67145,382.0,金域豪庭 畅想真正的浪漫花园洋房生活，回家就是一种度假,"近地铁
新上
南
民水民电",387.0,60430
宝安,沙井,中熙香莎公馆,3.0,2.0,87.82,550,62628,,香莎公馆 什么叫真正特价房看看这套你会明白！急售,"南北通
民水民电
电梯房",495.0,56365
南山,华侨城,天鹅堡二期,4.0,2.0,200.82,2698,134349,,天鹅堡二期精装特价，业主特价急卖，价格好谈,"新上
东南
民水民电
电梯房",2428.2,120914
宝安,桃源居,桃源居十六区,2.0,2.0,82.87,520,62748,543.0,格局方正 双南设计 全明通透 豪华气派彰显无疑,"近地铁
新上
南
民水民电",468.0,56473
南山,华侨城,新天鹅堡三期,3.0,2.0,123.0,1780,144715,609.0,新天鹅堡三期安静精装3+1房，业主特价急卖，看房方便！,"近地铁
新上
西南
民水民电",1602.0,130244
宝安,福永,金域豪庭（二期）,2.0,2.0,79.73,400,50169,530.0,立体交通全程对接，主城生活唾手可得,"近地铁
新上
南
民水民电",360.0,45152
宝安,沙井,拾悦城,4.0,2.0,100.0,430,43000,410.0,精装修送全套全新家电 黄金楼层 不买你会损失哦,"近地铁
新上
南北通
民水民电",387.0,38700
宝安,沙井,万科翡丽郡（一期）,5.0,2.0,135.48,560,41334,,如果要观望，我建议你看完这个房子后再观望，一定不会让您失望,"新上
南
民水民电
精装修",504.0,37201
宝安,沙井,丽沙花都,3.0,2.0,97.65,320,32770,,经典三房 南北户型！全明！精装修！两证齐全！,"新上
南北通
民水民电
拎包入住",288.0,29493
宝安,福永,金域豪庭（二期）,7.0,3.0,241.98,1299,53682,530.0,金域豪庭高档社区 景观好房 稍纵即逝！,"近地铁
南北通
民水民电
电梯房",1169.1,48314
宝安,沙井,拾悦城,3.0,2.0,86.12,480,55736,410.0,好的房子不是用来欣赏的 是用来享受的,"近地铁
新上
东南
民水民电",432.0,50162
宝安,沙井,拾悦城,4.0,2.0,101.38,530,52278,410.0,畅想真正的浪漫花园洋房生活，回家就是一种度假,"近地铁
南
民水民电
电梯房",477.0,47050
宝安,沙井,万科翡丽郡（一期）,3.0,2.0,88.7,500,56369,,万科翡丽郡 精心呈现品质感与实用性兼具的经典户型,"新上
南
民水民电
电梯房",450.0,50732
福田,香蜜湖,万科瑧山府(二期),4.0,2.0,231.0,4188,181298,294.0,瑧山府高楼层景观漂亮，看房方便，等您入住,"近地铁
新上
南北通
民水民电",3769.2,163168
宝安,沙井,博林君瑞,3.0,2.0,89.11,450,50499,,经典户型设计，合理空间划分，内外兼修的品质建筑,"新上
东南
民水民电
电梯房",405.0,45449
宝安,宝安中心区,深业新岸线（一期）,5.0,2.0,161.06,1468,91146,326.0,新岸线：两层复试，使用率高，6米中空挑高，户型通透景观好,"近地铁
新上
东西通
民水民电",1321.2,82031
宝安,沙井,万科翡丽郡（一期）,4.0,2.0,126.64,620,48957,,万科翡丽郡四房 位置安静 户型方正实用,"新上
南
民水民电
电梯房",558.0,44061
宝安,沙井,万科翡丽郡（一期）,3.0,2.0,89.05,380,42672,,万科翡丽郡 精致户型，享受无限阳光生活。,"新上
南
民水民电
电梯房",342.0,38405
宝安,沙井,博林君瑞,3.0,2.0,89.06,400,44913,,精品好房，适合年经人首次购房，总价低,"新上
东南
民水民电
电梯房",360.0,40422
宝安,福永,金石雅苑,3.0,2.0,58.25,300,51502,,正规成熟小区，小区中间非常安静，光线非常好,"新上
东南
民水民电
电梯房",270.0,46352
宝安,沙井,丽沙花都,3.0,2.0,113.0,550,48672,,经典户型设计 合理空间划分 内外兼修的品质建筑,"新上
南
民水民电
电梯房",495.0,43805
宝安,沙井,丽沙花都,4.0,2.0,94.81,560,59065,,丽沙花都 南北通 高性价比，阳光清风随时造访生活,"新上
南
民水民电
拎包入住",504.0,53158
宝安,福永,金域豪庭（二期）,3.0,2.0,113.0,480,42477,530.0,精装修送全套全新家电，黄金楼层，不买你会损失哦！,"近地铁
新上
南
民水民电",432.0,38229
宝安,福永,金域豪庭（二期）,2.0,2.0,76.38,450,58915,530.0,精品好房，适合年经人首次购房，总价低,"近地铁
南
民水民电
精装修",405.0,53024
宝安,福永,金域豪庭（二期）,3.0,2.0,102.33,500,48861,530.0,金域豪庭 小区环境不错，经典小户型部价低楼层好,"近地铁
新上
南
民水民电",450.0,43975
宝安,沙井,博林君瑞,3.0,2.0,90.0,450,50000,,博林君瑞精装三房 高楼层景观好 近海岸城,"新上
北
民水民电
电梯房",405.0,45000
宝安,福永,金域豪庭三期,3.0,2.0,82.44,420,50946,382.0,金域豪庭 地铁口三房 小高层带电梯 小区绿化高,"近地铁
新上
南
民水民电",378.0,45851
宝安,沙井,丽沙花都,3.0,2.0,100.05,358,35782,,丽沙花都三房 精致户型 享受无限阳光生活,"北
民水民电
精装修",322.2,32204
宝安,沙井,丽沙花都,3.0,2.0,102.67,400,38959,,高档社区 景观好房 精品户型 稍纵即逝,"新上
南北通
民水民电",360.0,35063
宝安,沙井,丽沙花都,3.0,2.0,101.17,450,44479,,丽沙花都 格局方正 双南设计 全明通透 豪华气派彰显无疑。,"新上
南
民水民电
电梯房",405.0,40031
福田,香蜜湖,港中旅花园（二期）,3.0,2.0,104.57,1580,151094,332.0,港中旅二期，新上3+1房，赠送入户，业主诚心出售，价格空间大,"近地铁
新上
东北
民水民电",1422.0,135985
罗湖,黄贝岭,深业东岭花园（二期）,2.0,2.0,71.01,500,70412,435.0,罗湖城芯读双名助教学 满二年看房 探底价私我助您置好物,"近地铁
新上
西北
民水民电",450.0,63371
南山,华侨城,香山里花园(一期),5.0,2.0,175.0,1720,98285,,香山里高层景观好 精装特价通透大四房，业主急卖,"新上
南
民水民电
电梯房",1548.0,88456
南山,华侨城,天鹅堡一期,4.0,2.0,241.0,2800,116182,,高层景观好特价！天鹅堡南北通透4+1房，业主急卖！,"新上
南北通
民水民电
电梯房",2520.0,104564
福田,益田村,益田村,3.0,1.0,97.0,610,62886,144.0,精装南向安静大社区,"近地铁
新上
南
民水民电",549.0,56597
南山,华侨城,新天鹅堡三期,3.0,2.0,123.0,1880,152845,609.0,新天鹅堡三期，高层景观好房！,"近地铁
新上
东
民水民电",1692.0,137560
宝安,沙井,鸿荣源禧园,4.0,2.0,154.89,798,51520,480.0,高档小区，人文荟萃高品质的象征，豪华婚装！,"近地铁
新上
南
民水民电",718.2,46368
南山,华侨城,新天鹅堡二期,2.0,2.0,130.91,3000,229165,588.0,高层 湖景海景特价房！天鹅湖花园大两房，业主急卖！,"近地铁
新上
南
民水民电",2700.0,206248
福田,益田村,益田村,2.0,2.0,61.0,382,62622,144.0,益田村，精装，总价低,"近地铁
新上
南北通
民水民电",343.8,56360
南山,华侨城,纯水岸七期,3.0,2.0,235.0,3300,140425,,"纯水岸七期豪装特价房 安静景观好 看房方便,价格可谈","新上
东南
民水民电
电梯房",2970.0,126382
宝安,福永,御景水岸花园,4.0,2.0,122.7,750,61124,,御景水岸高层湖景房 落地大飘窗 看立新湖,"新上
南北通
民水民电
电梯房",675.0,55012
南山,华侨城,新天鹅堡二期,2.0,2.0,130.91,2650,202429,588.0,高层 湖景海景特价房！天鹅湖花园大两房，业主急卖！,"近地铁
南
民水民电
电梯房",2385.0,182186
宝安,福永,御景水岸花园,3.0,2.0,88.29,395,44738,,宝安福永温馨花园近地铁口-看公园景观-诚心出售-税费低,"新上
南
民水民电
电梯房",355.5,40264
罗湖,黄贝岭,深业东岭花园（一期）,1.0,,39.0,235,60256,435.0,深业东岭业主急卖，配套齐全，租金高，采光通透，谈价空间大,"近地铁
新上
西北
民水民电",211.5,54230
福田,益田村,益田村,4.0,2.0,94.0,580,61702,144.0,益田村多层4房 南北通透 位置安静 价格可以谈 业主诚心卖,"近地铁
新上
南
民水民电",522.0,55532
罗湖,黄贝岭,深业东岭花园（一期）,3.0,2.0,92.43,600,64913,435.0,深业东岭，精装3房，地铁口，480万出售,"近地铁
新上
西北
民水民电",540.0,58422
福田,景田,缔梦园（一期）,1.0,1.0,41.34,280,67731,150.0,缔梦园一期，精装一房一厅，安静近地铁,"近地铁
新上
北
民水民电",252.0,60958
南山,华侨城,香山美墅花园,4.0,2.0,177.0,2400,135593,,高层景观房特价房！香山美墅云邸精装通透，业主急卖！,"新上
南北通
民水民电
电梯房",2160.0,122034
南山,后海,蔚蓝海岸社区二期,3.0,2.0,109.63,1130,103073,226.0,后海蔚蓝海岸二期，低密度小区，地铁口物业，满五唯一，价格可谈,"近地铁
新上
东北
民水民电",1017.0,92766
福田,福田口岸,金地名津,1.0,1.0,43.0,185,43023,353.0,金地1房，总价低，易出租,"近地铁
新上
东北
民水民电",166.5,38721
南山,华侨城,新天鹅堡一期,5.0,2.0,376.0,10500,279255,588.0,天鹅湖一期C栋，景观C位，高楼层，看房好安排,"近地铁
新上
南北通
民水民电",9450.0,251330
南山,华侨城,香山里花园(一期),4.0,2.0,170.77,1520,89008,,华侨城香山里一期2栋中间楼层南北通透户型诚意出售,"新上
南北通
民水民电
电梯房",1368.0,80107
福田,香蜜湖,兰江山第,4.0,2.0,176.0,2100,119318,,万科瑧山道5B栋高楼层176平4加1房，南北通看山景，超安静,"新上
南北通
民水民电
电梯房",1890.0,107386
福田,竹子林,佳泰兴苑,3.0,2.0,79.7,990,124215,451.0,佳泰兴苑看公园景四房可拎包入住诚售,"近地铁
南
民水民电
电梯房",891.0,111794
南山,华侨城,新天鹅堡三期,3.0,1.0,123.0,2000,162601,609.0,南山华侨城新天鹅堡精装好房出售看房方便,"近地铁
新上
南
民水民电",1800.0,146341
南山,华侨城,天鹅堡一期,2.0,1.0,130.0,1300,100000,,华侨城天鹅堡一期少有户型业主诚售价钱空间大看房子方便,"新上
南北通
民水民电
电梯房",1170.0,90000
罗湖,翠竹,愉天小区,1.0,1.0,43.0,320,74418,335.0,愉天1栋-住宅用途-看房找我有钥匙-精装修-红本-价格可谈,"近地铁
新上
东
民水民电",288.0,66976
南山,华侨城,香山美墅花园,4.0,2.0,244.19,3980,162987,,香山美墅小高层，豪华装修4房，满五年诚意卖,"新上
西南
民水民电
电梯房",3582.0,146688
南山,前海,前海时代CEO公馆,5.0,2.0,175.0,2650,151428,650.0,前海时代CEO公馆四房,"近地铁
新上
南
民水民电",2385.0,136285
南山,华侨城,香山里花园(一期),3.0,2.0,158.8,1750,110201,,南山华侨城，香山里3+1房，3房全看高尔夫景观，低价有惊喜,"东南
民水民电
电梯房
拎包入住",1575.0,99181
福田,香蜜湖,港中旅花园（一期）,4.0,2.0,159.0,2500,157232,55.0,中旅一期5年前新装修，高楼层采光很舒服，高楼层价格你懂的,"近地铁
新上
南北通
民水民电",2250.0,141509
罗湖,翠竹,合正荣悦,4.0,2.0,207.0,1850,89371,410.0,翠竹外国语 南北通阔绰大平层 诚意售价可谈！,"近地铁
新上
南
民水民电",1665.0,80434
南山,华侨城,纯水岸一期,4.0,2.0,206.47,2450,118661,,纯水岸精装4+1房高实用 南北通透业主急卖，看房方便！,"新上
东西通
民水民电
电梯房",2205.0,106795
福田,香蜜湖,兰江山第,4.0,2.0,164.0,1780,108536,,福田半山豪宅，精装4房出售！,"新上
南
民水民电
拎包入住",1602.0,97682
福田,香蜜湖,兰江山第,4.0,2.0,173.02,1600,92474,,福田半山豪宅，精装4房，视野开阔！,"新上
南北通
民水民电
电梯房",1440.0,83227
福田,香蜜湖,兰江山第,4.0,2.0,83.28,1600,192122,,福田半山豪宅，精装4房，天然氧吧！,"新上
南北通
民水民电
带家私",1440.0,172910
福田,香蜜湖,东海花园（二期福禄居),3.0,2.0,133.67,1550,115957,286.0,东海花园福禄居南向三加一房看房方便,"近地铁
新上
南
民水民电",1395.0,104361
福田,香蜜湖,万科瑧山府,4.0,2.0,231.0,4200,181818,294.0,香蜜湖次新房大户型南北通,"近地铁
新上
南北通
民水民电",3780.0,163636
南山,华侨城,香山里花园(一期),5.0,2.0,176.88,1650,93283,,华侨城香山里安静户型4房，另带保姆间，底价由惊喜,"新上
南
民水民电
电梯房",1485.0,83955
南山,前海,前海时代CEO公馆,4.0,2.0,144.65,1980,136882,650.0,前海罕有洋房带花园南北通透,"近地铁
新上
南北通
民水民电",1782.0,123194
南山,华侨城,香山美墅云颂,3.0,2.0,125.0,1450,116000,,业主急售看房方便价格可谈,"新上
南
民水民电
电梯房",1305.0,104400
罗湖,翠竹,合正荣悦,3.0,2.0,86.66,720,83083,410.0,合正荣悦新上房源5栋03户型中高层满五年红本在手随时过户,"近地铁
新上
南
民水民电",648.0,74775
龙华,龙华中心,壹成中心花园(九区),5.0,2.0,131.91,750,56856,,壹方天地笋盘急售，南北通透看房方便近地铁,"新上
南北通
民水民电
拎包入住",675.0,51170
宝安,沙井,万科星城名邸,3.0,2.0,99.33,430,43290,,万科星城 畅想真正的浪漫花园洋房生活，回家就是一种度假,"东南
民水民电
电梯房
精装修",387.0,38961
南山,华侨城,香山里花园(二期),4.0,2.0,155.09,2500,161196,,香山里好房,"南
民水民电
电梯房
拎包入住",2250.0,145076
南山,华侨城,香山美墅云颂,4.0,2.0,171.0,2100,122807,,华侨城次新房小区看山看海视野开阔业主诚售价钱可谈,"新上
东西通
民水民电
电梯房",1890.0,110526
南山,华侨城,新天鹅堡三期,3.0,2.0,123.4,1620,131280,609.0,天鹅湖3期全新现代轻奢精装3房，看山景湖景及欢乐谷等城市美景,"近地铁
新上
东南
民水民电",1458.0,118152
福田,香蜜湖,万科瑧山府(二期),4.0,2.0,231.0,4300,186147,294.0,万科臻山府二期次新房，新上4+1房，东端头户型，诚心出售,"近地铁
新上
南北通
民水民电",3870.0,167532
宝安,沙井,四海云亭,2.0,2.0,78.0,320,41025,929.0,宝亭锦园 小区环境不错 经典两房户型 楼层好,"近地铁
民水民电
电梯房
拎包入住",288.0,36922
福田,红树湾,中信红树湾花城南区,4.0,3.0,232.0,2950,127155,467.0,精装特价！中信红树湾4+1房，业主急卖，看房方便,"近地铁
新上
东南
民水民电",2655.0,114440
南山,华侨城,香山美墅云颂,3.0,2.0,166.19,2280,137192,,香山美墅云颂安静精装大四房，业主特价急卖，看房方便！,"新上
东
民水民电
电梯房",2052.0,123473
南山,华侨城,天鹅堡三期,4.0,2.0,203.34,2380,117045,879.0,高层精装特价 天鹅堡三期4+1房双套间 南北通透 业主急卖,"近地铁
新上
南北通
民水民电",2142.0,105340
宝安,沙井,卓越中寰(誉珑豪轩),3.0,2.0,98.0,325,33163,,誉珑中间楼层三房 高档社区 景观好房 精品户型,"新上
东
民水民电
精装修",292.5,29847
南山,华侨城,新天鹅堡一期,5.0,2.0,374.61,8500,226902,588.0,新出 华侨城天鹅湖高层湖景精装五房 视野开阔无遮挡,"近地铁
新上
南北通
民水民电",7650.0,204212
宝安,沙井,西荟城（三期）,2.0,2.0,68.49,340,49642,965.0,年轻时尚二居室 观景房 落地大飘窗 采光视野一流,"近地铁
新上
南
民水民电",306.0,44678
福田,香蜜湖,万科瑧山府,4.0,2.0,240.0,4500,187500,294.0,万科瑧山府4栋安静 业主诚心卖,"近地铁
新上
南北通
民水民电",4050.0,168750
福田,香蜜湖,万科瑧山府,4.0,2.0,230.0,4180,181739,294.0,万科瑧山府 业主诚心出售中,"近地铁
新上
南北通
民水民电",3762.0,163565
南山,华侨城,新天鹅堡三期,3.0,2.0,123.0,1900,154471,609.0,抢手好房源，天鹅湖51楼凤凰楼层高看全华侨城景观，笋盘,"近地铁
新上
东
民水民电",1710.0,139024
南山,华侨城,新天鹅堡三期,3.0,2.0,122.79,1550,126231,609.0,天鹅湖花园次新小区地铁口物业满五年保养好价格可谈,"近地铁
新上
西
民水民电",1395.0,113608
宝安,沙井,万科星城上郡,3.0,2.0,80.42,350,43521,,万科星城三房 高档社区 景观好房  稍纵即逝,"新上
南
民水民电
电梯房",315.0,39169
宝安,沙井,卓越中寰(誉珑明轩),3.0,2.0,95.08,350,36811,,中寰精装三房 经典户型设计 合理空间划分,"新上
西
民水民电
精装修",315.0,33130
南山,华侨城,香山美墅云颂,3.0,2.0,125.0,1550,124000,,华侨城香山美墅五期高层精装三房装修保养好 视野开阔无遮挡,"新上
西南
民水民电
电梯房",1395.0,111600
宝安,沙井,万丰海岸城玺园,5.0,2.0,143.51,780,54351,,什么叫真正特价房看看这套你会明白！急售,"新上
南
民水民电
电梯房",702.0,48916
宝安,福永,中粮凤凰里,3.0,2.0,88.0,380,43181,999.0,中粮凤凰里 全优的生活配套，环境优美,"近地铁
新上
东南
民水民电",342.0,38863
龙岗,龙岗中心城,全盛紫悦龙庭,3.0,2.0,89.0,350,39325,347.0,业主向市场妥协！地铁口刚降价房源，精装，满五年急售，价格私聊,"近地铁
新上
民水民电
精装修",315.0,35392
宝安,福永,中粮凤凰里,3.0,2.0,88.85,350,39392,999.0,中粮凤凰里三房 高档小区 人文荟萃 高品质的象征,"近地铁
新上
东南
民水民电",315.0,35453
宝安,福永,华强城,3.0,2.0,89.9,438,48720,140.0,空间布局有致 和谐有序 清新空气自由穿行,"近地铁
新上
南北通
民水民电",394.2,43848
宝安,沙井,万科星城上郡,3.0,2.0,81.14,295,36356,,好的房子不是用来欣赏的 是用来享受的,"新上
南
民水民电
电梯房",265.5,32720
南山,前海,卓越前海一号,5.0,2.0,285.0,2800,98245,372.0,前海壹号豪华五房 全新家电 黄金楼层 不买你会损失哦,"近地铁
东南
民水民电
拎包入住",2520.0,88420
宝安,沙井,西荟城（二期）,3.0,2.0,88.66,450,50755,970.0,西荟城三房 景观好房 精品户型配套完善,"近地铁
新上
东
民水民电",405.0,45680
宝安,沙井,万科星城华府,3.0,2.0,98.0,450,45918,,什么叫真正特价房看看这套你会明白！急售,"南
民水民电
电梯房
精装修",405.0,41326
南山,前海,卓越前海一号,3.0,2.0,289.0,4300,148788,372.0,前海壹号 豪华装修 高档公寓 朝南全明户型 居家选择身份象征,"近地铁
南
民水民电
精装修",3870.0,133909
南山,华侨城,天鹅堡二期,4.0,2.0,230.94,2580,111717,,天鹅堡二期。全新装修房子,"东南
民水民电
电梯房
拎包入住",2322.0,100545
南山,华侨城,纯水岸十五期,3.0,2.0,253.0,3500,138339,,纯水岸十五期，低总价的四房，安静舒适,"新上
南
民水民电",3150.0,124505
宝安,福永,中粮凤凰里,3.0,2.0,89.52,380,42448,999.0,空间布局有致 和谐有序 清新空气自由穿行,"近地铁
新上
南
民水民电",342.0,38203
宝安,沙井,西荟城（二期）,3.0,3.0,88.79,420,47302,970.0,年轻时尚三居室 观景房 落地大飘窗 采光视野一流,"近地铁
新上
东北
民水民电",378.0,42572
宝安,沙井,西荟城（一期）,4.0,2.0,89.46,400,44712,827.0,经典户型设计 合理空间划分 内外兼修的品质建筑,"近地铁
南
民水民电
电梯房",360.0,40241
宝安,沙井,星河荣御花苑（三期）,3.0,2.0,89.65,320,35694,,大师级设计水准 精心呈现品质感与实用性兼具的经典户型,"新上
南
民水民电
电梯房",288.0,32125
宝安,沙井,西荟城（二期）,3.0,2.0,88.79,450,50681,970.0,精装三房，精致婚装， 是您满意的居家首选之地！,"近地铁
北
民水民电
电梯房",405.0,45613
宝安,沙井,西荟城（一期）,4.0,2.0,88.97,491,55187,827.0,西荟城精装三房 户型方正实用 中高楼层采光好,"近地铁
南
民水民电
电梯房",441.9,49668
宝安,沙井,西荟城（三期）,2.0,2.0,64.5,300,46511,965.0,西荟城二居室 观景房 落地大飘窗 采光视野一流,"近地铁
新上
东北
民水民电",270.0,41860
南山,华侨城,香山里花园(二期),3.0,2.0,151.0,1580,104635,,华侨城香山里四房安静精装修诚意出售随时方便看房,"新上
南北通
民水民电
电梯房",1422.0,94172
宝安,沙井,西荟城（二期）,5.0,2.0,143.0,900,62937,970.0,双龙抱珠户型 高档小区人文荟萃高品质的象征豪华婚装！,"近地铁
南
民水民电
电梯房",810.0,56643
宝安,沙井,万科星城上郡,3.0,2.0,99.6,430,43172,,沙井万科星城，中间楼层好房，看房方便,"南北通
民水民电
精装修",387.0,38855
宝安,福永,中粮凤凰里,4.0,2.0,123.4,570,46191,999.0,大户型，空间大，不拥挤,"近地铁
西南
民水民电
电梯房",513.0,41572
福田,红树湾,中信红树湾花城南区,3.0,2.0,155.79,2000,128377,467.0,中信红树湾精装特价！通透大四房，业主急卖！,"近地铁
新上
西南
民水民电",1800.0,115539
宝安,沙井,万科星城上郡,3.0,2.0,98.0,420,42857,,万科星城三房 图的就是省心 好房子好价格,"新上
西南
民水民电
电梯房",378.0,38571
宝安,沙井,四海云亭,4.0,2.0,127.57,520,40761,929.0,宝亭锦园三房 中高楼层 配套完善,"近地铁
南北通
民水民电
电梯房",468.0,36685
南山,华侨城,新天鹅堡一期,4.0,2.0,344.82,8380,243025,588.0,新天鹅堡一期，345平看湖景海景，诚意出售，豪华装修，包入住,"近地铁
新上
南北通
民水民电",7542.0,218722
宝安,沙井,万科翡御郡（四期）,3.0,2.0,89.22,450,50437,990.0,精品好房，适合年经人首次购房，总价低,"近地铁
东南
民水民电
电梯房",405.0,45393
福田,红树湾,中信红树湾花城南区,4.0,2.0,255.0,4600,180392,467.0,中信红树湾大阳台 看房方便 价格可谈,"近地铁
新上
西南
民水民电",4140.0,162353
罗湖,地王,红桂皇冠名庭,1.0,,27.0,137,50740,477.0,降价急售，租金高，生活方便，近地铁,"近地铁
西
民水民电
拎包入住",123.3,45666
宝安,沙井,星河荣御,5.0,2.0,181.0,900,49723,,买的就是大户型，图的就是省心，好房子好价格,"南北通
民水民电
电梯房
精装修",810.0,44751
宝安,沙井,西荟城（二期）,3.0,2.0,88.79,400,45050,970.0,西荟城精装三房 高楼层采光好 户型实用率高,"近地铁
新上
西
民水民电",360.0,40545
宝安,沙井,万丰海岸城瑧园,2.0,2.0,90.0,430,47777,,万丰海岸城三房 黄金楼层 足不出户就找到好房,"新上
南
民水民电
电梯房",387.0,42999
南山,华侨城,纯水岸十五期,5.0,2.0,239.0,4650,194560,,高层湖景房！纯水岸十五期精装大平层，业主急卖！,"新上
南北通
民水民电
带家私",4185.0,175104
福田,香蜜湖,鸣泉居,2.0,2.0,83.0,998,120240,275.0,香蜜湖精致两房 鸣泉居 南向 看花园安静 满5年税少,"近地铁
新上
南北通
民水民电",898.2,108216
南山,华侨城,香山美墅果岭,4.0,2.0,203.31,2580,126899,,香山美墅花园 南北通透全新毛坯5房 满五维一 价格好商量,"新上
南北通
民水民电
有钥匙",2322.0,114209
福田,红树湾,中信红树湾花城南区,2.0,1.0,93.68,1500,160119,467.0,中信红树湾高层景观好！ 安静精装特价房,"近地铁
西北
民水民电
电梯房",1350.0,144107
宝安,沙井,星河荣御,5.0,2.0,180.93,980,54164,,星河荣御 买的就是大户型 图的就是省心 好房子好价格,"新上
南北通
民水民电
电梯房",882.0,48748
宝安,沙井,万丰海岸城锦园,2.0,2.0,73.0,368,50410,,海岸城精装两房 地铁口物业 经典户型,"新上
南
民水民电
电梯房",331.2,45369
宝安,沙井,卓越中寰(誉珑豪轩),3.0,2.0,98.0,339,34591,,畅想真正的浪漫花园洋房生活 回家就是一种度假,"南
民水民电
精装修",305.1,31132
南山,华侨城,新天鹅堡二期,2.0,2.0,131.0,2980,227480,588.0,特价房！天鹅湖花园大两房，业主急卖！,"近地铁
新上
南
民水民电",2682.0,204732
龙岗,龙岗中心城,同创九著院,7.0,3.0,87.0,760,87356,419.0,同创九著院 小区稀有顶楼复试 带私家天台 电梯小高层 满五年,"近地铁
南
民水民电
精装修",684.0,78620
南山,华侨城,天鹅堡三期,5.0,2.0,283.0,5800,204946,879.0,"天鹅堡三期带花园大复式特价房,业主急卖，看房方便","近地铁
东南
民水民电
电梯房",5220.0,184451
南山,华侨城,新天鹅堡三期,3.0,2.0,123.0,1580,128455,609.0,华侨城新天鹅堡三期：123平 3房高层 海景,"近地铁
新上
南
民水民电",1422.0,115610
南山,华侨城,香山美墅云颂,4.0,2.0,167.0,1890,113173,,香山美墅云颂高性价比稀有户型四房出售,"新上
东南
民水民电
电梯房",1701.0,101856
南山,华侨城,香山美墅云邸,4.0,2.0,186.65,2490,133404,,厅出阳台特价房！香山美墅云邸精装通透4+1房，业主急卖！,"新上
南北通
民水民电
电梯房",2241.0,120064
福田,红树湾,中信红树湾花城南区,2.0,2.0,93.68,1590,169726,467.0,中信红树湾新上房源，业主急卖，价格好谈，看房方便,"近地铁
新上
西北
民水民电",1431.0,152753
福田,香蜜湖,万科瑧山府,4.0,2.0,231.0,4380,189610,294.0,万科瑧山府231平 东端户 独门独户带入户8米大阳台，南北通,"近地铁
新上
南北通
民水民电",3942.0,170649
南山,华侨城,新天鹅堡三期,3.0,2.0,123.0,1780,144715,609.0,新天鹅堡三期，全湖景精装修3房，保养好可拎包入住，次新地铁口,"近地铁
新上
西北
民水民电",1602.0,130244
福田,香蜜湖,兰江山第,4.0,2.0,173.0,1600,92485,,福田半山豪宅，精装4房诚意出售！,"新上
南北通
民水民电
电梯房",1440.0,83236
福田,香蜜湖,兰江山第,4.0,2.0,173.0,1600,92485,,福田半山豪宅，精装房，视野开阔,"新上
南北通
民水民电
电梯房",1440.0,83236
南山,华侨城,香山里花园(二期),3.0,2.0,153.0,1598,104444,,香山里业主急卖，精装保养好，看房方便,"新上
南
民水民电
电梯房",1438.2,94000
南山,华侨城,香山里花园(二期),3.0,2.0,152.25,1480,97208,,"香山里二期,端头位，业主诚心卖","新上
南
民水民电
电梯房",1332.0,87487
南山,华侨城,新天鹅堡三期,3.0,2.0,123.0,1850,150406,609.0,新天鹅堡三期精装保养好，看房方便，价格好谈,"近地铁
东
民水民电
电梯房",1665.0,135365
罗湖,翠竹,合正荣悦,4.0,2.0,140.0,1068,76285,410.0,合正荣悦，楼皇单位，3梯3户，价格可谈，诚意卖,"近地铁
新上
南
民水民电",961.2,68656
宝安,福永,中粮凤凰里,3.0,2.0,88.77,390,43933,999.0,空间布局有致，和谐有序，清新空气自由穿行,"近地铁
南
民水民电
电梯房",351.0,39540
罗湖,翠竹,合正荣悦,5.0,2.0,205.55,2000,97299,410.0,业主急卖，直降30万，随时看房,"近地铁
新上
南
民水民电",1800.0,87569
福田,香蜜湖,东海国际公寓,3.0,2.0,187.11,1130,60392,409.0,东海国际公寓，新上复式三房笋盘，总价低，业主急售,"近地铁
新上
西北
民水民电",1017.0,54353
宝安,沙井,万科星城上郡,3.0,2.0,100.35,400,39860,,万科星城三房 空间布局有致 和谐有序 清新空气自由穿行,"新上
南
民水民电
电梯房",360.0,35874
南山,华侨城,纯水岸十五期,5.0,2.0,292.4,3900,133378,,急售 纯水岸十五期精装4+2房 高实用 南北通透,"新上
南北通
民水民电
电梯房",3510.0,120040
福田,香蜜湖,兰江山第,4.0,2.0,173.02,1600,92474,,福田半山豪宅，精装4房诚意出售！,"新上
南北通
民水民电
电梯房",1440.0,83227
福田,香蜜湖,万科瑧山府(二期),4.0,2.0,240.0,4500,187500,294.0,手握小区优质笋盘 状态好 价格优,"近地铁
南北通
民水民电
电梯房",4050.0,168750
南山,华侨城,香山美墅花园,4.0,2.0,177.0,2180,123163,,香山美墅南向大四房精装保养好，看房方便，价格好谈,"东西通
民水民电
电梯房
拎包入住",1962.0,110847
南山,前海,前海时代CEO公馆,5.0,2.0,253.72,3500,137947,650.0,前海桂湾小洋房南北通透一梯一户看花园出门公园前海山姆,"近地铁
新上
南北通
民水民电",3150.0,124152
南山,华侨城,新天鹅堡三期,3.0,2.0,123.4,1750,141815,609.0,新上架新天鹅湖三期高层南北通透精装三房急售,"近地铁
西南
民水民电
电梯房",1575.0,127634
福田,香蜜湖,兰江山第,4.0,2.0,176.0,1760,100000,,福田半山豪宅，精装房诚意出售！,"南北通
民水民电
电梯房
精装修",1584.0,90000
福田,香蜜湖,东海花园（一期）,3.0,2.0,123.34,1580,128101,464.0,东海花园3+1房东南向中楼层看房方便,"近地铁
新上
东南
民水民电",1422.0,115291
福田,香蜜湖,宝能城市公馆（一、二期）,4.0,2.0,228.09,3300,144679,501.0,香蜜湖次新房南北通5房全新未住诚心放卖,"近地铁
新上
南北通
民水民电",2970.0,130211
宝安,桃源居,桃源居十一区,2.0,2.0,75.0,330,44000,461.0,西乡2房急售，看房方便,"近地铁
新上
南北通
民水民电",297.0,39600
罗湖,翠竹,翠竹苑,2.0,2.0,50.0,300,60000,326.0,业主急卖，降价46万，随时看房,"近地铁
新上
南
民水民电",270.0,54000
罗湖,黄贝岭,深业东岭花园（二期）,2.0,2.0,68.29,410,60038,435.0,花园式小区 地铁口物业 户型方正 厅出阳台 看房方便,"近地铁
新上
西北
民水民电",369.0,54034
罗湖,莲塘,东方.尊峪花园,3.0,2.0,141.58,780,55092,832.0,东方尊峪大社区近大门精装两居出入便捷使用率高,"近地铁
新上
南
民水民电",702.0,49583
盐田,沙头角,倚山花园（三期）,2.0,2.0,80.0,600,75000,632.0,闹中取静适合居住,"近地铁
西
民水民电
精装修",540.0,67500
福田,香蜜湖,港中旅花园（一期）,3.0,2.0,158.29,2300,145302,55.0,港中旅一期，小高层南北通3+1房，低密度品质楼盘，诚心卖,"近地铁
新上
南北通
民水民电",2070.0,130772
宝安,宝安中心区,高发西岸花园（一期）,4.0,2.0,149.38,1350,90373,196.0,高发西岸花园.交通生活较便利.户型方正南北通透.装修豪华急卖,"近地铁
新上
东南
民水民电",1215.0,81336
罗湖,翠竹,翠竹苑,7.0,2.0,145.3,1200,82587,326.0,翠竹苑业主诚心出售价格好谈,"近地铁
南北通
民水民电
带家私",1080.0,74328
罗湖,翠竹,金丽豪苑,1.0,1.0,43.0,335,77906,319.0,金丽豪苑业主诚心出售,"近地铁
新上
南
民水民电",301.5,70115
龙华,龙华中心,壹成中心花园(五区),3.0,2.0,72.0,415,57638,,壹成五区朝南三房中间楼层诚心出售,"新上
南
民水民电
电梯房",373.5,51874
罗湖,百仕达,百仕达花园五期(乐湖),4.0,2.0,140.24,1200,85567,768.0,有加建面积，使用率180平，百仕达乐湖，空中花园，人车分流,"近地铁
新上
东北
民水民电",1080.0,77010
盐田,盐田港,中海半山溪谷花园,2.0,2.0,74.81,250,33417,829.0,中海半山溪谷花园小区，价格可谈，配套齐全，交通便利,"近地铁
新上
南
民水民电",225.0,30075
盐田,盐田港,中海半山溪谷花园,2.0,1.0,69.0,270,39130,829.0,中海半山溪谷，超大社区，近地铁口,"近地铁
北
民水民电
拎包入住",243.0,35217
盐田,盐田港,中海半山溪谷花园,3.0,2.0,89.57,290,32376,829.0,中海半山溪谷，精装修三房出售,"近地铁
新上
南北通
民水民电",261.0,29138
盐田,盐田港,中海半山溪谷花园,2.0,1.0,75.75,300,39603,829.0,中海半山溪谷，超大型社区,"近地铁
民水民电
拎包入住
精装修",270.0,35643
盐田,盐田港,金港盛世华庭,2.0,1.0,66.66,318,47704,969.0,金港盛世华庭小区，价格可谈，配套齐全，交通便利,"近地铁
新上
东南
民水民电",286.2,42934
盐田,盐田港,中海半山溪谷花园,3.0,2.0,95.73,350,36561,829.0,中海半山溪谷，地铁口物业,"近地铁
南
民水民电
电梯房",315.0,32905
盐田,沙头角,御景翠峰,2.0,2.0,72.0,352,48888,701.0,御景翠峰小区，价格可谈，配套齐全，交通便利,"近地铁
新上
南
民水民电",316.8,43999
盐田,盐田港,中海半山溪谷花园,2.0,2.0,75.0,365,48666,829.0,中海半山溪谷花园，超大型社区,"近地铁
东南
民水民电
电梯房",328.5,43799
宝安,宝安中心区,西城上筑花园,2.0,2.0,74.0,580,78378,470.0,西城上筑花园.交通便捷地段好.户型方正.装修豪华.看房方便,"近地铁
新上
东北
民水民电",522.0,70540
罗湖,布心,淘金山湖景花园二期,3.0,2.0,83.0,460,55421,856.0,新上架！！！淘金山湖景花园，南北通透，格局合理，位置很棒,"近地铁
新上
南
民水民电",414.0,49879
宝安,桃源居,桃源居十六区,3.0,2.0,120.0,560,46666,543.0,桃源居16区四房业主很有心卖捡漏好房通透,"近地铁
新上
南北通
民水民电",504.0,41999
罗湖,翠竹,翠竹苑,3.0,1.0,71.0,310,43661,326.0,翠竹苑精装三房 业主绛80万急卖 看房方便 翠竹外国语,"近地铁
新上
南
民水民电",279.0,39295
龙岗,大运,中海康城花园,4.0,2.0,232.86,1500,64416,,中海康城花园大平层，豪华装修，买中海找陈基伟，专业,"新上
南
民水民电
电梯房",1350.0,57974
盐田,沙头角,倚山花园（三期）,3.0,2.0,133.15,580,43559,632.0,倚山三期，次新小区，泰式园林，东南精装，大3房高层，急售,"近地铁
新上
南
民水民电",522.0,39203
盐田,沙头角,御景翠峰,5.0,2.0,182.9,1300,71077,701.0,御景翠峰小区,"近地铁
新上
南
民水民电",1170.0,63969
罗湖,翠竹,翠华花园,3.0,2.0,64.97,480,73880,253.0,诚心出售，价格可议,"近地铁
新上
南
民水民电",432.0,66492
宝安,西乡,香缇湾花园,4.0,2.0,89.0,660,74157,251.0,宝中碧海 四房复式 带近50平花园 只有一个契税 诚意出售,"近地铁
新上
南
民水民电",594.0,66741
盐田,沙头角,东埔海景花园（二期）,4.0,2.0,115.0,728,63304,723.0,固定车位全海景红本在满五年看中可谈,"近地铁
新上
东
民水民电",655.2,56974
罗湖,翠竹,翠竹苑,2.0,1.0,52.02,400,76893,326.0,业主有心卖，中小未用，近地铁，配套齐全，采光通透,"近地铁
南北通
民水民电",360.0,69204
福田,香蜜湖,翠海花园（一期）,3.0,2.0,91.12,2000,219490,259.0,翠海花园一期，小高层三房，户型实用，价格空间大，急卖,"近地铁
北
民水民电
电梯房",1800.0,197541
盐田,沙头角,东埔海景花园（二期）,3.0,2.0,92.0,500,54347,723.0,东埔海景花园，地铁口物业，满五年，,"近地铁
新上
东南
民水民电",450.0,48912
盐田,沙头角,东埔海景花园（二期）,2.0,2.0,78.3,320,40868,723.0,海景二期（新上，实用大两房，可改三房,"近地铁
新上
南
民水民电",288.0,36781
龙岗,坂田,德润荣君府,1.0,1.0,45.0,150,33333,346.0,容君府精装一房中间楼层视野开阔,"近地铁
新上
南
民水民电",135.0,30000
南山,西丽,塘朗城,2.0,2.0,86.0,590,68604,115.0,塘朗城东区仅一套毛坯大两房在卖，可自由创造美好空间。,"近地铁
民水民电
电梯房
有钥匙",531.0,61744
宝安,新安,华联城市全景花园,3.0,2.0,89.22,1050,117686,303.0,3房户型 通风采光好 使用率高 配套成熟 价格可谈,"近地铁
新上
西南
民水民电",945.0,105917
宝安,碧海,碧海富通城（四期）,1.0,1.0,30.6,175,57189,872.0,碧海富通城四期，30平方正规一房一厅，业主急出，价格可谈,"近地铁
新上
东南
民水民电",157.5,51470
盐田,沙头角,君临海域（二期）,4.0,2.0,159.0,800,50314,395.0,全新毛坯可任意改造,"近地铁
新上
东南
民水民电",720.0,45283
南山,华侨城,香山美墅云颂,4.0,2.0,166.36,2050,123226,,华侨城香山美墅云颂中间楼层视野开阔无遮挡,"新上
南
民水民电
电梯房",1845.0,110903
南山,西丽,宝能城花园,5.0,2.0,151.13,1678,111030,207.0,宝能城精装好房，使用率高，配套成熟，车位多,"近地铁
新上
南
民水民电",1510.2,99927
宝安,桃源居,桃源居六区,4.0,2.0,177.0,950,53672,837.0,户型方正 使用率高 近地铁 配套成熟 价格可谈,"近地铁
新上
民水民电
电梯房",855.0,48305
南山,蛇口,招商桃花园二期,4.0,2.0,125.03,1500,119971,579.0,招商桃花园，东南向4房，价格可谈,"近地铁
南
民水民电
电梯房",1350.0,107974
罗湖,莲塘,东方.尊峪花园,3.0,2.0,157.5,710,45079,832.0,万科东方尊峪，靠山安静，满五年地铁口附近,"近地铁
新上
南北通
民水民电",639.0,40571
南山,前海,星海名城（一期）,3.0,2.0,104.0,880,84615,614.0,星海名城3房2卫急卖诚心卖价格可谈税费少近地铁近公园,"近地铁
新上
南北通
民水民电",792.0,76154
罗湖,黄贝岭,新天地名居,2.0,1.0,53.05,305,57492,356.0,业主急卖，谈价空间大，配套齐全，租金高，采光通透,"近地铁
新上
东北
民水民电",274.5,51743
南山,前海,星海名城（五期）,3.0,2.0,116.47,780,66970,946.0,星海名城五期3房，红本满五，东南向，精装，采光好！,"近地铁
新上
东南
民水民电",702.0,60273
盐田,沙头角,倚山花园（三期）,3.0,2.0,88.97,400,44958,632.0,花园社区，精装3房。高层视野好，价格实惠,"近地铁
新上
西
民水民电",360.0,40462
罗湖,翠竹,翠竹苑,2.0,1.0,38.27,200,52260,326.0,【新上房源 带翠竹外国语 近地铁 益田假日广场 配套成熟,"近地铁
新上
南
民水民电",180.0,47034
宝安,桃源居,桃源居十五区,4.0,2.0,153.0,680,44444,518.0,户型方正 使用率高 近地铁 配套成熟 价格可谈,"近地铁
新上
南北通
民水民电",612.0,40000
罗湖,布心,阳光明居,2.0,2.0,75.0,460,61333,459.0,翠园东晓一墙之隔，装修好，看房方便，价格有空间,"近地铁
新上
南
民水民电",414.0,55200
南山,前海,鼎太风华（一期）,3.0,2.0,84.0,690,82142,933.0,容积率低，舒适性强，绿化率高，活动空间大,"近地铁
新上
东
民水民电",621.0,73928
盐田,梅沙,万科东海岸四期（海逸居）,4.0,2.0,223.0,1400,62780,,万科东海岸别墅，上下4层，可以安装电梯，满五年红本,"新上
南
民水民电
拎包入住",1260.0,56502
龙岗,坂田,第五园（八期）,3.0,2.0,89.0,480,53932,810.0,银湖山脚下，万科品质小区，10号线直线距离地铁口600米,"近地铁
新上
南
民水民电",432.0,48539
盐田,沙头角,上东湾,3.0,2.0,84.49,500,59178,266.0,口岸4房，双阳台看房方便，楼下田心书包,"近地铁
新上
东南
民水民电",450.0,53260
罗湖,翠竹,嘉湖新都,1.0,1.0,31.91,300,94014,340.0,深中小户型住宅，低总价上车盘，配套京基商业,"近地铁
北
民水民电
电梯房",270.0,84613
盐田,盐田港,金港盛世华庭,2.0,1.0,59.0,243,41186,969.0,金港盛世华庭，地铁口就在楼下，满五年，配套完善,"近地铁
新上
东南
民水民电",218.7,37067
龙岗,布吉,大世纪水山缘,2.0,2.0,68.88,300,43554,,大世纪水山缘空气清新大社区生活便利,"新上
南
民水民电
电梯房",270.0,39199
宝安,宝安中心区,壹方中心·玖誉(二期),5.0,2.0,173.0,2480,143352,250.0,壹方玖誉项目位于深圳前海自贸区，是前海首席旗舰级综合体。,"近地铁
新上
东南
民水民电",2232.0,129017
罗湖,莲塘,东方.尊峪花园,3.0,2.0,125.0,650,52000,832.0,万科开发精装出售户型方正,"近地铁
新上
西
民水民电",585.0,46800
盐田,盐田港,中海半山溪谷花园,3.0,2.0,105.0,420,40000,829.0,中海半山溪谷花园，超大型社区,"近地铁
北
民水民电
电梯房",378.0,36000
南山,前海,诺德假日花园,2.0,1.0,47.2,350,74152,435.0,业主急售，条件好，税费少,"近地铁
新上
西南
民水民电",315.0,66737
宝安,桃源居,桃源居十五区,2.0,2.0,76.9,370,48114,518.0,桃源居15区（电梯两房）（高层看山景）朝南 户型方正 视野好,"近地铁
新上
南
民水民电",333.0,43303
南山,西丽,宝能城花园,4.0,2.0,89.93,1400,155676,207.0,经理推荐！宝能城花园户型方正商圈配套全齐住家舒适,"近地铁
南
民水民电
电梯房",1260.0,140108
南山,西丽,宝能城花园,5.0,2.0,87.29,1400,160384,207.0,经理推荐！宝能城花园精装5房户型方正价格美丽,"近地铁
南北通
民水民电
电梯房",1260.0,144346
南山,西丽,宝能城花园,5.0,2.0,154.31,2000,129609,207.0,宝能城花园精装5房户型方正住家舒适价格美丽,"近地铁
南北通
民水民电
电梯房",1800.0,116648
南山,西丽,宝能城花园,3.0,2.0,88.57,1150,129840,207.0,经理推荐！宝能城花园精装3房户型方正装修保养好价格美丽,"近地铁
西南
民水民电
电梯房",1035.0,116856
南山,西丽,宝能城花园,4.0,2.0,92.0,1150,125000,207.0,经理推荐！宝能城花园精装3房户型方正格局好价格美丽,"近地铁
南
民水民电
电梯房",1035.0,112500
南山,西丽,宝能城花园,4.0,2.0,92.63,1100,118752,207.0,经理推荐！宝能城花园精装3房户型方正住家舒适价格美丽,"近地铁
新上
南
民水民电",990.0,106877
南山,西丽,宝能城花园,4.0,2.0,89.0,1000,112359,207.0,经理推荐！宝能城花园精装3房户型方正住家舒适,"近地铁
新上
南北通
民水民电",900.0,101123
南山,西丽,宝能城花园,3.0,2.0,90.96,900,98944,207.0,经理推荐！宝能城花园精装3房装修保养好价格美丽,"近地铁
新上
东南
民水民电",810.0,89050
南山,西丽,宝能城花园,4.0,2.0,89.0,850,95505,207.0,店长推荐！宝能城花园精装4房业主诚心出售价格好谈,"近地铁
南北通
民水民电
电梯房",765.0,85954
罗湖,人民南,云景豪园,2.0,2.0,74.58,285,38213,210.0,春风路 地铁口 豪华装修2房 拎包入住 价格美丽 云景豪园,"近地铁
新上
西北
民水民电",256.5,34392
福田,香蜜湖,宝能城市公馆（一、二期）,3.0,2.0,81.61,1180,144590,501.0,宝能公馆南向楼层佳精装修直接入住三房总价低,"近地铁
新上
南
民水民电",1062.0,130131
罗湖,百仕达,君逸华府,2.0,1.0,68.0,430,63235,541.0,君逸华府，业主急卖，配套齐全，可谈价，租金高，采光通透,"近地铁
新上
西南
民水民电",387.0,56912
龙岗,布吉,龙园意境华府,4.0,3.0,183.26,880,48019,,上下四层叠墅，有前庭后院，精装修，车位充足，随时看房,"新上
南北通
民水民电
电梯房",792.0,43217
盐田,盐田港,金港盛世华庭,1.0,1.0,60.09,210,34947,969.0,地理位置好看上可议,"近地铁
新上
南
民水民电",189.0,31452
罗湖,布心,松泉公寓,3.0,2.0,73.38,300,40883,520.0,周边有大型超市，生活便利，适合居家,"近地铁
新上
南
民水民电",270.0,36795
罗湖,布心,松泉公寓,1.0,1.0,31.24,240,76824,520.0,145万近期入手看这套，业主急卖，配套齐全，采光通透，租金高,"近地铁
南
民水民电
拎包入住",216.0,69142
宝安,新安,中海九号公馆,5.0,2.0,181.0,1750,96685,,前海和机场在15分车程生活圈，福田CBD和深圳北CBD在30,"南北通
民水民电
电梯房
拎包入住",1575.0,87016
南山,前海,鼎太风华（三期）,3.0,2.0,116.0,980,84482,859.0,配有两所幼儿园，三个游泳池,"近地铁
新上
南北通
民水民电",882.0,76034
宝安,新安,丽景城,3.0,2.0,88.0,380,43181,42.0,人车分流，绿树成荫，亭台楼榭，鸟语花香，管理好，住家氛围浓,"近地铁
新上
南
民水民电",342.0,38863
南山,西丽,宝能城花园,5.0,2.0,255.0,3600,141176,207.0,经理推荐！宝能城大平层装修保养好价格好谈,"近地铁
新上
南北通
民水民电",3240.0,127058
南山,西丽,宝能城花园,5.0,2.0,253.4,2600,102604,207.0,经理推荐！宝能城花园大平层户型好业主诚心出售,"近地铁
新上
南北通
民水民电",2340.0,92344
南山,西丽,宝能城花园,4.0,2.0,165.11,1700,102961,207.0,经理推荐！宝能城花园4房300万豪装业主诚心出售价格美丽,"近地铁
新上
南北通
民水民电",1530.0,92665
龙岗,龙岗中心城,公园大地花园,3.0,2.0,121.59,650,53458,953.0,公园大地精装修拎包入住赠送高业主诚心卖看房方便,"近地铁
新上
南北通
民水民电",585.0,48112
南山,西丽,宝能城花园,4.0,2.0,89.0,880,98876,207.0,西丽豪宅标杆，宝能城花园，精装保养好,"近地铁
新上
南
民水民电",792.0,88988
南山,西丽,宝能城花园,4.0,2.0,92.09,1450,157454,207.0,业主腾名额诚售，宝能城花园，近塘朗站，精装修户型方正,"近地铁
新上
南
民水民电",1305.0,141709
龙岗,大运,颐安都会中央花园（二期）,3.0,2.0,76.0,350,46052,280.0,颐安二期，刚需户型，中间楼层，大运枢纽，急卖,"近地铁
新上
南
民水民电",315.0,41447
龙岗,龙岗中心城,鸿威的森林,5.0,2.0,144.32,480,33259,,看公园，环境优美，南北通透，诚心出售，随时看房,"南
民水民电
电梯房
精装修",432.0,29933
龙岗,龙岗中心城,龙园大观花园（二期）,2.0,2.0,71.0,280,39436,,龙园大观-地铁口-标准两房-户型方正-位置安静-满五年急售,"新上
东南
民水民电
电梯房",252.0,35492
龙华,民治,春华四季园（二期）,4.0,2.0,93.73,530,56545,661.0,密度低，大社区，春华四季园，4房2卫，低总价,"近地铁
新上
南北通
民水民电",477.0,50890
罗湖,莲塘,东方.尊峪花园,3.0,2.0,124.27,560,45063,832.0,万科东方尊峪,"近地铁
新上
西南
民水民电",504.0,40557
龙岗,坂田,第五园（五期）,4.0,2.0,143.03,780,54534,,坂田第五园五期 红本再手四房高楼层看山景看水库 业主急售,"新上
南北通
民水民电
电梯房",702.0,49081
龙岗,大运,星河时代,3.0,2.0,89.0,550,61797,696.0,星河时代花园，配套成熟，业主急置换，看房方便，价可议,"近地铁
新上
东南
民水民电",495.0,55617
罗湖,百仕达,华达园公寓,1.0,,28.0,96,34285,522.0,精装修拎包住看房方便总价低,"近地铁
新上
北
民水民电",86.4,30856
罗湖,百仕达,旭飞华达园,1.0,1.0,38.79,155,39958,510.0,户型方正，采光通风好，业主诚心卖，近地铁口，有意者联系我,"近地铁
新上
西南
民水民电",139.5,35962
盐田,盐田港,中海半山溪谷花园,2.0,2.0,71.89,230,31993,829.0,中海半山溪谷，安静大花园社区，地铁口物业，满五年,"近地铁
新上
南北通
民水民电",207.0,28794
南山,前海,鼎太风华（六期）,2.0,2.0,72.71,700,96272,582.0,配套完善，小区内有幼儿园，篮球场，网球场，,"近地铁
新上
东北
民水民电",630.0,86645
盐田,盐田港,中海半山溪谷花园,2.0,1.0,70.3,280,39829,829.0,半山溪谷好房在线,"近地铁
东南
民水民电
电梯房",252.0,35846
盐田,盐田港,中海半山溪谷花园,3.0,1.0,52.0,306,58846,829.0,中海半山溪谷花园，超大型社区,"近地铁
南
民水民电
电梯房",275.4,52961
宝安,碧海,碧海富通城（三期）,4.0,2.0,132.0,1000,75757,942.0,碧海湾地铁站一线海景南北通四房满五年红本业主诚心出售拎包入住,"近地铁
新上
南
民水民电",900.0,68181
罗湖,翠竹,泊林花园,1.0,1.0,45.0,195,43333,334.0,泊林花园位于罗湖区水贝二路水贝国际珠宝商圈内,"近地铁
新上
东
民水民电",175.5,39000
罗湖,翠竹,泊林花园,1.0,1.0,44.0,195,44318,334.0,泊林花园位于罗湖区水贝二路水贝国际珠宝商圈内,"近地铁
新上
西
民水民电",175.5,39886
宝安,新安,中海九号公馆,4.0,2.0,138.0,1199,86884,,九号公馆别墅是由中海地产打造英伦石材风格,"新上
南北通
民水民电
电梯房",1079.1,78196
宝安,新安,中海九号公馆,5.0,2.0,184.0,1580,85869,,不远离繁华闹市、独享宁静绿色生活,"新上
南北通
民水民电
电梯房",1422.0,77282
罗湖,翠竹,贝丽花园,4.0,2.0,123.19,550,44646,369.0,水贝贝丽花园，少有放卖，3楼，看房方便,"近地铁
新上
南北通
民水民电",495.0,40181
宝安,宝安中心区,高发西岸花园（三期）,4.0,2.0,160.64,1600,99601,353.0,有两个游泳池、健身设施、儿童游乐设施、会所、小区幼儿园等配套,"近地铁
新上
南北通
民水民电",1440.0,89641
南山,前海,星海名城（二期）,3.0,2.0,102.0,650,63725,754.0,资源丰富，小区内自带三所幼儿园，,"近地铁
新上
南
民水民电",585.0,57352
南山,前海,星海名城（五期）,2.0,1.0,51.0,335,65686,946.0,南山前海片区，花园社区，小桥流水，精装,"近地铁
新上
东
民水民电",301.5,59117
宝安,沙井,万科翡丽郡（一期）,4.0,2.0,127.15,480,37750,,万科翡丽郡业主诚心卖看房提前约朝南房子保养装修好横厅商圈成熟,"新上
南
民水民电
电梯房",432.0,33975
宝安,桃源居,桃源居十六区,4.0,2.0,135.0,700,51851,543.0,桃源居高层电梯四房，南北通透方正实用，南向视野好拎包入住,"近地铁
新上
民水民电
电梯房",630.0,46666
福田,梅林,梅林一村,3.0,2.0,89.59,550,61390,382.0,梅林一村3房，安静，通透，适合住家，带深中梅香近公园福田水库,"近地铁
新上
北
民水民电",495.0,55251
罗湖,莲塘,名骏豪庭,3.0,2.0,86.0,500,58139,703.0,南向，户型方正，装修好，没有租过,"近地铁
新上
南
民水民电",450.0,52325
罗湖,百仕达,百仕达花园五期(乐湖),2.0,2.0,87.26,580,66468,768.0,东湖景观，上水库小雪，红本满5年没税，精装急售,"近地铁
新上
东北
民水民电",522.0,59821
宝安,碧海,碧海富通城（三期）,2.0,2.0,57.5,430,74782,942.0,碧海湾地铁站腾讯岛附近精装高品质住家两房满五年诚心出售,"近地铁
新上
东北
民水民电",387.0,67304
宝安,新安,中洲华府（一期）,4.0,2.0,129.0,1300,100775,493.0,中洲华府入门四房,"近地铁
新上
东南
民水民电",1170.0,90698
龙华,龙华中心,壹成中心花园(六区),3.0,2.0,75.81,420,55401,,诚意出售，装修保养好，交通偏离，繁华商圈,"新上
南
民水民电
电梯房",378.0,49861
龙华,红山,水榭春天花园（六期A区）,3.0,2.0,88.32,760,86050,506.0,深高北书包！优质厅出阳台，红本在手诚售景观房,"近地铁
新上
南
民水民电",684.0,77445
福田,上下沙,花好园,6.0,2.0,108.66,1688,155346,249.0,花好园，顶楼复式，送花园，五房，楼下9号线地铁口，车公庙对面,"近地铁
南
民水民电
电梯房",1519.2,139811
龙岗,布吉,龙珠花园（C区）,2.0,2.0,59.0,148,25084,561.0,自住户型好保养不错朝东无遮挡,"近地铁
新上
东
民水民电",133.2,22576
南山,前海,星海名城（五期）,2.0,1.0,44.89,340,75740,946.0,星海名城小2房花园社区低密度临地铁近公园生活便利诚心卖,"近地铁
新上
东南
民水民电",306.0,68166
罗湖,洪湖,鹏大厦,1.0,1.0,31.08,360,115830,248.0,285万急售 总价低 近地铁 带深中,"近地铁
新上
南
民水民电",324.0,104247
宝安,碧海,碧海富通城（一期）,3.0,2.0,113.0,610,53982,,业主诚心卖，南北对流，客厅出大阳台,"新上
民水民电
精装修",549.0,48584
盐田,沙头角,君临海域（二期）,3.0,2.0,47.26,360,76174,395.0,君临海域，实用三房，实用面积大，户型方正，价格优惠,"近地铁
北
民水民电
电梯房",324.0,68557
龙岗,布吉,慢城（一期）,4.0,2.0,146.29,738,50447,,近地铁 出行方便 商业配套成熟,"新上
东南
民水民电
电梯房",664.2,45402
盐田,盐田港,金港盛世华庭,2.0,2.0,57.8,230,39792,969.0,金港盛世，地铁口物业，楼下配套完善,"近地铁
新上
西北
民水民电",207.0,35813
南山,南头,阳光里雅居,3.0,2.0,67.33,920,136640,415.0,阳光里雅居 配套齐全 交通生活便捷 近来福士 租金高,"近地铁
东南
民水民电
电梯房",828.0,122976
南山,南头,阳光里雅居,2.0,1.0,45.0,400,88888,415.0,阳光里雅居 自住装修 业主工作变动 诚意出售 送全套进口家私,"近地铁
南
民水民电
电梯房",360.0,79999
南山,南头,阳光里雅居,4.0,1.0,65.69,680,103516,415.0,业主移民低价出 南山地铁站200米 标准4房 精装带阳台,"近地铁
新上
东
民水民电",612.0,93164
南山,南头,阳光里雅居,2.0,1.0,45.23,570,126022,415.0,阳光里雅居 城市中的家 地铁口物业 来福士邻居 诚意出售,"近地铁
西
民水民电
电梯房",513.0,113420
南山,前海,鼎太风华（三期）,3.0,2.0,115.0,1160,100869,859.0,鼎太风华 两梯两户 厅出大露台 看大园林 随时看房,"近地铁
新上
南
民水民电",1044.0,90782
南山,南头,阳光里雅居,2.0,2.0,45.51,518,113821,415.0,南山站200米 阳光里雅居 标准两房 低总价 高租金 位置好,"近地铁
新上
东
民水民电",466.2,102439
罗湖,莲塘,鹏兴花园（三期）,3.0,2.0,94.82,500,52731,252.0,中芯区住家大三房，高楼层采光视野好，近地铁站配套齐全很方便,"近地铁
新上
北
民水民电",450.0,47458
南山,前海,鼎太风华（一期）,3.0,2.0,94.6,680,71881,933.0,生活氛围浓，配套完善，小区内有幼儿园，篮球场，网球场,"近地铁
新上
东
民水民电",612.0,64693
宝安,碧海,康达尔山海上园(二期),3.0,2.0,88.0,569,64659,,配套海景山景双景观总建筑面积约70万超大规模旗舰型都市综合体,"新上
西南
民水民电
电梯房",512.1,58193
宝安,桃源居,桃源居十五区,3.0,2.0,147.2,640,43478,518.0,桃源居15区 近地铁方正4房 带私家车位税费少 价格可谈,"近地铁
南
民水民电
电梯房",576.0,39130
龙岗,布吉,信义荔山公馆（景和园）,3.0,2.0,85.0,400,47058,527.0,荔山公馆    大三房   业主 急卖,"近地铁
新上
南北通
民水民电",360.0,42352
宝安,碧海,碧海富通城（五期）,1.0,1.0,44.13,385,87242,725.0,碧海一房一厅，性价比超笋,"近地铁
东
民水民电
电梯房",346.5,78518
宝安,西乡,白金假日公寓,2.0,2.0,45.04,335,74378,219.0,宝安刚需型小两房好上车带露台专梯上下楼不用挤周边配套非常齐全,"近地铁
西南
民水民电
电梯房",301.5,66940
宝安,宝安中心区,高发西岸花园（三期）,4.0,2.0,162.0,1590,98148,353.0,，南北通透看花园，高层单位朝南视野非常开阔,"近地铁
新上
东
民水民电",1431.0,88333
南山,西丽,十五峯花园(二期),4.0,2.0,127.0,1300,102362,477.0,安静朝南。客厅出大阳台，景观好赠送多,"近地铁
新上
南
民水民电",1170.0,92126
罗湖,翠竹,翠竹苑,2.0,1.0,53.0,405,76415,326.0,户型南北通透，生活配套齐全,"近地铁
南北通
民水民电
拎包入住",364.5,68774
宝安,桃源居,桃源居六区,5.0,2.0,146.0,638,43698,837.0,桃源居精装大四房，满五年红本，前后看花园，采光好，户型方正,"近地铁
新上
东西通
民水民电",574.2,39328
宝安,碧海,华丰前海湾（一期）,3.0,2.0,88.6,630,71106,814.0,次新小区海景三房两厅，朝向景观视野好,"近地铁
新上
南
民水民电",567.0,63995
福田,梅林关,星河丹堤花园,4.0,2.0,198.53,2100,105777,516.0,星河丹堤F区，新上四房大平层，价格空间大，急卖,"近地铁
新上
南北通
民水民电",1890.0,95199
龙岗,龙岗中心城,万科清林径,2.0,1.0,78.7,160,20330,,环境优美，居家舒适，配套齐全，出行方便,"新上
北
民水民电
电梯房",144.0,18297
龙岗,龙岗中心城,保利上城,1.0,1.0,35.93,110,30615,835.0,保利上城公寓，70年产权，深中龙小书包有效,"近地铁
新上
北
民水民电",99.0,27554
宝安,西乡,圣淘沙,3.0,2.0,76.05,680,89414,210.0,生活配套好房,"近地铁
新上
东南
民水民电",612.0,80473
福田,香蜜湖,兰江山第,4.0,2.0,161.0,1580,98136,,香蜜湖半山的大四房风景优美,"新上
东南
民水民电
精装修",1422.0,88322
福田,香蜜湖,兰江山第,4.0,2.0,161.0,1580,98136,,兰江山第香蜜湖莲塘尾片区北环大道以北三面环山,"新上
南北通
民水民电
精装修",1422.0,88322
盐田,沙头角,东埔海景花园（一期）,3.0,2.0,117.0,528,45128,689.0,东埔海景花园小区，价格可谈，配套齐全，交通便利,"近地铁
新上
南
民水民电",475.2,40615
盐田,沙头角,上东湾,2.0,1.0,43.0,238,55348,266.0,上东湾小区，价格可谈，配套齐全，交通便利,"近地铁
新上
东
民水民电",214.2,49813
宝安,宝安中心区,西城上筑花园,3.0,2.0,82.37,810,98336,470.0,西城上筑，精装修三房，高层视野无遮挡，满五年税费少,"近地铁
新上
北
民水民电",729.0,88502
龙岗,布吉,大世纪水山缘,2.0,2.0,67.11,270,40232,,大社区安静靠公园简约大方装修,"新上
南
民水民电
电梯房",243.0,36209
盐田,沙头角,倚山花园（三期）,2.0,2.0,89.48,430,48055,632.0,倚山花园小区，价格可谈，配套齐全，交通便利,"近地铁
西南
民水民电
电梯房",387.0,43250
盐田,沙头角,倚山花园（三期）,1.0,1.0,32.91,210,63810,632.0,倚山花园小区，价格可谈，配套齐全，交通便利,"近地铁
东
民水民电
电梯房",189.0,57429
龙岗,大运,中海康城花园,3.0,2.0,87.07,280,32158,,中海康城花园，朝南好楼层，资深经纪陈基伟,"新上
南
民水民电
电梯房",252.0,28942
罗湖,布心,翡翠园山湖居二期,3.0,2.0,100.21,460,45903,516.0,新上罗湖地铁电梯小高层，正南山景精装大3房，4.0.0诚心卖,"近地铁
新上
东南
民水民电",414.0,41313
盐田,沙头角,碧桐湾,1.0,1.0,28.33,80,28238,296.0,碧桐湾小区，价格可谈，配套齐全，交通便利,"近地铁
新上
东南
民水民电",72.0,25414
南山,前海,星海名城（六期）,2.0,1.0,51.0,368,72156,829.0,资源丰富，小区内自带三所幼儿园有两个游泳池,"近地铁
新上
西南
民水民电",331.2,64940
龙华,龙华中心,壹成中心花园(六区),5.0,2.0,125.0,750,60000,,壹城花园精装修5房出售周边配套全齐,"新上
南
民水民电
电梯房",675.0,54000
龙华,龙华中心,壹成中心花园(六区),3.0,2.0,75.37,409,54265,,壹城花园精装修3房出售周边配套全齐,"新上
南
民水民电
电梯房",368.1,48838
龙华,龙华中心,丰润花园,2.0,2.0,75.0,245,32666,,丰润花园精装修2房出售周边配套全齐,"新上
东西通
民水民电",220.5,29399
盐田,沙头角,君临海域（一期）,3.0,1.0,78.47,299,38103,418.0,君临海域小区，价格可谈，配套齐全，交通便利,"近地铁
新上
东南
民水民电",269.1,34293
龙岗,龙岗中心城,佳兆业水岸新都,2.0,2.0,83.69,250,29872,790.0,佳兆业水岸新都 原始毛坯两房可改三房 朝南向 近地铁口,"近地铁
新上
南
民水民电",225.0,26885
罗湖,人民南,友谊大厦,2.0,1.0,40.15,210,52303,235.0,火车站 电梯 精装2房出售 看房方便,"近地铁
新上
南
民水民电",189.0,47073
罗湖,翠竹,逸翠园,3.0,1.0,117.74,480,40767,485.0,公园里的家精美三房,"近地铁
新上
西
民水民电",432.0,36690
南山,前海,诺德假日花园,2.0,2.0,48.46,330,68097,435.0,前海地段小区是中铁置业开发的楼盘周边配套完善双公园交通便利,"近地铁
新上
西南
民水民电",297.0,61287
福田,水围,云顶翠峰二期,2.0,2.0,81.01,530,65424,578.0,云顶急卖两房看房子方便,"近地铁
新上
北
民水民电",477.0,58882
宝安,碧海,碧海富通城（三期）,2.0,2.0,77.58,600,77339,942.0,碧海富通城三期，77平方4栋看海景大二房，价格空间大,"近地铁
新上
北
民水民电",540.0,69605
盐田,沙头角,上东湾,3.0,2.0,88.5,450,50847,266.0,上东湾雅居，价格可谈，配套齐全，交通便利,"近地铁
新上
南
民水民电",405.0,45762
罗湖,洪湖,鹏大厦,1.0,1.0,36.61,350,95602,248.0,罗湖水贝商圈，精装修一房带阳台出售,"近地铁
新上
东北
民水民电",315.0,86042
罗湖,黄贝岭,深业东岭花园（二期）,3.0,2.0,105.21,730,69385,435.0,双地铁沿线，交通便利，不担心堵车风险,"近地铁
新上
西北
民水民电",657.0,62446
宝安,新安,中洲华府（二期）,3.0,2.0,88.57,1050,118550,353.0,中洲华府二期南北通透3房89平米看花园安静,"近地铁
新上
东南
民水民电",945.0,106695
盐田,沙头角,东埔海景花园（二期）,3.0,2.0,101.0,420,41584,723.0,外国语书包，电梯小高层，4房看房方便,"近地铁
新上
东北
民水民电",378.0,37426
罗湖,黄贝岭,汇鑫花园,2.0,2.0,65.52,400,61050,335.0,汇鑫花园一期一楼带院子精装修两房拎包入住,"近地铁
新上
东
民水民电",360.0,54945
罗湖,黄贝岭,新天地名居,2.0,1.0,53.54,380,70974,356.0,新天地名居 近地铁 花园式小区 人车分离 住家舒适,"近地铁
新上
南
民水民电",342.0,63877
宝安,碧海,广兴源圣拿威,1.0,1.0,33.15,238,71794,812.0,双地铁口物业正规一房一厅满五年诚心卖,"近地铁
新上
南
民水民电",214.2,64615
罗湖,新秀,东方都会大厦,1.0,1.0,35.18,155,44059,633.0,罗湖双地铁口上车盘 精装朝南户型 看房方便 价格看中可谈,"近地铁
新上
东
民水民电",139.5,39653
罗湖,笋岗,嘉宝田花园二期,5.0,2.0,143.89,1200,83397,643.0,顶楼大复试，带花园，价格可谈,"近地铁
新上
东北
民水民电",1080.0,75057
宝安,宝安中心区,深业新岸线（三期）,4.0,2.0,153.33,1350,88045,569.0,深业新岸线花园.生活氛围好.户型方正实用.南北通透.急卖,"近地铁
新上
北
民水民电",1215.0,79240
宝安,碧海,广兴源圣拿威,5.0,2.0,175.94,1600,90940,812.0,广兴源圣拿威，大平层五房，南北通透，房子户型非常实用,"近地铁
新上
南
民水民电",1440.0,81846
盐田,盐田港,佳兆业山海苑,3.0,2.0,83.0,360,43373,725.0,（精装3房）高使用率地铁口业主急售可谈,"近地铁
新上
南
民水民电",324.0,39036
盐田,盐田港,佳兆业山海苑,3.0,2.0,83.0,350,42168,725.0,（精装地铁口3房）急售可谈价快来看看,"近地铁
南
民水民电
电梯房",315.0,37951
盐田,盐田港,佳兆业山海苑,3.0,2.0,83.02,320,38544,725.0,佳兆业百万综合体（精装3房） 地铁口急售,"近地铁
东
民水民电
电梯房",288.0,34690
盐田,盐田港,中海半山溪谷花园,3.0,2.0,88.72,300,33814,829.0,梧桐半山，近地铁口8号线，有赠送，高使用率 电梯小高层,"近地铁
新上
东南
民水民电",270.0,30433
南山,前海,中海阳光玫瑰园,2.0,2.0,53.9,420,77922,570.0,前海中海阳光玫瑰园 精装2房,"近地铁
新上
东
民水民电",378.0,70130
宝安,桃源居,桃源居六区,5.0,2.0,174.0,950,54597,837.0,桃源居 峰景园6区大平层五房 格局通透方正 诚心售,"近地铁
新上
南
民水民电",855.0,49137
罗湖,百仕达,百仕达花园一期,5.0,2.0,192.0,1300,67708,461.0,诚心出售，价格可议,"近地铁
新上
民水民电
电梯房",1170.0,60937
罗湖,百仕达,百仕达花园二期,3.0,2.0,112.62,630,55940,436.0,百仕达小洋房3房 近太安地铁口 诚售,"近地铁
新上
南
民水民电",567.0,50346
南山,前海,鼎太风华（七期）,1.0,2.0,56.99,360,63168,375.0,南山少有的大社区，总共分七期开发，生活氛围浓，配套完善,"近地铁
新上
西南
民水民电",324.0,56851
南山,前海,佳兆业前海广场,3.0,2.0,86.0,720,83720,849.0,"拥有海陆空轨立体化交通体系，通达珠三角及香港,共享前海","近地铁
新上
南
民水民电",648.0,75348
南山,华侨城,香山美墅花园,4.0,2.0,186.0,2380,127956,,香山美墅花园豪华装修南北通透4+1厅直出大阳台视野开阔,"新上
南
民水民电
电梯房",2142.0,115160
南山,前海,雷圳碧榕湾海景花园,3.0,2.0,118.0,820,69491,325.0,罗宝线-鲤鱼门  、罗宝线-大新  、环中线-前海湾,"近地铁
新上
南北通
民水民电",738.0,62542
罗湖,莲塘,东方.尊峪花园,3.0,2.0,133.39,570,42731,832.0,东方尊峪3+1房，满五年，业主自住，送大平台,"近地铁
新上
南北通
民水民电",513.0,38458
盐田,沙头角,碧桐湾,3.0,2.0,87.0,305,35057,296.0,碧桐湾3房 近地铁 南向看海景,"近地铁
新上
西南
民水民电",274.5,31551
南山,前海,诺德假日花园,3.0,2.0,79.14,780,98559,435.0,诺德国际位于南山区前海片区前海路与沿湖路交汇处，前海地段,"近地铁
新上
东北
民水民电",702.0,88703
罗湖,莲塘,鹏兴花园（二期）,2.0,1.0,60.0,280,46666,238.0,双地铁口，生活购物出行便利,"近地铁
新上
北
民水民电",252.0,41999
罗湖,莲塘,鹏兴花园（六期）,3.0,2.0,114.0,588,51578,378.0,地铁口物业.生活购物出行方便.户型好.南北通透,"近地铁
东南
民水民电
电梯房",529.2,46420
盐田,沙头角,壹海城（一期）,4.0,2.0,161.13,950,58958,100.0,东南朝向！南北通透！私家花园200平米！,"近地铁
新上
东南
民水民电",855.0,53062
罗湖,布心,崇德雍翠华府,2.0,1.0,51.47,220,42743,488.0,精装修小两房-近地铁购物商场-畔山物业环境幽静-找我价格可谈,"近地铁
新上
西南
民水民电",198.0,38469
南山,前海,诺德假日花园,2.0,2.0,73.0,550,75342,435.0,前海诺德假日花园交通便利商业配套齐全,"近地铁
新上
南
民水民电",495.0,67808
盐田,盐田港,佳兆业山海苑,4.0,2.0,131.18,450,34304,725.0,地铁口物业，次新小区，看房方便，,"近地铁
新上
南
民水民电",405.0,30874
罗湖,黄贝岭,汇鑫花园,2.0,2.0,64.56,320,49566,335.0,260万急售 户型实用 近双地铁 看房方便,"近地铁
新上
东北
民水民电",288.0,44609
南山,西丽,十五峯花园,4.0,2.0,162.2,1350,83230,477.0,低密度小高层洋房户型南北通透,"近地铁
新上
南北通
民水民电",1215.0,74907
罗湖,黄贝岭,新天地名居,2.0,1.0,53.56,300,56011,356.0,新天地 精装两房 朝南采光好 户型方正 满五唯一 近地铁,"近地铁
新上
西南
民水民电",270.0,50410
宝安,碧海,前城滨海花园,4.0,2.0,194.46,1800,92564,115.0,景观环境和居家舒适度都要高,"近地铁
新上
南北通
民水民电",1620.0,83308
龙岗,布吉,佳兆业可园（六期）,2.0,2.0,77.71,300,38605,760.0,可园满五年  精装修  拎包入住  看房方便,"近地铁
新上
北
民水民电",270.0,34744
罗湖,东门,东门天地大厦,2.0,2.0,66.0,399,60454,72.0,东门商业地段，桂圆未用,"近地铁
南
民水民电
电梯房",359.1,54409
罗湖,百仕达,万事达名苑,2.0,2.0,71.08,500,70343,491.0,万事达名苑,"近地铁
新上
西南
民水民电",450.0,63309
盐田,梅沙,万科东海岸三期（云山居）,3.0,2.0,165.0,620,37575,,"万科东海岸,高楼层看海，满五年，户型通透","新上
南
民水民电
电梯房",558.0,33818
罗湖,莲塘,金色年华家园,4.0,2.0,89.85,520,57874,490.0,金色年华家园，莲塘芯，配套完善，闹中取静,"近地铁
新上
南
民水民电",468.0,52087
罗湖,翠竹,泊林花园,1.0,1.0,46.55,230,49409,334.0,交通便利，诚心出售，有钥匙,"近地铁
新上
东
民水民电",207.0,44468
南山,前海,诺德假日花园,3.0,2.0,85.38,740,86671,435.0,诺德假日花园 标准三房 厅出阳台 水景园林 知名社区,"近地铁
新上
东南
民水民电",666.0,78004
龙岗,龙岗中心城,公园大地花园,2.0,1.0,80.0,360,45000,953.0,公园大地楼层佳位置安静价格低,"近地铁
新上
南
民水民电",324.0,40500
龙岗,龙岗中心城,天誉国际公馆,3.0,2.0,127.0,245,19291,440.0,地铁口物业 大型商超保驾护航 同户型价格低,"近地铁
新上
南
民水民电",220.5,17362
福田,红树湾,红树西岸,4.0,2.0,191.0,3750,196335,446.0,红树西岸精装好房出售看房方便,"近地铁
新上
南
民水民电",3375.0,176702
南山,华侨城,世纪村4期,3.0,2.0,183.0,1550,84699,731.0,南山华侨城世纪村精装好房出售看房方便,"近地铁
新上
南
民水民电",1395.0,76229
罗湖,百仕达,百仕达花园二期,3.0,2.0,100.16,550,54912,436.0,新上房源，业主诚心卖，东南向,"近地铁
新上
东南
民水民电",495.0,49421
罗湖,翠竹,金翠园,3.0,2.0,120.13,1400,116540,527.0,金翠园，深中未用，大三房，南北通，交通方便,"近地铁
新上
南
民水民电",1260.0,104886
宝安,新安,新安湖花园（三期）,3.0,2.0,130.0,780,60000,425.0,户型方正 使用率高 近地铁 配套成熟 价格可谈,"近地铁
新上
南
民水民电",702.0,54000
盐田,沙头角,上东湾,4.0,2.0,85.55,398,46522,266.0,上东湾，关口物业，精装三房出售,"近地铁
新上
西南
民水民电",358.2,41870
盐田,盐田港,金港盛世华庭,2.0,2.0,59.78,216,36132,969.0,金港盛世华庭，地铁口物业,"近地铁
新上
东南
民水民电",194.4,32519
宝安,碧海,碧海富通城（四期）,1.0,1.0,35.51,195,54914,872.0,诚心卖价格可谈，住家舒适实用小户型，精装保养好，好停车采光好,"近地铁
新上
西南
民水民电",175.5,49423
盐田,沙头角,御景翠峰,2.0,2.0,66.0,280,42424,701.0,合泰御景翠峰新上架房子，业主诚心出售，看房随时都可以,"近地铁
新上
东南
民水民电",252.0,38182
罗湖,布心,松泉公寓,1.0,1.0,44.42,210,47276,520.0,诚心出售，价格可议,"近地铁
新上
南北通
民水民电",189.0,42548
罗湖,翠竹,嘉湖新都,2.0,1.0,58.0,460,79310,340.0,诚心出售，价格可义,"近地铁
新上
南
民水民电",414.0,71379
南山,前海,佳兆业前海广场,3.0,2.0,85.65,800,93403,849.0,佳兆业前海广场，精装3房，安静不吵，业主诚心卖,"近地铁
民水民电
电梯房
精装修",720.0,84063
宝安,宝安中心区,金泓凯旋城,4.0,2.0,128.0,1000,78125,352.0,金泓凯旋城花园.园林设计优美。户型方正住家舒适.看房方便,"近地铁
新上
南
民水民电",900.0,70312
南山,前海,星海名城（五期）,2.0,2.0,51.95,500,96246,946.0,前海自贸区花园社区近地铁业主诚心卖价格可谈小2房,"近地铁
新上
东南
民水民电",450.0,86621
南山,前海,鼎太风华（七期）,2.0,2.0,67.0,680,101492,375.0,配套完善，小区内有幼儿园，篮球场，网球场，游乐场，健身房,"近地铁
新上
南北通
民水民电",612.0,91343
福田,香蜜湖,宝能城市公馆（一、二期）,4.0,2.0,228.0,3200,140350,501.0,宝能公馆大平面南北通业主诚心出售！！！,"近地铁
新上
南北通
民水民电",2880.0,126315
福田,红树湾,中信红树湾花城北区,2.0,2.0,90.0,880,97777,592.0,南山中信红树湾精装好房出售看房方便,"近地铁
新上
北
民水民电",792.0,87999
盐田,梅沙,万科东海岸三期（云山居）,3.0,2.0,165.0,600,36363,,万科东海岸新上架房子，业主诚心出售，看房随时都可以安排,"新上
南
民水民电
电梯房",540.0,32727
罗湖,莲塘,四季御园（新世界四季御园）,3.0,2.0,87.17,550,63095,340.0,新上口岸物业轻奢风精装三房中高层景观视野好,"近地铁
新上
北
民水民电",495.0,56786
罗湖,人民南,新银座华庭,1.0,,31.25,168,53760,128.0,高层全新装修一房一厅业主诚心出售价格可谈,"近地铁
新上
南
民水民电",151.2,48384
南山,科技园,大冲新城花园,3.0,2.0,101.0,900,89108,461.0,南山大冲新城花园精装三房出售看房方便,"近地铁
民水民电
电梯房
带家私",810.0,80197
罗湖,人民南,冠懋金色都汇（金色都汇）,2.0,1.0,69.0,450,65217,121.0,高层边角单位采光好，业主诚心卖,"近地铁
新上
南
民水民电",405.0,58695
福田,梅林关,星河丹堤花园,4.0,2.0,273.0,2300,84249,516.0,星河丹堤   F区   看湖景   275中空大复式  出售,"近地铁
新上
西南
民水民电",2070.0,75824
龙华,上塘,金地上塘道花园,4.0,2.0,84.43,680,80540,774.0,复式全新精装修，拎包入住，双地铁口，交通方便，业主诚意卖,"近地铁
新上
南
民水民电",612.0,72486
罗湖,翠竹,泊林花园,3.0,2.0,90.2,630,69844,334.0,泊林花园住家装修三房随时看房满五费用少,"近地铁
新上
东南
民水民电",567.0,62860
宝安,宝安中心区,丽晶国际,3.0,2.0,132.0,1159,87803,324.0,前海宝中丨晶国际丽丨小区纯粹丨业主急售丨视野开阔丨看房方便,"近地铁
新上
东南
民水民电",1043.1,79023
罗湖,人民南,新银座华庭,1.0,1.0,47.0,200,42553,128.0,高层 拎包入住 业主置换诚心放卖价格可谈 罗湖口岸双地铁,"近地铁
北
民水民电
电梯房",180.0,38298
福田,香蜜湖,香域中央花园,4.0,2.0,203.62,3950,193988,216.0,南北通透4房，全新装修，荔园外国语，深高，业主诚心出售,"近地铁
新上
南北通
民水民电",3555.0,174589
福田,香蜜湖,宝能公馆V-House,2.0,2.0,98.0,800,81632,497.0,宝能公馆新出大两房，全齐大客厅，诚售降价，深高书包,"近地铁
新上
北
民水民电",720.0,73469
福田,梅林,嘉鑫阳光雅居,2.0,2.0,68.8,550,79941,553.0,嘉鑫阳光精装2房、依山而建、享受自然生态空气、拎包入住,"近地铁
新上
西南
民水民电",495.0,71947
宝安,新安,丽景城,3.0,2.0,80.86,438,54167,42.0,丽景城精装复式四房高楼层通风采光好业主诚心出售,"近地铁
新上
西北
民水民电",394.2,48750
宝安,碧海,碧海富通城（三期）,3.0,2.0,74.29,420,56535,942.0,富通城三期复式看海景高赠送3房,"近地铁
新上
西南
民水民电",378.0,50882
盐田,沙头角,倚山花园（二期）,4.0,2.0,138.03,620,44917,632.0,"新世界倚山花园,泰式园林，朝正南四房，精装修拎包入住","近地铁
新上
西南
民水民电",558.0,40425
龙岗,龙岗中心城,龙岗鸿基花园,3.0,2.0,101.0,260,25742,306.0,鸿基花园 享受万科商业配套 电梯小高层 超笋盘 诚心出售,"近地铁
新上
民水民电
精装修",234.0,23168
盐田,沙头角,壹海城（一期）,3.0,2.0,152.77,860,56293,100.0,万科壹海城一期，纯复式大宅海景房,"近地铁
新上
南
民水民电",774.0,50664
盐田,沙头角,壹海城（二期）,3.0,2.0,155.0,850,54838,190.0,壹海城 纯大户型 山海大宅 南北通透双阳台 3房2卫,"近地铁
南
民水民电
电梯房",765.0,49354
盐田,梅沙,万科东海岸四期（致远居）,4.0,2.0,252.0,1200,47619,,精装大平层。南北通透，刷卡入户,"新上
东南
民水民电
电梯房",1080.0,42857
盐田,梅沙,东部华侨城天麓（六区）,4.0,2.0,272.0,1200,44117,,天麓六区双拼别墅，私家大花园，毛坯拓展空间大,"新上
南
民水民电",1080.0,39705
罗湖,洪湖,鹏大厦,1.0,1.0,41.04,400,97465,248.0,诚心出售，价格可议,"近地铁
新上
北
民水民电",360.0,87718
南山,科技园,华润城润府三期,2.0,2.0,88.03,1050,119277,706.0,精装大二房视野开阔,"近地铁
新上
南
民水民电",945.0,107349
福田,香蜜湖,宝能公馆V-House,2.0,2.0,98.0,950,96938,497.0,香蜜湖次新房，新上两房，可改三房，价格空间大深高护航,"近地铁
新上
南
民水民电",855.0,87244
宝安,福永,金石雅苑,6.0,2.0,180.0,730,40555,,罕有复式 带100多平天台花园天然氧吧依山傍水住家舒适,"新上
南
民水民电
电梯房",657.0,36500
宝安,宝安中心区,幸福海岸（一期）,3.0,2.0,107.19,860,80231,231.0,"对面体育馆，是福中福开发的高档小区,法式园林景观小区","近地铁
新上
民水民电
电梯房",774.0,72208
南山,科技园,华润城润府三期,2.0,1.0,89.0,1200,134831,706.0,南山华润城精装好房看房方便,"近地铁
新上
西南
民水民电",1080.0,121348
罗湖,莲塘,梧桐山新居（一期）,2.0,2.0,60.42,280,46342,448.0,南向，安静舒适，宽敞实用两房,"近地铁
新上
南
民水民电",252.0,41708
福田,红树湾,中信红树湾花城北区,2.0,2.0,88.0,1200,136363,592.0,南山中信红树湾精装好房看房方便,"近地铁
新上
北
民水民电",1080.0,122727
龙岗,龙岗中心城,满京华喜悦里,4.0,2.0,88.65,288,32487,350.0,南联地铁口 89平三房 全新精装修 可改四房 中高层拎包入住,"近地铁
新上
南北通
民水民电",259.2,29238
盐田,梅沙,万科东海岸四期（达观居）,1.0,1.0,60.63,220,36285,,万科东海岸，管家服务，满五年红本，看山景安静,"新上
东南
民水民电
电梯房",198.0,32656
盐田,梅沙,万科东海岸三期（云山居）,3.0,2.0,165.43,450,27201,,万科东海岸，山海景观大宅，红本满五年，无遮挡,"新上
民水民电
电梯房
拎包入住",405.0,24481
龙岗,坂田,第五园(七期璞悦山),4.0,2.0,241.52,4500,186319,,户型方正，业主急售，周边配套齐全,"新上
南
民水民电",4050.0,167687
盐田,梅沙,万科东海岸二期(齐山居),4.0,2.0,144.0,396,27500,,"万科东海岸,小高层电梯房，使用率高，满五年","新上
民水民电
精装修",356.4,24750
宝安,宝安中心区,西城上筑花园,3.0,2.0,101.48,918,90461,470.0,宝中 朝南三房  通风采光好 户型方正,"近地铁
新上
南北通
民水民电",826.2,81415
龙岗,坂田,佳兆业城市广场（一期）,3.0,2.0,87.82,415,47255,534.0,佳兆业城广高层大三房业主换房急售可议价看房方便,"近地铁
新上
南
民水民电",373.5,42530
罗湖,翠竹,嘉湖新都,1.0,1.0,31.91,292,91507,340.0,轻松适合3-4口之家居住，业主非常急卖,"近地铁
新上
北
民水民电",262.8,82356
龙岗,龙岗中心城,万科清林径,2.0,2.0,78.9,170,21546,,万科物业，朝南二房出售，户型方正，高楼层采光好，通风好。,"新上
南
民水民电
电梯房",153.0,19391
罗湖,翠竹,翠竹苑,2.0,1.0,47.38,185,39046,326.0,诚心出售，价格可以，带翠竹,"近地铁
新上
南
民水民电",166.5,35141
罗湖,翠竹,合正荣悦,3.0,2.0,106.0,808,76226,410.0,合正荣悦朝南3房红本在手车位充足,"近地铁
新上
南
民水民电",727.2,68603
宝安,沙井,拾悦城,4.0,2.0,98.51,400,40605,410.0,拾悦城99平4房出售 南北通透 满2一 随时看房,"近地铁
新上
南
民水民电",360.0,36544
龙岗,龙岗中心城,满京华喜悦里,3.0,2.0,95.08,160,16827,350.0,满京华，大3房出售，看房方便，满2年，税费少，租金5500,"近地铁
新上
南
民水民电",144.0,15144
南山,华侨城,世纪村3期,4.0,2.0,271.14,2060,75975,848.0,南山优质好房，看房方便！,"近地铁
新上
西
民水民电",1854.0,68378
福田,梅林,碧荔花园,2.0,2.0,139.0,750,53956,545.0,碧荔花园  大户型   看房方便,"近地铁
新上
民水民电
电梯房",675.0,48560
龙岗,龙岗中心城,保利上城,4.0,2.0,125.72,585,46531,835.0,好房急售，保利上城高楼层，南北通透，深中龙外有效，价可谈,"近地铁
新上
南北通
民水民电",526.5,41878
罗湖,翠竹,翠竹苑,2.0,1.0,49.05,235,47910,326.0,诚心出售，价格可议,"近地铁
新上
北
民水民电",211.5,43119
罗湖,百仕达,百仕达花园一期,2.0,2.0,78.78,494,62706,461.0,豪华装修，拎包入住，百仕达一期花园，紧邻翠竹公园,"近地铁
新上
南北通
民水民电",444.6,56435
罗湖,洪湖,鹏大厦,1.0,,25.41,300,118063,248.0,住宅性质，直接拎包入住，业主非常急卖,"近地铁
新上
西
民水民电",270.0,106257
福田,福田中心区,黄埔雅苑（一期翠悠园）,3.0,2.0,107.0,930,86915,270.0,黄埔雅苑一期，新上三房，户型好，价格可谈，诚心出售,"近地铁
新上
北
民水民电",837.0,78224
南山,前海,鼎太风华（七期）,2.0,1.0,54.5,390,71559,375.0,鼎太风华小2房拎包入住地铁口价格可谈,"近地铁
新上
东
民水民电",351.0,64403
宝安,桃源居,桃源居十一区,5.0,2.0,133.16,890,66836,461.0,桃源居户型方正采光好近地铁口书包房,"近地铁
新上
东南
民水民电",801.0,60152
罗湖,洪湖,鹏大厦,1.0,1.0,31.08,400,128700,248.0,290万急售 总价低 带深中,"近地铁
新上
南
民水民电",360.0,115830
龙岗,龙岗中心城,万科翰邻城,4.0,2.0,154.0,820,53246,643.0,业主向市场妥协！地铁口刚降价房源，精装，满五年急售，价格私聊,"近地铁
新上
西南
民水民电",738.0,47921
龙岗,坂田,佳兆业城市广场（五期）,4.0,2.0,143.05,800,55924,826.0,佳兆业地铁口 4房带大露台 南北通透 业主急售 价格可谈,"近地铁
新上
南北通
民水民电",720.0,50332
福田,福田中心区,黄埔雅苑（三期乐悠园）,3.0,2.0,109.5,998,91141,402.0,上新！黄埔雅苑三期，南向3房，通风采光好，红本满五税少，诚售,"近地铁
新上
西南
民水民电",898.2,82027
福田,梅林,四季山水花园（二期）,3.0,2.0,150.0,1380,92000,582.0,靠公园 景观看水库撒、百分百实用率,"近地铁
新上
南
民水民电",1242.0,82800
宝安,新安,流塘阳光花园,3.0,2.0,73.0,450,61643,301.0,7栋住宅和两栋公寓，架空空中花园，私家游泳池,"近地铁
新上
南
民水民电",405.0,55479
龙岗,大运,阳光天健城,4.0,2.0,135.4,800,59084,396.0,阳光天健城，配套成熟，业主急置换，看房方便，价可议,"近地铁
新上
南
民水民电",720.0,53176
南山,前海,星海名城（五期）,1.0,1.0,38.3,250,65274,946.0,资源丰富，小区内自带三所幼儿园,"近地铁
新上
北
民水民电",225.0,58747
盐田,沙头角,壹海城（二期）,3.0,2.0,156.24,850,54403,190.0,海景大平层玺湾精装大3房沙头角核心位置周边配套齐全,"近地铁
新上
东南
民水民电",765.0,48963
龙岗,龙岗中心城,新亚洲花园,3.0,2.0,98.0,295,30102,,店长推荐：新亚洲花园黄金楼层朝南向三房，满五,"新上
西南
民水民电
电梯房",265.5,27092
龙岗,布吉,佳兆业可园（五期）,4.0,2.0,96.55,480,49715,677.0,公园里的家,"近地铁
新上
南
民水民电",432.0,44744
龙岗,龙岗中心城,公园大地花园,3.0,2.0,110.72,630,56900,953.0,公园大地花园！安静舒适居家首选！采光视野好大四房！帮谈价找我,"近地铁
新上
东南
民水民电",567.0,51210
宝安,宝安中心区,君逸世家花园,4.0,2.0,132.0,900,68181,185.0,1号线地铁口泰华物业周边配套齐全户型方正业主诚心出售,"近地铁
新上
民水民电
电梯房",810.0,61363
罗湖,翠竹,逸翠园,2.0,2.0,65.63,415,63233,578.0,业主有心卖，配套齐全，采光通透，谈价空间大，租金高,"近地铁
西
民水民电
电梯房",373.5,56910
南山,西丽,深云村,3.0,2.0,90.0,760,84444,189.0,深云村精装3房，朝南向，中间楼层，采光佳，书包在未用,"近地铁
新上
东南
民水民电",684.0,76000
龙岗,龙岗中心城,保利上城,5.0,2.0,172.65,900,52128,835.0,笋盘推荐，保利上城，豪装五房南北阳台，深中有效，价可谈,"近地铁
新上
南
民水民电",810.0,46915
福田,保税区,福源花园,1.0,1.0,33.47,170,50791,855.0,福源花园单房业主急售，价格可谈,"近地铁
新上
南
民水民电",153.0,45712
坪山,坪山中心区,龙光玖云著大楼,2.0,2.0,50.85,88,17305,295.0,精装朝南 复式2房 地铁口100米 好出租 玖云著,"近地铁
新上
南北通
民水民电",79.2,15574
罗湖,莲塘,金色年华家园,3.0,1.0,75.0,410,54666,490.0,交通便 利购物方便 户型实用,"近地铁
新上
南
民水民电",369.0,49199
盐田,沙头角,上东湾,2.0,2.0,43.66,265,60696,266.0,口岸精装2房，看房方便，田心书包,"近地铁
新上
西南
民水民电",238.5,54626
龙岗,布吉,大世纪水山缘,3.0,2.0,77.25,258,33398,,求水山公园旁大世纪水山缘,"新上
东南
民水民电
电梯房",232.2,30058
龙岗,布吉,大世纪水山缘,3.0,2.0,74.05,288,38892,,大社区环境优美交通便利,"新上
南北通
民水民电
电梯房",259.2,35003
罗湖,莲塘,东方.尊峪花园,4.0,2.0,175.24,830,47363,832.0,东方尊峪175平大4房 南北通透看梧桐山景 车位充足看房方便,"近地铁
新上
南北通
民水民电",747.0,42627
宝安,桃源居,桃源居世外桃源,4.0,2.0,115.81,520,44901,387.0,西乡笋盘丨桃源居丨业主急售丨房东置换丨使用率高丨看房方便,"近地铁
新上
东北
民水民电",468.0,40411
南山,科技园南区,阳光带海滨城二期,4.0,2.0,147.0,1900,129251,110.0,豪华装修，业主诚意卖，价格好谈，地铁口物业，购物方便,"近地铁
新上
南北通
民水民电",1710.0,116326
盐田,盐田港,佳兆业山海苑,4.0,2.0,105.0,400,38095,725.0,次新小区，4房地铁口物业，看房方便,"近地铁
新上
东西通
民水民电",360.0,34286
盐田,盐田港,天利明园,2.0,1.0,47.0,105,22340,,小区品牌物业，放心居住，封闭性好，业主诚心出售,"新上
南
民水民电
电梯房",94.5,20106
南山,西丽,桃源村,3.0,2.0,74.08,398,53725,236.0,业主自住 新装修 保养好 拎包入住 小区配套好,"近地铁
新上
南北通
民水民电",358.2,48352
龙岗,龙岗中心城,龙园大观花园（一期）,3.0,2.0,88.0,275,31250,,龙园大观一期 精装3房 2梯4户 朝正南向 看花园,"新上
南
民水民电
电梯房",247.5,28125
南山,前海,鼎太风华社区,4.0,2.0,143.46,1080,75282,949.0,一梯一户南北通透高层板式，三个或以上阳台空间设计,"近地铁
新上
南北通
民水民电",972.0,67754
宝安,碧海,华丰前海湾（二期）,4.0,2.0,89.0,630,70786,748.0,高楼层看海景，南北通透，满五唯一小四房,"近地铁
新上
南北通
民水民电",567.0,63707
南山,前海,泛海拉菲花园（二期）,3.0,2.0,89.0,768,86292,201.0,泛海拉菲二期花园  小高层  精装大三房 看花园  红本在手,"近地铁
新上
西南
民水民电",691.2,77663
龙岗,布吉,佳兆业可园（四期）,2.0,2.0,69.13,300,43396,697.0,可园南区朝正南向两居室，满五唯一，随时可用,"近地铁
新上
南
民水民电",270.0,39056
罗湖,布心,崇德雍翠华府,2.0,2.0,44.28,195,44037,488.0,有登山道、游泳池、篮球场，靠山安静，空气好，近洪湖公园,"近地铁
新上
北
民水民电",175.5,39633
福田,皇岗口岸,皇御苑B区,3.0,2.0,112.83,698,61862,294.0,皇御苑二期南通通透三房业主诚心出售,"近地铁
新上
南北通
民水民电",628.2,55676
福田,香蜜湖,万科瑧山府(二期),4.0,2.0,231.0,4300,186147,294.0,豪宅典范万科瑧山府南北通透，住家舒适装修好，税费低,"近地铁
新上
南北通
民水民电",3870.0,167532
罗湖,翠竹,金丽豪苑,1.0,1.0,54.0,316,58518,319.0,深中 翠北 田贝地铁口 电梯房,"近地铁
新上
南
民水民电",284.4,52666
宝安,桃源居,桃源居六区,5.0,3.0,317.07,2800,88308,837.0,桃源居 峰景园6区 东南向畔山美景三层复式  俯瞰无遮挡,"近地铁
新上
南
民水民电",2520.0,79477
盐田,梅沙,万科东海岸四期（致远居）,4.0,2.0,216.94,1400,64533,,万科东海岸四期新上架别墅，业主诚心出售，看房随时都可以安排,"新上
东南
民水民电
电梯房",1260.0,58080
龙岗,大运,中海康城花园,1.0,,33.0,135,40909,,交通购物便利,"南
民水民电
电梯房
拎包入住",121.5,36818
龙岗,布吉,信义金御半山（一期）,4.0,2.0,88.93,550,61846,527.0,金御半山一期，高楼层，户型好，满五年，看房方便，拎包入住，急,"近地铁
新上
东西通
民水民电",495.0,55661
罗湖,百仕达,东乐花园(罗湖),3.0,2.0,83.0,330,39759,393.0,东乐花园，中间楼层，南北通透，大3房，业主急卖，280万,"近地铁
新上
南
民水民电",297.0,35783
龙岗,龙岗中心城,满京华喜悦里,4.0,2.0,88.52,330,37279,350.0,市场已缓慢回暖，业主诚心出售，满五年，地铁口，看房可安排！,"近地铁
新上
南
民水民电",297.0,33551
罗湖,百仕达,旭飞华达园,1.0,1.0,35.65,190,53295,510.0,随时可以看房，住家安静，降价41万，费用少,"近地铁
新上
北
民水民电",171.0,47966
罗湖,东门,东门天地大厦,2.0,1.0,69.0,330,47826,72.0,随时可以看房，住家安静，降价13万，费用少,"近地铁
南北通
民水民电
电梯房",297.0,43043
南山,科技园,华润城润府二期,2.0,2.0,89.0,1150,129213,417.0,精装入住，业主诚意卖，价格好谈，小区配套成熟，购物方便,"近地铁
新上
西南
民水民电",1035.0,116292
罗湖,布心,阳光明居,3.0,2.0,98.0,680,69387,459.0,翠园东晓 楼层佳 小高层高实用 出门即地铁口,"近地铁
新上
北
民水民电",612.0,62448
罗湖,布心,淘金山湖景花园二期,3.0,2.0,83.46,500,59908,856.0,精装 拎包即住 安静空气清新 天然氧吧1,"近地铁
新上
南
民水民电",450.0,53917
罗湖,翠竹,怡泰大厦,3.0,2.0,120.09,550,45798,339.0,翠竹外国语旁边！人民医院对面！精装3房 近地铁 业主诚心卖！,"近地铁
新上
西南
民水民电",495.0,41218
福田,上下沙,京基滨河时代广场,1.0,,33.0,238,72121,479.0,福田大金沙红树林片区名-牌小区，京基滨河时代精装看花园小单间,"近地铁
新上
南
民水民电",214.2,64909
坪山,坪山中心区,京基御景印象家园（三期）,3.0,2.0,89.0,230,25842,,坪山京基御景印象花园,"新上
南北通
民水民电
精装修",207.0,23258
盐田,沙头角,碧桐湾,2.0,2.0,64.3,270,41990,296.0,口岸位置高层------正出阳台,"近地铁
新上
东
民水民电",243.0,37791
宝安,碧海,泰华阳光海,3.0,2.0,84.9,590,69493,255.0,阳光海花视野开阔、采光通风好。户型舒适度高,"近地铁
新上
南
民水民电",531.0,62544
盐田,盐田港,佳兆业山海苑,4.0,2.0,105.0,300,28571,725.0,急卖 佳兆业山海城  家门口地铁 配套很好  精装 税费很少,"近地铁
新上
东北
民水民电",270.0,25714
龙岗,龙岗中心城,万象天成（盛龙花园二期）,1.0,1.0,40.44,105,25964,760.0,业主诚心出售，配套齐全，交通便利，看房可预约,"近地铁
新上
南
民水民电",94.5,23368
宝安,新安,鸿景园,3.0,2.0,122.24,818,66917,677.0,3房户型 户型方正 使用率高 费用少 近地铁 价格可谈,"近地铁
新上
东
民水民电",736.2,60225
南山,华侨城,香山美墅果岭,4.0,2.0,203.0,2880,141871,,香山美墅果岭，业主诚心出售，高层南北通透，看高尔夫景观随时看,"新上
南
民水民电
电梯房",2592.0,127684
盐田,梅沙,万科东海岸二期(齐山居),2.0,1.0,78.0,335,42948,,万科东海岸2期，急卖的房子，改小3房，价格惊喜，随时看房,"新上
东南
民水民电
电梯房",301.5,38653
福田,梅林,梅林一村,3.0,2.0,90.29,663,73430,382.0,梅林一村三区，大阳台高楼层，看梅林公园，业主自住状态好,"近地铁
新上
北
民水民电",596.7,66087
南山,前海,佳兆业前海广场,2.0,2.0,77.0,590,76623,849.0,南山前海新上架房源业主急售佳兆业前海广场77平两房朝南看山景,"近地铁
新上
南
民水民电",531.0,68961
南山,前海,佳兆业前海广场,3.0,2.0,86.99,730,83917,849.0,网红小区佳兆业经典三房，朝南向，看花园看小南山景观，安静优雅,"近地铁
新上
南
民水民电",657.0,75525
南山,前海,星海名城（五期）,1.0,1.0,35.0,495,141428,946.0,星海名城(五期) 精装可拎包入住 商业配套齐全 高绿化,"近地铁
新上
东
民水民电",445.5,127285
罗湖,翠竹,愉天小区,1.0,1.0,35.0,318,90857,335.0,罗湖翠竹 愉天小区 深中+翠北 书包未锁定 业主有心卖,"近地铁
新上
南
民水民电",286.2,81771
盐田,盐田港,中海半山溪谷花园,4.0,2.0,107.0,450,42056,829.0,中海半山溪谷，梧桐山半山低密度，小高层，天然氧吧,"近地铁
新上
西北
民水民电",405.0,37850
南山,华侨城,假日湾华庭,3.0,2.0,138.75,1170,84324,480.0,假日湾高层景观好特价！南北通透，业主急卖！,"近地铁
新上
东北
民水民电",1053.0,75892
罗湖,百仕达,君逸华府,2.0,2.0,72.31,450,62232,541.0,附近双地铁口，四通八达，交通便利，出行方便,"近地铁
新上
东北
民水民电",405.0,56009
盐田,梅沙,东部华侨城天麓（三区）,4.0,2.0,212.88,1600,75159,,联排别墅，大花园安静，天麓三区,"新上
西南
民水民电",1440.0,67643
罗湖,莲塘,东方.尊峪花园,4.0,3.0,261.6,2800,107033,832.0,万科东方尊峪，顶层大复式，山景特别漂亮，天然氧吧,"近地铁
新上
南北通
民水民电",2520.0,96330
宝安,西乡,招商果岭,3.0,2.0,82.52,450,54532,,新出笋盘，业主急售，看房方便，价格好谈,"新上
东南
民水民电
电梯房",405.0,49079
福田,香蜜湖,翠海花园（一期）,6.0,2.0,120.75,2300,190476,259.0,香蜜湖小高层顶复客厅挑高6米看香蜜公园景舒适六房带天台,"近地铁
新上
南
民水民电",2070.0,171428
宝安,碧海,泰华阳光海,3.0,2.0,99.84,740,74118,255.0,碧海大三房超大露台随时看房,"近地铁
新上
东南
民水民电",666.0,66706
罗湖,黄贝岭,靖轩豪苑,2.0,2.0,73.0,445,60958,315.0,东南向 周边公园，医院，万象城配套齐全 翠园未用,"近地铁
新上
南
民水民电",400.5,54862
龙华,深圳北站,圣莫丽斯花园（三期）,5.0,3.0,273.0,3980,145787,,楼旺 单位顶楼复式山湖低调精装居住舒适安静是您理想家园,"新上
南北通
民水民电
电梯房",3582.0,131208
盐田,梅沙,万科东海岸三期（云山居）,5.0,2.0,256.0,1000,39062,,万科东海岸三期云山居新上架房子，随时都可以安排看房,"新上
东南
民水民电
电梯房",900.0,35156
盐田,梅沙,万科东海岸三期（云山居）,3.0,2.0,146.66,650,44320,,万科东海岸新上架房源，满五年费用少，业主诚心出售,"新上
南
民水民电
电梯房",585.0,39888
宝安,新安,中洲华府（一期）,3.0,2.0,89.0,900,101123,493.0,中洲华府 高层三房 户型方正 使用率高 宝中本部,"近地铁
新上
南
民水民电",810.0,91011
南山,西丽,十五峯花园(二期),2.0,2.0,88.76,798,89905,477.0,楼层好，视野好，诚心卖价格可谈,"近地铁
新上
东
民水民电",718.2,80914
罗湖,百仕达,百仕达花园五期(乐湖),3.0,2.0,116.0,710,61206,768.0,超和翠竹万佳、沃尔玛商场购物休闲,"近地铁
新上
东北
民水民电",639.0,55085
罗湖,百仕达,百仕达花园二期,4.0,2.0,174.38,1050,60213,436.0,百仕达二期174平南北通5房看湖景观采光好视野开阔安静宜居,"近地铁
新上
南
民水民电",945.0,54192
罗湖,布心,观山瑞苑,3.0,1.0,78.14,320,40952,621.0,观山淘金山绿道、翠湖文体公园、围岭山公园街市,"近地铁
新上
东南
民水民电",288.0,36857
罗湖,翠竹,嘉湖新都,3.0,2.0,81.97,650,79297,340.0,深中在 满五唯一，税费优惠，节省购房资金,"近地铁
新上
东南
民水民电",585.0,71367
宝安,新安,华联城市全景花园,3.0,2.0,88.79,860,96857,303.0,3房户型 通风采光好 使用率高 配套成熟 价格可谈,"近地铁
新上
西南
民水民电",774.0,87171
罗湖,布心,观山瑞苑,2.0,2.0,66.0,298,45151,621.0,观山瑞苑 朝南高区两房，视野开阔，看公园景观,"近地铁
新上
南
民水民电",268.2,40636
盐田,沙头角,倚山花园（三期）,3.0,2.0,89.0,500,56179,632.0,新世界倚山花园(三期) 中间楼层采光好 刚需小三居 南北通透,"近地铁
新上
东
民水民电",450.0,50561
盐田,沙头角,倚山花园（三期）,2.0,2.0,81.0,398,49135,632.0,新世界倚山花园三期，超高实用，南北通透，诚意出售，精装,"近地铁
新上
南
民水民电",358.2,44222
罗湖,莲塘,四季御园（新世界四季御园）,3.0,2.0,76.0,460,60526,340.0,新世界四季御园，精装好房，装修保养好，业主置换出售,"近地铁
新上
南
民水民电",414.0,54473
罗湖,布心,淘金山湖景花园二期,4.0,2.0,173.0,1100,63583,856.0,淘金山，业主急售，价格可以谈，中间楼层，采光通风好,"近地铁
新上
东南
民水民电",990.0,57225
盐田,梅沙,东部华侨城天麓（六区）,5.0,2.0,270.0,1800,66666,,华侨城天麓六期新上架房子，业主诚心出售，看房随时都可以,"新上
北
民水民电",1620.0,59999
盐田,梅沙,东部华侨城天麓（六区）,4.0,3.0,298.0,2000,67114,,独栋传世大宅，上下四层，花园1000平，诚意出售,"新上
南北通
民水民电",1800.0,60403
盐田,梅沙,万科东海岸三期（悠翠居）,3.0,2.0,167.0,760,45508,,万科精装别墅，高使用率，南北通透，诚心出售,"新上
民水民电
精装修",684.0,40957
盐田,梅沙,东部华侨城天麓（六区）,5.0,2.0,268.0,1800,67164,,双拼别墅，带花园，安静，天麓六区,"新上
东南
民水民电",1620.0,60448
罗湖,百仕达,万事达名苑,4.0,2.0,71.0,600,84507,491.0,近期入手看这套，业主有心卖，配套齐全，采光通透,"近地铁
新上
东南
民水民电",540.0,76056
罗湖,洪湖,鹏大厦,2.0,1.0,37.04,360,97192,248.0,业主诚卖翠竹深中洪湖地铁口万科物业精装小两房配套齐全,"近地铁
新上
西
民水民电",324.0,87473
福田,香蜜湖,东海国际公寓,1.0,2.0,77.0,520,67532,409.0,东海国际公寓低成本价出售，景观视野开阔,"近地铁
新上
东
民水民电",468.0,60779
龙岗,大运,中海康城花园,3.0,2.0,87.09,300,34447,,东南朝向，视野采光好，香港中文书包,"新上
南
民水民电
电梯房",270.0,31002
龙华,上塘,荟港尊邸2期,4.0,2.0,141.61,730,51550,76.0,港铁天颂大4房装修保养好诚售,"近地铁
新上
南
民水民电",657.0,46395
罗湖,翠竹,鸿业苑,4.0,2.0,169.37,1100,64946,393.0,笋盘新上，鸿业苑三期，朝南高楼层，带个固定车位，业主诚意出售,"近地铁
新上
南
民水民电",990.0,58451
福田,福田口岸,金地名津,3.0,2.0,87.0,560,64367,353.0,福田口岸200米，南向三房两卫，南向采光通风好，业主急售！,"近地铁
新上
南
民水民电",504.0,57930
福田,香蜜湖,东海花园（二期福禄居),3.0,2.0,133.62,1700,127226,286.0,东海花园二期大花园，新上3+1房，小高层低密度，诚心卖,"近地铁
新上
东北
民水民电",1530.0,114503
福田,香蜜湖,东海花园（二期福禄居),3.0,2.0,129.0,1800,139534,286.0,东海花园二期大花园，新上3+1房，户型实用，价格可谈,"近地铁
新上
北
民水民电",1620.0,125581
罗湖,百仕达,百仕达花园二期,3.0,2.0,130.67,670,51274,436.0,诚心出售，价格可议，交通便利,"近地铁
新上
东南
民水民电",603.0,46147
龙岗,坂田,佳兆业城市广场（一期）,5.0,2.0,148.9,750,50369,534.0,佳兆业一期 精装5房2厅 南北通透 看小区园林 业主急售,"近地铁
新上
南
民水民电",675.0,45332
南山,科技园,华润城润府一期,3.0,2.0,87.65,1020,116371,,深圳湾三大总部基地围绕，临近欢乐海岸和科技园，人才公园和深圳,"新上
北
民水民电
电梯房",918.0,104734
南山,前海,阳光棕榈园（三期）,1.0,1.0,39.46,335,84896,845.0,阳光棕榈园 商品房 电梯房 交通便利 高楼层视野好,"近地铁
新上
西南
民水民电",301.5,76406
盐田,梅沙,万科东海岸四期（致远居）,4.0,2.0,283.0,1200,42402,,大梅沙东海岸房源,"新上
南
民水民电
电梯房",1080.0,38162
盐田,梅沙,万科东海岸四期（致远居）,4.0,2.0,252.0,780,30952,,万科东海岸,"新上
东南
民水民电
电梯房",702.0,27857
龙岗,坂田,信义嘉御山,4.0,2.0,88.6,630,71106,688.0,四房两卫采光好，通风好，空房业主诚心卖，看房方便,"近地铁
新上
东北
民水民电",567.0,63995
龙岗,坂田,佳兆业城市广场（一期）,3.0,2.0,89.0,470,52808,534.0,佳兆业城市广场 精装3房2厅 南北通透双地铁口  业主急售,"近地铁
新上
南
民水民电",423.0,47527
龙华,龙华中心,壹成中心花园(六区),4.0,2.0,88.68,440,49616,,壹成高楼层四房业主自住装修,"新上
南
民水民电
电梯房",396.0,44654
福田,香蜜湖,东海国际公寓,1.0,2.0,77.42,880,113665,409.0,东海国际公寓，新上一房一厅，总价低，业主急卖，价格空间大,"近地铁
民水民电
电梯房
精装修",792.0,102298
罗湖,东门,东门168,2.0,1.0,61.0,325,53278,499.0,螺岭加持两房出售   业主急售  东门168电梯,"近地铁
新上
南
民水民电",292.5,47950
宝安,碧海,碧海富通城（三期）,5.0,3.0,137.94,950,68870,942.0,富通城三期137平中间楼层，南北统看海景随时看,"近地铁
新上
南北通
民水民电",855.0,61983
宝安,宝安中心区,熙龙湾（二期）,4.0,2.0,167.0,2000,119760,347.0,熙龙湾2期花园.户型设计方正实用.南北通透.住家舒适.急卖房,"近地铁
新上
南
民水民电",1800.0,107784
宝安,西乡,金港华庭,3.0,2.0,118.0,580,49152,710.0,金港华庭花园.配套丰富地段好.户型方正装修豪华.看房方便,"近地铁
新上
西南
民水民电",522.0,44237
宝安,宝安中心区,西城上筑花园,2.0,2.0,73.92,635,85903,470.0,宝中壹方城商圈  朝南两房 户型方正 海天书包,"近地铁
新上
南
民水民电",571.5,77313
罗湖,布心,今日家园,3.0,2.0,61.54,505,82060,241.0,今日家园，业主有心卖，配套齐全，租金高，谈价空间大,"近地铁
新上
南
民水民电",454.5,73854
宝安,宝安中心区,熙龙湾（二期）,5.0,2.0,182.0,2600,142857,347.0,十年难出二期前排海景大平层，仅此一套,"近地铁
新上
南北通
民水民电",2340.0,128571
宝安,宝安中心区,深业新岸线（一期）,4.0,2.0,151.8,1100,72463,326.0,深业新岸线一期，高层，满五年，客厅出阳台朝南看海景,"近地铁
新上
南
民水民电",990.0,65217
宝安,宝安中心区,深业新岸线（三期）,4.0,2.0,153.16,1080,70514,569.0,深业新岸线三期，满五年，红本，18米大阳台看别墅,"近地铁
南
民水民电
电梯房",972.0,63463
福田,福田中心区,黄埔雅苑（四期骏悠园）,2.0,2.0,79.78,750,94008,270.0,福田CBD地段，精装2房2厅，拎包入住，居家首选,"近地铁
新上
北
民水民电",675.0,84607
罗湖,翠竹,翠竹苑,2.0,1.0,48.0,250,52083,326.0,翠竹苑地铁物业，翠外在业主诚心出售,"近地铁
新上
南
民水民电",225.0,46875
南山,华侨城,香山美墅云颂,4.0,2.0,172.0,1980,115116,,香山美墅5期，通透现代精装4房，保养好，同户型有优势，可谈价,"新上
南
民水民电
电梯房",1782.0,103604
盐田,沙头角,君临海域（一期）,4.0,2.0,243.89,880,36081,418.0,君临海域，大平层，专梯入户，楼下就是海景公园,"近地铁
新上
东南
民水民电",792.0,32473
盐田,沙头角,君临海域（一期）,7.0,5.0,290.82,3200,110033,418.0,君临海域别墅，6层，使用800平，精装,"近地铁
新上
南
民水民电",2880.0,99030
龙岗,龙岗中心城,万科翰邻城,5.0,2.0,163.0,1080,66257,643.0,万科翰邻城，精装五房，深中在，看花园安静保养好，L大阳台,"近地铁
新上
南
民水民电",972.0,59631
龙岗,龙岗中心城,万科翰邻城,3.0,2.0,78.1,470,60179,643.0,业主向市场妥协！地铁口刚降价房源，精装，满五年急售，价格私聊,"近地铁
新上
南
民水民电",423.0,54161
罗湖,洪湖,源兴居,1.0,1.0,23.58,95,40288,325.0,源兴居小户型出售一房,"近地铁
新上
南
民水民电",85.5,36259
罗湖,翠竹,愉天小区,1.0,1.0,35.0,318,90857,335.0,深中+翠北，愉天小区，地铁口，价格可谈。,"近地铁
新上
南
民水民电",286.2,81771
南山,南头,阳光里雅居,2.0,1.0,45.09,440,97582,415.0,婚房出售 阳光里雅居 总经理的家 标准两房 随时看房,"近地铁
新上
西南
民水民电",396.0,87824
宝安,碧海,前城滨海花园,3.0,2.0,88.2,750,85034,115.0,看花园，精装修，买来直接拎包入住,"近地铁
新上
西南
民水民电",675.0,76531
宝安,西乡,白金假日公寓,1.0,1.0,35.66,229,64217,219.0,正地铁口物业，东南向，业主诚意出售。,"近地铁
新上
西北
民水民电",206.1,57795
福田,梅林,梅林一村,3.0,2.0,96.0,720,75000,382.0,深中梅香书包，电梯小高层，东南朝向，高实用绿，安静宜居,"近地铁
新上
民水民电
精装修",648.0,67500
罗湖,百仕达,百仕达花园二期,4.0,2.0,118.37,700,59136,436.0,中层 小高层带电梯 东南向看园景 诚售价可议！,"近地铁
新上
东南
民水民电",630.0,53222
罗湖,洪湖,鹏大厦,1.0,1.0,36.61,335,91505,248.0,深中书包未锁定 鹏大厦 总价低小户型 业主有心卖,"近地铁
新上
北
民水民电",301.5,82354
盐田,梅沙,万科东海岸四期（达观居）,2.0,2.0,88.82,500,56293,,万科精装2房，南北通透，高楼层，视野开阔，无遮挡山海景,"新上
南
民水民电
电梯房",450.0,50664
罗湖,翠竹,金丽豪苑,1.0,1.0,54.0,375,69444,319.0,新上金丽豪苑，可改两房，随时可以出售,"近地铁
新上
民水民电
电梯房",337.5,62500
宝安,宝安中心区,幸福海岸（三期）,4.0,2.0,146.36,777,53122,94.0,幸福海岸位于宝安区重要地段，紧邻前海,"近地铁
新上
西北
民水民电",699.3,47810
罗湖,百仕达,百仕达花园一期,3.0,2.0,130.0,790,60769,461.0,新上急售，厅出阳台南北通三房,"近地铁
新上
南北通
民水民电",711.0,54692
宝安,碧海,华丰前海湾（二期）,3.0,2.0,89.0,700,78651,748.0,华丰前海湾 看海景 配套齐全 业主很诚心卖,"近地铁
新上
南
民水民电",630.0,70786
龙岗,龙岗中心城,悦澜山花园,1.0,1.0,48.8,150,30737,403.0,悦澜山花园：地铁口物业，精装实用一房一厅，东南向通风采光好,"近地铁
新上
东南
民水民电",135.0,27663
福田,梅林关,星河丹堤花园,4.0,3.0,216.96,2400,110619,516.0,星河丹堤  B区   一楼带花园    洋房     出售,"近地铁
新上
南北通
民水民电",2160.0,99557
盐田,沙头角,君临海域（二期）,4.0,2.0,159.68,750,46968,395.0,君临海域 精装修4房2卫 朝南向 看海景 业主非常有心卖,"近地铁
新上
南
民水民电",675.0,42271
盐田,沙头角,君临海域（二期）,4.0,2.0,159.68,750,46968,395.0,君临海域 精装4房2卫 朝南向 看山海景观 业主非常有心卖,"近地铁
新上
南
民水民电",675.0,42271
南山,前海,鼎太风华社区,3.0,2.0,143.0,1350,94405,949.0,非拼合宽景大宅，一梯一户南北通透高层板式，三个或以上阳台空间,"近地铁
新上
南北通
民水民电",1215.0,84964
宝安,碧海,前城滨海花园,3.0,2.0,88.0,730,82954,115.0,地铁口三房两厅，看园林小区泳池，自带商业，购物出行便利,"近地铁
西南
民水民电
精装修",657.0,74659
福田,香蜜湖,宝能公馆V-House,2.0,2.0,73.0,500,68493,497.0,宝能公馆精装税费少有小区,"近地铁
新上
东
民水民电",450.0,61644
宝安,桃源居,桃源居六区,5.0,2.0,363.01,2900,79887,837.0,百万国风豪装山景人气复式，通透高实用率，改善大家族一步到位,"近地铁
新上
南
民水民电",2610.0,71898
龙岗,布吉,慢城（二期）,3.0,2.0,77.88,370,47508,837.0,慢城精装修大三房，南北通透装修精美户型方正管理费少近地铁,"近地铁
新上
南北通
民水民电",333.0,42757
盐田,沙头角,碧桐湾,2.0,2.0,64.4,210,32608,296.0,高楼层 山海景观 红本满五年 税费少 碧桐湾,"近地铁
新上
北
民水民电",189.0,29347
盐田,沙头角,碧桐湾,1.0,1.0,38.0,118,31052,296.0,碧桐湾 口岸旁物业 近地铁 中间楼层 采光好 价格美丽,"近地铁
新上
民水民电
电梯房",106.2,27947
福田,香蜜湖,兰江山第,5.0,2.0,295.68,2960,100108,,香蜜湖大平层，刚买一套低楼层的，新上高楼层五房，小区宜居,"新上
南北通
民水民电
电梯房",2664.0,90097
龙岗,布吉,百合星城（一期）,1.0,1.0,36.0,130,36111,332.0,布吉正地铁口物业百合星城小户型业主诚心出售价格可谈,"近地铁
新上
北
民水民电",117.0,32500
盐田,盐田港,中海半山溪谷花园,2.0,2.0,71.92,200,27808,829.0,小高层洋房住家安静小区自带幼儿园住家装修看房方便,"近地铁
新上
西北
民水民电",180.0,25027
盐田,沙头角,碧桐湾,1.0,1.0,38.05,95,24967,296.0,口岸复式1房1厅值得拥有,"满二年
近地铁
新上
西南",85.5,22470
宝安,宝安中心区,福中福商业城（二期）,1.0,1.0,47.8,350,73221,528.0,宝安碧海中区福中福花园好房欢迎您！！！,"近地铁
新上
民水民电
精装修",315.0,65899
罗湖,洪湖,源兴居,1.0,,23.57,118,50063,325.0,源兴居，美丽单间，业主急卖，价好谈,"近地铁
新上
民水民电
电梯房",106.2,45057
罗湖,翠竹,泊林花园,2.0,2.0,59.27,330,55677,334.0,东南朝向，采光好，随时看房，交通便利，临近地铁,"近地铁
新上
南
民水民电",297.0,50109
龙岗,布吉,信义假日名城(六期溢芳园),3.0,2.0,93.44,358,38313,693.0,布吉地铁站朝南三房楼层好，宜居,"近地铁
新上
南
民水民电",322.2,34482
福田,水围,金港豪庭,2.0,1.0,74.47,488,65529,467.0,金港豪庭，花园式小区，端头位，装修保养好拎包入住,"近地铁
新上
南
民水民电",439.2,58976
盐田,梅沙,万科东海岸三期（云山居）,3.0,2.0,165.46,493,29795,,高楼层看海景，南北通急售房，东海岸三期,"新上
南
民水民电
电梯房",443.7,26816
福田,红树湾,红树西岸,5.0,3.0,294.0,5200,176870,446.0,红树西岸一层一户，奢华大平层，看wu敌景观，享受居家,"近地铁
新上
东西通
民水民电",4680.0,159183
罗湖,百仕达,百仕达花园五期(乐湖),3.0,2.0,121.47,780,64213,768.0,新上百仕达漂亮三房看房方便业主有心出租,"近地铁
新上
北
民水民电",702.0,57792
南山,科技园,大冲新城花园,3.0,2.0,100.0,720,72000,461.0,一路之隔万象天地/高新园地铁口100米,"近地铁
新上
东
民水民电",648.0,64800
罗湖,布心,今日家园,2.0,2.0,61.51,310,50398,241.0,今日家园62平米金典小复式2房1厅翠园书包房,"近地铁
新上
西北
民水民电",279.0,45358
罗湖,翠竹,翠竹苑,3.0,2.0,113.86,580,50939,361.0,近期入手，翠竹外国语3房，满5年价格还能谈，高楼层，采光通透,"近地铁
新上
东北
民水民电",522.0,45845
宝安,桃源居,桃源居世外桃源,4.0,2.0,114.5,680,59388,387.0,桃源居新上（电梯4房）高层视野 南北通 精装 拎包入住,"近地铁
新上
南
民水民电",612.0,53449
宝安,桃源居,桃源居十五区,3.0,2.0,129.0,750,58139,518.0,桃源居15区新上（电梯大3房可改4房）精装修 拎包入住南北通,"近地铁
新上
南北通
民水民电",675.0,52325
宝安,桃源居,桃源居十六区,3.0,2.0,83.66,450,53789,543.0,桃源居16区新上（电梯大两房可改3房）朝南看花园,"近地铁
南
民水民电
电梯房",405.0,48410
宝安,桃源居,桃源居世外桃源,3.0,2.0,113.26,600,52975,387.0,桃源居新品（电梯4房）南北通 高层景观 视野好,"近地铁
新上
民水民电
电梯房",540.0,47678
宝安,桃源居,桃源居世外桃源,4.0,2.0,129.6,650,50154,387.0,桃源居（电梯大4房）双龙抱珠户型 朝南 看花园,"近地铁
新上
南
民水民电",585.0,45139
宝安,桃源居,桃源居十六区,2.0,2.0,65.98,330,50015,543.0,桃源居16区新上（电梯两房）高层视野 精装修 看花园 安静,"近地铁
新上
南
民水民电",297.0,45014
宝安,桃源居,桃源居十四区,2.0,2.0,84.12,400,47551,260.0,桃源居新上（电梯大两房）朝南看花园 安静,"近地铁
新上
南
民水民电",360.0,42796
宝安,桃源居,桃源居十四区,2.0,1.0,84.12,360,42796,260.0,（桃源居新上）精装修（电梯大两房）高层视野朝南,"近地铁
新上
东南
民水民电",324.0,38516
罗湖,莲塘,东方.尊峪花园,3.0,2.0,127.08,630,49575,832.0,东方尊峪半山豪宅二台地配套齐全车位足,"近地铁
新上
西南
民水民电",567.0,44618
罗湖,莲塘,东方.尊峪花园,3.0,2.0,158.0,750,47468,832.0,东方尊峪二台地奢阔大三房,"近地铁
新上
南
民水民电",675.0,42721
罗湖,莲塘,东方.尊峪花园,4.0,2.0,173.99,880,50577,832.0,东方尊峪三台地精装大三房,"近地铁
新上
南
民水民电",792.0,45519
罗湖,莲塘,东方.尊峪花园,3.0,2.0,124.35,760,61117,832.0,东方尊峪二台地高层城市景观大阳台三房,"近地铁
新上
南
民水民电",684.0,55005
罗湖,莲塘,东方.尊峪花园,4.0,2.0,175.0,900,51428,832.0,东方尊峪三台地高层大户型可议价,"近地铁
东西通
民水民电
电梯房",810.0,46285
罗湖,莲塘,东方.尊峪花园,3.0,2.0,143.26,1020,71199,832.0,东方尊峪新装大三房环境舒适,"近地铁
南
民水民电
精装修",918.0,64079
罗湖,莲塘,东方.尊峪花园,5.0,3.0,175.02,1300,74277,832.0,半山豪宅三台地奢阔大5房停车方便,"近地铁
东西通
民水民电
电梯房",1170.0,66849
福田,香蜜湖,香蜜湖水榭花都（二期）,3.0,2.0,122.26,2388,195321,541.0,（新出好房）水榭花都二期高层 香蜜湖景 塘朗山景 3加1房,"近地铁
新上
北
民水民电",2149.2,175789
罗湖,莲塘,东方.尊峪花园,4.0,2.0,174.21,850,48791,832.0,万科东方尊峪，南北通透大四房，红本五年，看房方便,"近地铁
新上
南北通
民水民电",765.0,43912
罗湖,莲塘,东方.尊峪花园,4.0,2.0,182.02,1080,59334,832.0,梧桐山下豪宅高层城市奢华大阳台设施齐全,"近地铁
新上
南北通
民水民电",972.0,53401
罗湖,莲塘,东方.尊峪花园,4.0,2.0,177.0,950,53672,832.0,东方尊峪半山豪宅山景大四房车位足绿化好,"近地铁
新上
东南
民水民电",855.0,48305
罗湖,莲塘,东方.尊峪花园,2.0,2.0,88.69,448,50513,832.0,半山豪宅看房方便车位充足环境舒适,"近地铁
新上
南
民水民电",403.2,45462
罗湖,莲塘,东方.尊峪花园,3.0,2.0,124.81,650,52079,832.0,半山豪宅绿化环境好空气清新高层奢阔大阳台,"近地铁
新上
西北
民水民电",585.0,46871
罗湖,莲塘,东方.尊峪花园,2.0,2.0,88.8,450,50675,832.0,梧桐半山豪宅区精装大两居车位充足价格可议,"近地铁
新上
南
民水民电",405.0,45608
罗湖,莲塘,东方.尊峪花园,3.0,2.0,136.7,800,58522,832.0,半山豪宅大社区绿化率高136平奢阔大三房车位充足,"近地铁
新上
南北通
民水民电",720.0,52670
罗湖,莲塘,东方.尊峪花园,2.0,2.0,88.69,480,54121,832.0,半山豪宅豪华装修奢景雅居车位充足空气清新,"近地铁
新上
南
民水民电",432.0,48709
龙岗,布吉,信义荔山公馆（景和园）,3.0,2.0,86.45,480,55523,527.0,荔山公馆，高楼层，满五年证在手，公园景观，户型方正，拎包入住,"近地铁
新上
南北通
民水民电",432.0,49971
宝安,碧海,碧海富通城（二期）,3.0,2.0,100.21,680,67857,743.0,碧海富通城二期，总建筑面积8万余平米,"近地铁
新上
南
民水民电",612.0,61071
罗湖,翠竹,翠竹苑,2.0,1.0,47.38,270,56986,326.0,翠竹苑 翠竹实··验 园林配套 翠竹公园,"近地铁
新上
南
民水民电",243.0,51287
罗湖,翠竹,愉天小区,2.0,1.0,49.0,400,81632,335.0,深中 翠北 田贝地铁口 出行方便 看房约,"近地铁
新上
南
民水民电",360.0,73469
福田,百花,长城大厦(三花园),3.0,2.0,127.0,1100,86614,312.0,房子业主自住保养好，户型方正，光线好,"近地铁
新上
南北通
民水民电",990.0,77953
福田,百花,南天大厦（二期）,3.0,2.0,89.0,1000,112359,279.0,房子空着，随时入住，满五年，周边配套完善,"近地铁
新上
南北通
民水民电",900.0,101123
宝安,桃源居,桃源居十六区,3.0,2.0,135.0,630,46666,543.0,桃源居 盛景园16区 凤凰层方正四房 南北通格局 税少有心卖,"近地铁
新上
南北通
民水民电",567.0,41999
福田,梅林,梅林一村,3.0,2.0,91.0,660,72527,382.0,梅林一村三区，南向方厅大阳台，满五红本，带深中，业主诚心卖,"近地铁
新上
南
民水民电",594.0,65274
罗湖,翠竹,嘉多利花园,3.0,2.0,113.0,1000,88495,598.0,嘉多利新上业主急售看房方便满五年只有一套红本在手随时过户,"近地铁
新上
北
民水民电",900.0,79646
宝安,宝安中心区,壹方中心·玖誉(三期),4.0,2.0,174.65,2500,143143,250.0,壹方玖誉花园.前海塔尖圈层豪宅.户型方正南北通透.看房方便,"近地铁
新上
东南
民水民电",2250.0,128829
龙岗,大运,阳光天健城,3.0,2.0,95.87,598,62376,396.0,龙岗外国语书包96平大3房2厅户型方正安静视野开阔无遮挡红本,"近地铁
新上
北
民水民电",538.2,56138
龙岗,葵涌,金众云山栖,4.0,2.0,191.06,650,34020,,关内别墅，上下四层，实用有400多平，带前后院子，全新毛坯,"新上
南
民水民电
电梯房",585.0,30618
福田,香蜜湖,翠海花园（一期）,2.0,2.0,65.28,800,122549,259.0,成交之母翠海两房，低门槛入住香蜜湖，香蜜公园对面，书包楼下,"近地铁
新上
北
民水民电",720.0,110294
罗湖,东门,东门天地大厦,3.0,2.0,89.0,520,58426,72.0,业主急需资金周转比同户型少90个出手,"近地铁
新上
东南
民水民电",468.0,52583
罗湖,东门,东门天地大厦,3.0,2.0,69.0,365,52898,72.0,业主诚心出售价格有空间,"近地铁
新上
南
民水民电",328.5,47608
罗湖,翠竹,龙丽园,2.0,2.0,69.77,408,58477,453.0,深中未用，小区自带泳池网球场，红本税少,"近地铁
新上
东南
民水民电",367.2,52629
南山,华侨城,天鹅堡二期,4.0,2.0,271.59,3600,132552,,天鹅堡二期，少有放卖顶楼复式，6房设计，实用350平，可谈,"新上
民水民电
电梯房",3240.0,119297
南山,科技园,华润城润府一期,3.0,2.0,87.7,1000,114025,,华润城润府一期高楼，业主诚心出售，红本在手，税费少，看房方便,"近地铁
新上
西北
民水民电",900.0,102622
罗湖,翠竹,泊林花园,1.0,1.0,46.63,220,47179,334.0,罗湖水贝珠宝商圈，洪湖公园旁，花园社区，精装修出售,"近地铁
北
民水民电
电梯房",198.0,42461
龙岗,龙岗中心城,龙岗鸿基花园,2.0,2.0,62.11,199,32039,306.0,鸿基花园 地铁口物业 电梯小高层 满五年 诚心出售 价格可谈,"近地铁
新上
东北
民水民电",179.1,28835
罗湖,东门,东门天地大厦,2.0,1.0,69.18,290,41919,72.0,业主是我朋友 价格可以帮您争取更实惠 可改3房,"近地铁
新上
北
民水民电",261.0,37727
罗湖,新秀,新秀村（北区）,3.0,2.0,76.45,200,26160,303.0,新秀村，业主有心卖，配套齐全，租金高，可谈价,"近地铁
新上
南
民水民电",180.0,23544
龙岗,布吉,尚峰花园,5.0,2.0,120.06,705,58720,504.0,周边配套齐全，生活便利，价格美丽,"近地铁
新上
南北通
民水民电",634.5,52848
罗湖,布心,阳光明居,4.0,2.0,125.15,750,59928,459.0,小高层笋盘（复式带露台）诚心出售！价格好谈！花园中间安静！,"近地铁
新上
南
民水民电",675.0,53935
罗湖,翠竹,怡泰大厦,2.0,2.0,67.54,280,41456,339.0,怡泰大厦精装两房，诚心出售,"近地铁
西南
民水民电
电梯房",252.0,37310
罗湖,翠竹,怡泰大厦,3.0,1.0,96.25,620,64415,339.0,业主有心卖，配套齐全，租金高，采光通透，谈价空间大,"近地铁
西南
民水民电
电梯房",558.0,57974
罗湖,百仕达,华达园公寓,1.0,,28.09,120,42719,522.0,旭飞华达园，业主有心卖，配套齐全，租金高，可谈价,"近地铁
新上
西北
民水民电",108.0,38447
罗湖,翠竹,愉天小区,2.0,1.0,42.0,350,83333,335.0,深中书包  必看好房  近地铁口  配套齐全  价格有空间,"近地铁
新上
民水民电
精装修",315.0,75000
罗湖,翠竹,翠竹苑,3.0,1.0,76.7,420,54758,326.0,业主有心卖，配套齐全，租金高，采光通透，谈价空间大,"近地铁
南北通
民水民电
电梯房",378.0,49282
罗湖,翠竹,翠竹苑,2.0,2.0,52.04,348,66871,326.0,背靠公园你的家，交通极其便利，配套成熟，完善，居住氛围浓厚。,"近地铁
新上
南北通
民水民电",313.2,60184
南山,南头,麒麟花园（一期）,3.0,2.0,125.19,920,73488,,"交通出入方便,周边商业配套较丰富，生活购物便利，","近地铁
新上
东北
民水民电",828.0,66139
宝安,碧海,康达尔山海上园(二期),5.0,2.0,152.25,938,61609,,康达尔山海上园二期 精装修四房 业主诚意出售,"新上
南
民水民电
电梯房",844.2,55448
宝安,碧海,华丰前海湾（二期）,3.0,2.0,86.0,660,76744,748.0,华丰前海湾二期精装修三房高层看花园业主诚意出售,"近地铁
新上
南
民水民电",594.0,69070
宝安,西乡,招商果岭,2.0,2.0,71.42,420,58807,,招商果岭  精装修中间楼层   业主诚意出售,"南
民水民电
电梯房
精装修",378.0,52926
罗湖,莲塘,东方.尊峪花园,4.0,2.0,181.73,1100,60529,832.0,万科东方尊峪 高层大平层  改善户型，看梧桐山景  天然氧吧,"近地铁
新上
南
民水民电",990.0,54476
福田,景田,缔梦园（一期）,1.0,1.0,40.25,240,59627,150.0,景田地铁口精装一房一厅自住投资皆可,"近地铁
新上
南
民水民电",216.0,53664
罗湖,翠竹,金丽豪苑,4.0,2.0,114.0,780,68421,319.0,金丽上新 大4房 深中 翠北,"近地铁
新上
北
民水民电",702.0,61579
宝安,宝安中心区,天悦龙庭（二期）,4.0,2.0,176.0,1380,78409,308.0,宝安区政府旁天悦龙庭，龙光出品，重新装修,"近地铁
新上
东南
民水民电",1242.0,70568
罗湖,翠竹,翠华花园,3.0,1.0,65.0,380,58461,253.0,业主急卖，配套齐全，租金高，采光通透，可谈价,"近地铁
新上
东西通
民水民电",342.0,52615
罗湖,莲塘,名骏豪庭,1.0,1.0,43.0,158,36744,703.0,高楼层，景观无遮挡，小区安静舒适，居家气氛浓厚，停车位充足,"近地铁
新上
北
民水民电",142.2,33070
龙岗,大运,中海康城花园,3.0,2.0,89.0,280,31460,,业主向市场妥协！地铁口刚降价房源，精装，满五年急售，价格私聊,"新上
北
民水民电
电梯房",252.0,28314
罗湖,翠竹,愉天小区,1.0,1.0,43.64,360,82493,335.0,深中好房，诚售，想买便宜房找我,"近地铁
新上
北
民水民电",324.0,74244
盐田,盐田港,中海半山溪谷花园,2.0,2.0,70.91,170,23974,829.0,精装修2房 电梯小高层 即买即住、,"近地铁
新上
西北
民水民电",153.0,21577
罗湖,翠竹,鸿业苑,2.0,2.0,55.79,380,68112,393.0,鸿业苑二期上翠园本部，红本满五年近地铁，价格可谈近公园,"近地铁
新上
西南
民水民电",342.0,61301
南山,前海,星海名城（五期）,2.0,1.0,46.17,350,75806,946.0,资源丰富，小区内自带三所幼儿园,"近地铁
新上
东南
民水民电",315.0,68225
龙岗,坂田,第五园（五期）,3.0,2.0,120.73,638,52845,,安静五园，端户位，121平3房+入户，满五税少,"新上
南北通
民水民电
精装修",574.2,47560
龙岗,龙岗中心城,新亚洲花园,4.0,2.0,147.58,400,27103,,市场已缓慢回暖，业主诚心出售，满五年，地铁口，看房可安排！,"新上
西南
民水民电
电梯房",360.0,24393
罗湖,百仕达,翠苑大厦,2.0,2.0,81.63,320,39201,498.0,罗湖豪宅片区百仕达 生活配套齐全 紧邻翠竹公园,"近地铁
新上
南
民水民电",288.0,35281
罗湖,黄贝岭,靖轩豪苑,2.0,1.0,72.0,360,50000,315.0,业主诚心卖价格可以沟通，红本在手税少，地铁口物业,"近地铁
新上
东
民水民电",324.0,45000
罗湖,黄贝岭,靖轩豪苑,2.0,2.0,73.63,405,55004,315.0,业主急卖，户型方正，地铁物业，红本在手,"近地铁
新上
东北
民水民电",364.5,49504
罗湖,黄贝岭,凤凰印象,1.0,1.0,41.25,225,54545,381.0,凤凰印象一房业主急卖价格可以沟通近地铁，中高楼层采光好,"近地铁
新上
北
民水民电",202.5,49090
罗湖,百仕达,百仕达花园二期,3.0,2.0,154.93,750,48408,436.0,价可议！低密度洋房 南北通一梯两户 楼层佳,"近地铁
新上
西
民水民电",675.0,43567
罗湖,黄贝岭,金城华庭,1.0,1.0,37.0,185,50000,528.0,金城华庭 装修好 螺岭 花园社区 带电梯 业主诚心卖,"近地铁
新上
东
民水民电",166.5,45000
龙岗,布吉,信义金御半山（三期信义荔景御园）,3.0,2.0,69.0,460,66666,525.0,房子格局方正，小区地铁口位置，朝南视野宽，看房有钥匙。,"近地铁
新上
东南
民水民电",414.0,59999
盐田,梅沙,东部华侨城天麓（三区）,4.0,2.0,223.65,835,37335,,天麓三区，还有保留一手房源，前排海景很美丽，没有代理费,"新上
南
民水民电",751.5,33602
罗湖,百仕达,百仕达花园五期(乐湖),3.0,2.0,117.86,728,61768,768.0,百仕达花园乐湖 栋数好楼层佳 保养好精装3房,"近地铁
新上
东北
民水民电",655.2,55591
罗湖,洪湖,鹏大厦,1.0,1.0,37.0,320,86486,248.0,翠竹深中洪湖地铁口万科物业鹏大厦精装一房户型方正周边配套齐全,"近地铁
新上
北
民水民电",288.0,77837
罗湖,布心,崇德雍翠华府,2.0,2.0,61.2,265,43300,488.0,业主急售满五年看房方便价格好谈,"近地铁
新上
北
民水民电",238.5,38970
福田,水围,金港豪庭,2.0,2.0,74.0,460,62162,467.0,金港豪庭2+1特殊户型赠送10平方，红本满五年税少,"近地铁
新上
南
民水民电",414.0,55946
龙岗,布吉,桂芳园（五期）,2.0,2.0,70.0,368,52571,492.0,地铁口物业，周边配套齐全，适合居住,"近地铁
西北
民水民电
电梯房",331.2,47314
南山,科技园,华润悦府二期(南区),1.0,1.0,108.12,1580,146133,507.0,华润悦府二期1房，客厅朝南向，带开发商精装修交楼，诚心出售,"近地铁
新上
南
民水民电",1422.0,131520
宝安,新安,勤诚达22世纪二期,3.0,2.0,89.0,730,82022,193.0,朝南看花园，勤诚达二期，89平方3房，赠送面积多，实用率高,"近地铁
新上
东南
民水民电",657.0,73820
龙岗,龙岗中心城,保利上城,1.0,1.0,53.22,170,31942,835.0,市场已缓慢回暖，业主诚心出售，满五年，地铁口，看房可安排！,"近地铁
新上
西北
民水民电",153.0,28748
龙岗,布吉,龙珠花园（A区）,2.0,1.0,52.42,130,24799,459.0,布吉地铁口50 交通方便花园式小区 精双龙抱珠户,"近地铁
北
民水民电
电梯房",117.0,22319
盐田,盐田港,中海半山溪谷花园,2.0,2.0,70.63,208,29449,829.0,半山溪谷小区出入口，全南向72平大2房，中间楼层，业诚心出售,"近地铁
新上
南
民水民电",187.2,26504
宝安,桃源居,桃源居十一区,4.0,2.0,110.46,540,48886,461.0,桃源居户型方正采光好送面积多，两梯一户少有房源,"近地铁
新上
南北通
民水民电",486.0,43997
罗湖,翠竹,翠拥华庭,3.0,2.0,99.0,600,60606,477.0,诚心出售，价格可以,"近地铁
新上
南
民水民电",540.0,54545
盐田,沙头角,倚山花园（二期）,3.0,2.0,138.0,568,41159,632.0,新世界倚山花园二期。泰式园林，看花园，业主诚心出售,"近地铁
新上
南
民水民电",511.2,37043
罗湖,翠竹,愉天小区,1.0,1.0,35.0,350,100000,335.0,近期入手看这套，业主有心卖，配套齐全，租金高，谈价空间大,"近地铁
新上
南
民水民电",315.0,90000
龙华,龙华中心,壹成中心花园(六区),5.0,2.0,117.62,800,68015,,6区壹城商业拥有壹方天地A.B.C.D.E.区商业配套,"新上
南北通
民水民电
电梯房",720.0,61214
南山,华侨城,世纪村2期,4.0,2.0,220.36,2690,122072,704.0,世纪村，顶层复式，装修保养好，朝南,"近地铁
新上
东南
民水民电",2421.0,109865
宝安,碧海,碧海富通城（五期）,4.0,2.0,84.81,503,59309,725.0,好房推荐，碧海富通城五期，84平方4房，户型方正，格局合理,"近地铁
新上
东北
民水民电",452.7,53378
盐田,盐田港,中海半山溪谷花园,3.0,2.0,124.92,520,41626,829.0,半山大花园户型通透有拓宽使用率高看房提前约,"近地铁
新上
南
民水民电",468.0,37463
龙岗,布吉,信义金御半山（一期）,3.0,2.0,70.12,447,63747,527.0,信义金御半山正规三房.高楼层.精装修.业主诚售,"近地铁
新上
南
民水民电",402.3,57372
龙华,民治,龙岸花园,5.0,2.0,166.0,1200,72289,353.0,龙岸花园大平层社区定位较高，低容积高绿化自带湖景，,"近地铁
新上
南北通
民水民电",1080.0,65060
龙岗,龙岗中心城,龙岗鸿基花园,2.0,2.0,78.0,280,35897,306.0,吉祥地铁站，鸿基花园电梯两房，全新装修拎包入住看房方便,"近地铁
新上
民水民电
电梯房",252.0,32307
龙岗,布吉,龙珠花园（C区）,2.0,1.0,57.22,240,41943,561.0,交通便利装修保养好低总价,"近地铁
东
民水民电
电梯房",216.0,37749
宝安,桃源居,桃源居世外桃源,3.0,2.0,120.64,500,41445,387.0,桃源居南北通透三房，前后看花园，采光好，户型方正，住家安静,"近地铁
新上
东南
民水民电",450.0,37300
盐田,沙头角,东埔海景花园（二期）,2.0,2.0,89.16,450,50471,723.0,电梯小高层，精装修，高楼层看海景，通透户型,"近地铁
新上
西南
民水民电",405.0,45424
宝安,碧海,泰华阳光海,2.0,2.0,80.83,550,68044,255.0,碧海笋盘丨阳光海湾花园丨业主急售丨全明格局丨动静分区,"近地铁
新上
东南
民水民电",495.0,61240
罗湖,人民南,冠懋金色都汇（金色都汇）,2.0,1.0,47.0,305,64893,121.0,地铁口物业高层朝东向业主急卖,"近地铁
新上
北
民水民电",274.5,58404
龙岗,龙岗中心城,保利上城,2.0,1.0,63.0,170,26984,835.0,深中龙外书包有效，高层看花园安静，业主诚心出售,"近地铁
新上
西北
民水民电",153.0,24286
南山,前海,雷圳碧榕湾海景花园,3.0,2.0,89.0,628,70561,325.0,罗宝线-鲤鱼门  、罗宝线-大新  、环中线-前海湾,"近地铁
新上
南
民水民电",565.2,63505
龙岗,坂田,四季花城(六期南区),5.0,2.0,181.12,795,43893,535.0,万科四季花城，181平5房，复式3层，诚售，看房方便,"近地铁
新上
南
民水民电",715.5,39504
罗湖,翠竹,翠拥华庭,2.0,1.0,72.0,400,55555,477.0,翠拥华庭，业主急售，价格可以谈，近地铁，随时方便看房,"近地铁
新上
北
民水民电",360.0,50000
龙岗,布吉,中海怡翠山庄,3.0,2.0,99.0,435,43939,667.0,中海怡翠山庄三房，一楼带花园，精装，南北向，自住保养好,"近地铁
新上
南北通
民水民电",391.5,39545
龙岗,布吉,中城康桥花园（二期）,3.0,2.0,84.72,285,33640,532.0,14号快线石芽岭站中城康桥花园二期电梯三房急售,"近地铁
新上
东南
民水民电",256.5,30276
龙岗,布吉,慢城（一期）,3.0,2.0,76.6,320,41775,,生态花园社区石芽岭旁,"新上
南
民水民电
电梯房",288.0,37598
罗湖,翠竹,合正荣悦,2.0,1.0,65.68,460,70036,410.0,合正荣悦业主急售看房方便红本满五年只有一套,"近地铁
新上
西南
民水民电",414.0,63032
龙岗,布吉,信义金御半山（一期）,4.0,2.0,89.0,550,61797,527.0,布吉百鸽笼地铁口万象旁金御半山笋盘,"近地铁
新上
东南
民水民电",495.0,55617
宝安,西乡,合正汇一城,5.0,2.0,124.02,719,57974,66.0,碧海笋盘丨合正汇一城丨业主急售丨全明格局丨动静分区丨使用率高,"近地铁
新上
南
民水民电",647.1,52177
宝安,新安,灵芝新村,3.0,2.0,94.1,430,45696,362.0,灵芝新村，3房2厅，业主急卖，价格好商量,"近地铁
新上
东
民水民电",387.0,41126
宝安,碧海,广兴源圣拿威,4.0,2.0,124.93,1050,84047,812.0,法式园林 改善平层五房 南北通透 房子户型非常实用,"近地铁
新上
东南
民水民电",945.0,75642
罗湖,百仕达,东乐花园(罗湖),3.0,2.0,91.93,399,43402,393.0,东乐大三房楼层好采光保养好,"近地铁
新上
南北通
民水民电",359.1,39062
罗湖,翠竹,嘉多利花园,2.0,2.0,72.72,550,75632,598.0,深中高端小区  住家首选  再－几十个，业主全权委托,"近地铁
新上
西南
民水民电",495.0,68069
罗湖,翠竹,金丽豪苑,3.0,2.0,106.95,620,57971,319.0,深中+翠北，红本，满五年唯.一，费用少,"近地铁
新上
东南
民水民电",558.0,52174
罗湖,布心,阳光明居,3.0,2.0,92.0,548,59565,459.0,阳光明居 翠园书包地铁口  精装3房,"近地铁
新上
南
民水民电",493.2,53608
宝安,宝安中心区,深业新岸线（二期）,4.0,2.0,121.0,1030,85123,273.0,宝中深业新岸线大花园小区带人工湖,"近地铁
新上
南
民水民电",927.0,76611
南山,华侨城,世纪村3期,4.0,2.0,265.0,2098,79169,848.0,深超总部基地的大平面低总价入住，价格好户型好,"近地铁
新上
民水民电
电梯房",1888.2,71252
宝安,碧海,泰华阳光海,4.0,2.0,144.0,1450,100694,255.0,西乡泰华阳光海四房二卫东南向,"近地铁
新上
南
民水民电",1305.0,90625
龙岗,龙岗中心城,龙园大观花园（一期）,2.0,2.0,69.16,185,26749,,龙园大观，精装两房，诚心出售，价格可以谈,"新上
东南
民水民电
电梯房",166.5,24074
罗湖,翠竹,贝丽花园,3.0,2.0,90.91,440,48399,369.0,水贝珠宝商业圈贝丽花园三房两卫中间楼层,"近地铁
新上
南北通
民水民电",396.0,43559
罗湖,布心,松泉公寓,3.0,2.0,68.0,400,58823,520.0,急售房源，住家安静，降价16万，看房方便，中间楼层,"近地铁
新上
南北通
民水民电",360.0,52941
罗湖,洪湖,鹏大厦,1.0,1.0,30.32,380,125329,248.0,"业主有心卖,深中小户型，300万可谈，配套齐全，租金高","近地铁
新上
东南
民水民电",342.0,112796
罗湖,莲塘,鹏兴花园（二期）,3.0,2.0,85.73,420,48991,238.0,莲塘大社区南向三房,"近地铁
新上
南
民水民电",378.0,44092
南山,华侨城,香山美墅云颂,4.0,2.0,170.61,2180,127776,,香山美墅.1A的A户型，高尔夫花园，视野开阔,"新上
东南
民水民电
电梯房",1962.0,114998
罗湖,翠竹,嘉湖新都,1.0,1.0,31.91,315,98715,340.0,280万急售 总价低 带深中 近双地铁,"近地铁
新上
南
民水民电",283.5,88844
罗湖,莲塘,梧桐山新居（二期）,1.0,1.0,41.38,155,37457,448.0,方正实用一房，朝南向，安静舒适，罗外旁,"近地铁
新上
南
民水民电",139.5,33711
罗湖,布心,崇德雍翠华府,2.0,1.0,51.45,230,44703,488.0,好房急卖，价格可沟通，中高层采光好，满五年免个税，急售,"近地铁
新上
南北通
民水民电",207.0,40233
龙岗,龙岗中心城,保利上城,1.0,1.0,53.53,135,25219,835.0,近地铁，东南向，高层看花园，业主诚心出售,"近地铁
新上
东南
民水民电",121.5,22697
宝安,新安,新安湖花园（三期）,2.0,2.0,77.69,450,57922,425.0,新安湖花园三期   吾心安处是吾家,"近地铁
新上
民水民电
精装修",405.0,52130
南山,前海,星海名城（二期）,3.0,2.0,114.15,880,77091,754.0,星海名城二期三房，满五唯壹，全南朝向，精装，带车位,"近地铁
新上
东南
民水民电",792.0,69382
罗湖,翠竹,翠华花园,3.0,2.0,126.9,768,60520,253.0,翠华花园益田假日广场商圈翠园翠竹双书包翠竹地铁口业主诚售,"近地铁
新上
南
民水民电",691.2,54468
罗湖,人民南,双城世纪大厦,1.0,,32.0,155,48437,256.0,双城世纪带大阳台单房租金回报高 业主置换急售 罗湖口岸双地铁,"近地铁
新上
北
民水民电",139.5,43593
宝安,碧海,泰华阳光海,2.0,2.0,80.4,530,65920,255.0,西乡碧海湾地铁口，阳光海2房急售,"近地铁
新上
西南
民水民电",477.0,59328
宝安,桃源居,桃源居十五区,6.0,2.0,221.63,1350,60912,518.0,桃源居15区 赠送超多东南向大平层 端头位 业主降价出售,"近地铁
新上
南北通
民水民电",1215.0,54821
罗湖,黄贝岭,深业东岭花园（二期）,3.0,2.0,106.97,750,70113,435.0,深业东岭二期106大三房好楼层视野开阔业主置换诚售,"近地铁
新上
南
民水民电",675.0,63102
罗湖,翠竹,翠竹苑,2.0,1.0,52.0,245,47115,326.0,翠竹苑，翠竹小學未用，精装修，2楼，找我价格可捡漏！！！,"近地铁
新上
南
民水民电",220.5,42404
罗湖,笋岗,嘉宝田花园二期,2.0,2.0,68.0,450,66176,643.0,嘉宝田花园，精装修东向两室，业主诚心出售价格好商量,"近地铁
新上
东
民水民电",405.0,59558
罗湖,莲塘,金色年华家园,1.0,1.0,37.79,168,44456,490.0,"金色年华家园,高楼层，精装大一房，红本五年，看房方便","近地铁
新上
东
民水民电",151.2,40010
南山,华侨城,世纪村2期,4.0,2.0,153.3,1280,83496,704.0,小高层使用率高，送30平入户花园，装修保养好，业主急售,"近地铁
新上
西南
民水民电",1152.0,75146
龙岗,龙岗中心城,保利上城,1.0,1.0,43.9,119,27107,835.0,保利上城 地铁口 稀有小户型房源 书包有效 红本在手 交易快,"近地铁
南
民水民电
电梯房",107.1,24396
南山,前海,泛海拉菲花园（一期）,3.0,2.0,73.42,550,74911,233.0,地铁口   泛海拉菲花园   精装三房,"近地铁
新上
南
民水民电",495.0,67420
盐田,梅沙,东部华侨城天麓（三区）,4.0,2.0,241.33,1680,69614,,三区精装别墅，大花园，户型方正，位置安静,"东南
民水民电
拎包入住
精装修",1512.0,62653
罗湖,黄贝岭,深业东岭花园（二期）,3.0,2.0,103.75,919,88578,435.0,近地铁，大三房，室内豪装，拎包入住，180度山景，居家好房，,"近地铁
新上
西北
民水民电",827.1,79720
盐田,梅沙,东部华侨城天麓（三区）,4.0,2.0,250.0,2000,80000,,华侨城天麓别墅,"新上
南北通
民水民电",1800.0,72000
盐田,沙头角,君临海域（一期）,2.0,2.0,62.72,300,47831,418.0,【生活配套】精贸城100米，万科壹海城商业综合体,"近地铁
东南
民水民电
电梯房",270.0,43048
盐田,沙头角,碧桐湾,2.0,2.0,64.3,276,42923,296.0,附近配有大型商超，生活购物方便，富有生活气息,"近地铁
新上
西南
民水民电",248.4,38631
盐田,沙头角,东埔海景花园（二期）,2.0,2.0,73.34,358,48813,723.0,东埔海景花园，周边有大型商场超市，生活购物便利,"近地铁
新上
西北
民水民电",322.2,43932
盐田,梅沙,万科东海岸三期（云山居）,3.0,2.0,80.63,400,49609,,为万科精装复式，拎包即住，诚意出售,"南
民水民电
电梯房
精装修",360.0,44648
盐田,梅沙,万科东海岸四期（达观居）,1.0,1.0,60.63,260,42883,,万科精装大1房，送10平露台花园，急售,"东
民水民电
电梯房
精装修",234.0,38595
盐田,梅沙,万科东海岸四期（达观居）,3.0,2.0,88.0,480,54545,,万科东海岸四期，海景很漂亮，红本满五年，高楼层视野好,"新上
南
民水民电
电梯房",432.0,49090
盐田,梅沙,万科东海岸四期（达观居）,2.0,2.0,88.0,450,51136,,万科东海岸四期，可以出租出售，满五年红本，,"新上
南
民水民电
电梯房",405.0,46022
盐田,梅沙,万科东海岸四期（达观居）,2.0,2.0,88.0,360,40909,,万科东海岸，精装端头2房，红本满五年,"新上
南
民水民电
电梯房",324.0,36818
罗湖,莲塘,四季御园（新世界四季御园）,1.0,1.0,50.0,290,58000,340.0,新世界四季御园，精装1好房，装修保养好，看房方便,"近地铁
新上
北
民水民电",261.0,52200
罗湖,莲塘,四季御园（新世界四季御园）,3.0,2.0,88.96,500,56205,340.0,新世界四季御园，好房，3房装修保养好，看房方便,"近地铁
新上
南
民水民电",450.0,50584
罗湖,莲塘,四季御园（新世界四季御园）,4.0,2.0,103.0,600,58252,340.0,新世界四季御园，精装3房，高层装修保养好，看房方便,"近地铁
新上
南
民水民电",540.0,52427
罗湖,莲塘,四季御园（新世界四季御园）,3.0,2.0,80.82,500,61865,340.0,新世界四季御园，精装好3房，高层装修保养好，看房方便,"近地铁
新上
南
民水民电",450.0,55678
罗湖,莲塘,四季御园（新世界四季御园）,4.0,2.0,152.0,900,59210,340.0,新世界四季御园，精装好房，复试豪华装修保养好，看房方便,"近地铁
北
民水民电
电梯房",810.0,53289
罗湖,莲塘,四季御园（新世界四季御园）,2.0,2.0,62.0,350,56451,340.0,新世界四季御园，精装2房，装修保养好，看房方便,"近地铁
新上
北
民水民电",315.0,50806
罗湖,莲塘,四季御园（新世界四季御园）,3.0,2.0,76.0,490,64473,340.0,新世界四季御园，精装3房，装修保养好，看房方便,"近地铁
新上
南
民水民电",441.0,58026
盐田,盐田港,金港盛世华庭,2.0,2.0,66.68,220,32993,969.0,周边有大型商场超市，生活购物便利,"近地铁
新上
南
民水民电",198.0,29694
罗湖,莲塘,四季御园（新世界四季御园）,3.0,2.0,80.0,500,62500,340.0,新世界四季御园，精装好房，看房方便,"近地铁
新上
南
民水民电",450.0,56250
罗湖,莲塘,四季御园（新世界四季御园）,3.0,2.0,78.3,480,61302,340.0,四季御园，精装好2房，装修保养好，看房方便,"近地铁
新上
南
民水民电",432.0,55172
罗湖,莲塘,四季御园（新世界四季御园）,2.0,2.0,68.09,400,58745,340.0,新世界四季御园，精装好2房，装修保养好，诚心卖,"近地铁
新上
东南
民水民电",360.0,52870
罗湖,莲塘,四季御园（新世界四季御园）,3.0,2.0,88.0,600,68181,340.0,新世界四季御园，精装好3房，新装修保养好，看房方便,"近地铁
新上
北
民水民电",540.0,61363
罗湖,莲塘,四季御园（新世界四季御园）,5.0,2.0,150.64,760,50451,340.0,新世界四季御园，精装好房，复试豪华装修保养好，方便看房,"近地铁
新上
南北通
民水民电",684.0,45406
罗湖,莲塘,四季御园（新世界四季御园）,3.0,2.0,81.0,500,61728,340.0,新世界四季御园，1高层精装好房，装修保养好，看房方便,"近地铁
新上
南
民水民电",450.0,55555
罗湖,莲塘,四季御园（新世界四季御园）,2.0,1.0,49.54,320,64594,340.0,新世界四季御园，精装好1房，保养好，看房有钥匙,"近地铁
新上
北
民水民电",288.0,58135
南山,前海,雷圳碧榕湾海景花园,1.0,1.0,40.05,300,74906,325.0,前海雷圳碧榕湾海景花园一房一厅老客户诚心卖红本在手价格可以谈,"近地铁
新上
西
民水民电",270.0,67415
盐田,沙头角,倚山花园（三期）,2.0,2.0,87.0,380,43678,632.0,倚山花园。地铁海山站。出行便捷。旁边田东,"近地铁
新上
西南
民水民电",342.0,39310
罗湖,莲塘,四季御园（新世界四季御园）,3.0,2.0,75.0,420,56000,340.0,口岸物业，临近地铁口，出行便利。户型使用高,"近地铁
新上
南
民水民电",378.0,50400
罗湖,莲塘,名骏豪庭,3.0,2.0,86.0,480,55813,703.0,名骏豪庭 满五 南北通透 小区绿化高，随时可以看房,"近地铁
新上
北
民水民电",432.0,50232
罗湖,莲塘,名骏豪庭,2.0,2.0,67.0,320,47761,703.0,热门小区，名骏豪庭，业主换房急售，靠近莲南，随时可以看房,"近地铁
南
民水民电
电梯房",288.0,42985
盐田,沙头角,倚山花园（二期）,2.0,2.0,74.69,280,37488,632.0,大花园 少有电梯小高层 朝南采光通透 诚意出售,"近地铁
新上
西南
民水民电",252.0,33739
盐田,沙头角,君临海域（一期）,3.0,2.0,78.67,600,76267,418.0,居住环境舒适。小区安静,"近地铁
西南
民水民电
电梯房",540.0,68640
罗湖,莲塘,四季御园（新世界四季御园）,4.0,2.0,134.0,1100,82089,340.0,罗湖新世界四季御园好房子看房约,"近地铁
新上
南
民水民电",990.0,73880
罗湖,莲塘,鹏兴花园（五期）,3.0,2.0,72.69,385,52964,632.0,鹏兴花园(五期) 近地铁 有电梯 精装可拎包入住 小三居,"近地铁
新上
南
民水民电",346.5,47668
罗湖,莲塘,鹏兴花园（五期）,3.0,2.0,73.0,400,54794,632.0,鹏兴花园(五期) 车位充足 原视格局 精装可拎包入住 商品房,"近地铁
新上
南
民水民电",360.0,49315
盐田,梅沙,万科东海岸四期（商业别墅）,4.0,3.0,163.97,1280,78063,,万科东海岸别墅，上下3层带天台花园，前后院子，住家适合,"新上
南
民水民电
带家电",1152.0,70257
盐田,梅沙,万科东海岸三期（云山居）,3.0,2.0,145.5,750,51546,,万科东海岸三期，带50多平天台花园，大梅沙景观尽收眼底,"新上
东南
民水民电
电梯房",675.0,46391
盐田,梅沙,万科东海岸四期（达观居）,2.0,1.0,89.55,450,50251,,万科东海岸四起，户型通透实用可改3房，红本满五年,"新上
南
民水民电
电梯房",405.0,45226
盐田,沙头角,碧桐湾,2.0,1.0,65.0,320,49230,296.0,碧桐湾 大两房 高楼层采光充足 通透 精装修，看房随时都可以,"近地铁
新上
东南
民水民电",288.0,44307
盐田,梅沙,万科东海岸二期(齐山居),4.0,2.0,165.5,550,33232,,万科东海岸二期，安静犹如远离城市喧嚣，养老住家看过来,"新上
东南
民水民电
电梯房",495.0,29909
盐田,沙头角,君临海域（一期）,2.0,2.0,67.6,230,34023,418.0,端头户型 看日出海景房,"近地铁
新上
东南
民水民电",207.0,30621
盐田,梅沙,万科东海岸四期（天逸居）,5.0,4.0,416.0,2800,67307,,万科东海岸独栋别墅，上下4层，实用1000多平,"南
民水民电
电梯房",2520.0,60576
盐田,沙头角,君临海域（一期）,5.0,2.0,244.0,978,40081,418.0,君临海域，海景大平层，4房双套间，诚意出售,"近地铁
新上
南
民水民电",880.2,36073
盐田,梅沙,万科东海岸四期（海逸居）,5.0,3.0,247.46,1800,72739,,万科东海岸别墅，收官之作，看海景很漂亮，红本满五年,"新上
东南
民水民电",1620.0,65465
盐田,梅沙,万科东海岸四期（海逸居）,5.0,2.0,223.03,1800,80706,,万科东海岸别墅，南向入户，上下4层加一层天台，红本满五年,"新上
民水民电
拎包入住
精装修",1620.0,72635
盐田,梅沙,万科东海岸四期（海逸居）,5.0,3.0,222.81,1700,76298,,万科东海岸别墅，可以做6——7层，实用700平，满五年红本,"南
民水民电",1530.0,68668
盐田,梅沙,万科东海岸二期(云山居),4.0,2.0,188.87,1000,52946,,背山面海大平层，两梯2户，万科东海岸小高层，红本满五年,"民水民电
电梯房",900.0,47651
盐田,沙头角,君临海域（一期）,3.0,2.0,78.67,650,82623,418.0,南北通透3房 带前后阳台,"近地铁
南
民水民电
电梯房",585.0,74361
盐田,梅沙,万科东海岸三期（悠翠居）,4.0,2.0,203.0,880,43349,,万科东海岸三期，海景别墅，上下3层，带私家花园,"新上
南
民水民电",792.0,39014
盐田,沙头角,倚山花园（三期）,3.0,2.0,133.0,630,47368,632.0,倚山花园。精装修。环境舒适，业主诚心出售。看房电话,"近地铁
新上
东南
民水民电",567.0,42631
盐田,沙头角,东埔海景花园（二期）,4.0,2.0,101.0,550,54455,723.0,东埔海景花园小区，价格可谈，配套齐全，交通便利,"近地铁
西北
民水民电
电梯房",495.0,49010
宝安,碧海,碧海富通城（二期）,4.0,2.0,150.0,1200,80000,743.0,百万豪装，富通城二期，大花园，三阳台，南北通透大四房,"近地铁
新上
民水民电
电梯房",1080.0,72000
宝安,碧海,华丰前海湾（一期）,3.0,2.0,82.97,590,71110,814.0,热门成交！华丰前海湾3房2卫，业主诚心卖，高层采光好,"近地铁
新上
南北通
民水民电",531.0,63999
龙岗,龙岗中心城,公园大地花园,4.0,2.0,163.0,880,53987,953.0,公园大地 靠山4+1房 中间楼层 满五年 价格可谈 诚心出售,"近地铁
新上
南
民水民电",792.0,48588
罗湖,百仕达,百仕达花园一期,4.0,2.0,191.27,1400,73194,461.0,百仕达花园顶楼复试，带个大院子，南北通透，享受生活,"近地铁
南北通
民水民电
电梯房",1260.0,65875
龙岗,龙岗中心城,保利上城,2.0,1.0,53.0,200,37735,835.0,业主向市场妥协！地铁口刚降价房源，精装，满五年急售，价格私聊,"近地铁
新上
北
民水民电",180.0,33962
罗湖,翠竹,泊林花园,2.0,2.0,61.0,320,52459,334.0,临近地铁，随时看房，交通便利，采光好,"近地铁
新上
西南
民水民电",288.0,47213
宝安,新安,流塘阳光花园,3.0,2.0,72.0,480,66666,301.0,流塘阳光花园.流塘地铁站次新标杆.精装修.满五年税费少,"近地铁
新上
南
民水民电",432.0,59999
罗湖,百仕达,旭飞华达园,1.0,1.0,48.42,245,50598,510.0,业主大降10万，配套齐全，随时看房,"近地铁
新上
北
民水民电",220.5,45538
宝安,宝安中心区,花样年花乡,2.0,1.0,52.0,360,69230,564.0,花样年花园.住家氛围优越.户型方正实用.装修豪华.看房方便,"近地铁
新上
民水民电
电梯房",324.0,62307
宝安,桃源居,桃源居六区,3.0,2.0,84.53,380,44954,837.0,桃源居新小区车位多视野很好送面积多,"近地铁
东南
民水民电
电梯房",342.0,40459
宝安,宝安中心区,壹方中心·玖誉(三期),3.0,2.0,95.0,1290,135789,250.0,新上架房源业主诚心出售看房提前约,"近地铁
新上
东北
民水民电",1161.0,122210
宝安,碧海,碧海富通城（二期）,5.0,2.0,144.5,920,63667,743.0,富通城二期大户型4房，南北通透户型，采光通风好，高层,"近地铁
新上
民水民电
电梯房",828.0,57300
罗湖,莲塘,梧桐山新居（二期）,1.0,,24.3,103,42386,448.0,梧桐山新居 精装温馨1居室 红本5年 高层采光,"近地铁
新上
北
民水民电",92.7,38147
坪山,坪山中心区,龙光玖云著大楼,2.0,2.0,51.0,82,16078,295.0,项目位于坪山区，离坪山高铁站很近，同享多维度交通体系,"近地铁
新上
东
民水民电",73.8,14470
龙岗,布吉,龙珠花园（B区）,2.0,2.0,58.47,140,23943,502.0,三地铁口，经典两房，户型方正，满五唯一，税费少，诚心出售！,"近地铁
新上
东
民水民电",126.0,21549
龙岗,龙岗中心城,保利上城,3.0,2.0,89.0,438,49213,835.0,业主向市场妥协！地铁口刚降价房源，精装，满五年急售，价格私聊,"近地铁
新上
南
民水民电",394.2,44292
龙岗,龙岗中心城,保利上城,5.0,2.0,185.48,900,48522,835.0,业主向市场妥协！地铁口刚降价房源，精装，满五年急售，价格私聊,"近地铁
新上
南北通
民水民电",810.0,43670
福田,红树湾,中信红树湾花城北区,1.0,1.0,55.0,420,76363,592.0,位置安静.配套齐全,"近地铁
新上
北
民水民电",378.0,68727
福田,香蜜湖,兰江山第,5.0,2.0,247.0,2500,101214,,香蜜湖半山次新房，新上五房大平层，实用面积大，业主诚心出售,"新上
南
民水民电
电梯房",2250.0,91093
福田,香蜜湖,东海国际公寓,2.0,2.0,143.0,1050,73426,409.0,香蜜湖东海国际2房，看一线海景，户户南向，通风采光好,"近地铁
新上
南
民水民电",945.0,66083
龙岗,布吉,桂芳园（六期）,2.0,2.0,76.0,280,36842,564.0,大芬地铁，桂芳园六期，东南向看花园，阳光充足安静,"近地铁
新上
东南
民水民电",252.0,33158
宝安,桃源居,桃源居六区,4.0,2.0,169.0,850,50295,837.0,桃源居六区位于宝安区西乡户型方正视野开阔,"近地铁
新上
南
民水民电",765.0,45266
福田,上下沙,蓝湾半岛,3.0,2.0,128.14,990,77259,424.0,蓝湾半岛中间位置 安静看海景和小区园景 南向厅出大阳台,"近地铁
新上
南
民水民电",891.0,69533
罗湖,人民南,新银座华庭,1.0,1.0,31.25,160,51200,128.0,新银座，精装一房一厅，业主诚心出售，看房方便,"近地铁
新上
北
民水民电",144.0,46080
龙岗,龙岗中心城,万象天成（盛龙花园二期）,1.0,1.0,55.76,150,26901,760.0,业主向市场妥协！地铁口刚降价房源，精装，满五年急售，价格私聊,"近地铁
新上
南
民水民电",135.0,24211
龙华,民治,春华四季园（二期）,5.0,3.0,157.76,980,62119,661.0,;四馆 展览馆 演艺馆 图书馆 美术馆,"近地铁
新上
南
民水民电",882.0,55907
罗湖,翠竹,泊林花园,1.0,1.0,43.87,260,59266,334.0,水贝珠宝，交通便利,"近地铁
新上
南
民水民电",234.0,53339
罗湖,翠竹,泊林花园,1.0,1.0,45.51,250,54932,334.0,诚心出售，价格可议。水贝珠宝,"近地铁
西
民水民电
电梯房",225.0,49439
罗湖,翠竹,泊林花园,1.0,1.0,46.55,290,62298,334.0,诚心出售，价格可议,"近地铁
东
民水民电
电梯房",261.0,56068
罗湖,翠竹,泊林花园,1.0,2.0,43.87,320,72942,334.0,诚心出售，价格可议，水贝珠宝,"近地铁
东北
民水民电
电梯房",288.0,65648
罗湖,翠竹,泊林花园,1.0,1.0,47.03,260,55283,334.0,诚心出售，价格可议,"近地铁
新上
东北
民水民电",234.0,49755
罗湖,翠竹,泊林花园,1.0,1.0,45.0,240,53333,334.0,水贝珠宝，交通便利，诚心出售,"近地铁
新上
东北
民水民电",216.0,48000
罗湖,百仕达,百仕达花园五期(乐湖),2.0,2.0,87.23,470,53880,768.0,百仕达乐湖，业主有心卖，配套齐全，可谈价，配套齐全,"近地铁
新上
东北
民水民电",423.0,48492
龙岗,布吉,万科红（海轩广场）,1.0,1.0,40.0,173,43250,483.0,万科红新上笋盘（业主忍痛割爱）装修保养好，看房方便,"近地铁
新上
东南
民水民电",155.7,38925
龙岗,龙岗中心城,万科天誉花园（二期）,4.0,2.0,125.0,650,52000,372.0,万科天誉125平中高楼层满五红本在手业主诚心出售,"近地铁
新上
南
民水民电",585.0,46800
宝安,西乡,润恒尚园,4.0,2.0,151.2,950,62830,,宝安碧海湾公园旁151平精装五房三卫诚意急售,"新上
南北通
民水民电
电梯房",855.0,56547
龙岗,龙岗中心城,公园大地花园,3.0,2.0,110.71,700,63228,953.0,公园大地精装3房 楼层佳 采光好,"近地铁
新上
南北通
民水民电",630.0,56905
龙岗,龙岗中心城,保利上城,4.0,2.0,124.0,630,50806,835.0,保利上城 深中跟外国语书包有效 户型方正实用 满五年,"近地铁
新上
南北通
民水民电",567.0,45725
龙岗,大运,中海康城花园,2.0,2.0,70.53,300,42535,,中海塞纳精装厅出阳台两房,"新上
南
民水民电
电梯房",270.0,38282
盐田,沙头角,倚山花园（三期）,3.0,2.0,88.84,315,35457,632.0,倚山花园，东南向3房，看山海景，阳台大，急售，看房方便,"近地铁
新上
东北
民水民电",283.5,31911
盐田,沙头角,君临海域（二期）,3.0,2.0,81.57,410,50263,395.0,君临海域小区，价格可谈，配套齐全，交通便利,"近地铁
南
民水民电
电梯房",369.0,45237
宝安,桃源居,桃源居十六区,5.0,2.0,82.95,600,72332,543.0,桃源居 盛景园16区顶楼复式 买一层得一层满五税少 诚心售,"近地铁
新上
东南
民水民电",540.0,65099
南山,华侨城,锦绣花园三期,4.0,2.0,170.0,1750,102941,375.0,"锦绣花园安静精装特价房,业主急卖，看房方便","近地铁
新上
东南
民水民电",1575.0,92647
罗湖,黄贝岭,凤凰印象,1.0,1.0,41.25,305,73939,381.0,降价15万，配套齐全，随时看房,"近地铁
新上
南
民水民电",274.5,66545
罗湖,布心,翡翠园山湖居一期,2.0,2.0,64.08,360,56179,383.0,业主急卖，随时可以看房，居家首选,"近地铁
新上
南
民水民电",324.0,50561
盐田,沙头角,倚山花园（三期）,2.0,2.0,84.67,400,47242,632.0,倚山花园，东南向，大2房，客厅正出阳台，诚意出售，看房方便,"近地铁
新上
东南
民水民电",360.0,42518
宝安,碧海,华丰前海湾（二期）,5.0,2.0,165.63,1394,84163,748.0,宝安碧海华丰前海湾二期精装安静五房诚心出售,"近地铁
新上
南
民水民电",1254.6,75747
罗湖,百仕达,旭飞华达园,1.0,1.0,20.84,145,69577,510.0,户型方正带阳台，采光通风佳,"近地铁
北
民水民电
电梯房",130.5,62619
罗湖,百仕达,旭飞华达园,1.0,,21.7,160,73732,510.0,旭飞华达园户型方正带阳台，采光通风佳。,"近地铁
北
民水民电
电梯房",144.0,66359
罗湖,百仕达,旭飞华达园,1.0,,23.42,130,55508,510.0,旭飞华达园户型方正带阳台，采光通风,"近地铁
新上
北
民水民电",117.0,49957
罗湖,布心,翡翠园山湖居二期,4.0,2.0,151.0,698,46225,516.0,近期入手看这套，业主急卖，配套齐全，中间楼层，采光好,"近地铁
新上
南
民水民电",628.2,41602
宝安,桃源居,桃源居十五区,4.0,2.0,130.0,580,44615,518.0,满五年红本在手！看房随时方便，住家舒适，南北通透采光佳拎包住,"近地铁
新上
南北通
民水民电",522.0,40154
宝安,新安,勤诚达22世纪(和园),4.0,2.0,125.49,1030,82078,220.0,户型方正 通风采光好 近地铁 配套成熟,"近地铁
新上
东南
民水民电",927.0,73870
罗湖,百仕达,旭飞华达园,1.0,1.0,20.84,120,57581,510.0,旭飞华达园邻水贝国际珠宝交易商圈，想出租租客源源不断,"近地铁
新上
北
民水民电",108.0,51823
罗湖,布心,松泉公寓,2.0,2.0,61.4,400,65146,520.0,畔山物业空气清新，背靠围岭山生态公园,"近地铁
新上
南
民水民电",360.0,58631
罗湖,布心,松泉公寓,2.0,2.0,59.15,460,77768,520.0,畔山物业空气清新，背靠围岭山生态公园，,"近地铁
南北通
民水民电
带家电",414.0,69991
罗湖,布心,松泉公寓,3.0,2.0,61.36,510,83116,520.0,背靠围岭山生态公园，小区内有儿童娱乐设施和健身设施,"近地铁
南北通
民水民电
精装修",459.0,74804
罗湖,布心,松泉公寓,2.0,2.0,60.23,480,79694,520.0,小区内有儿童娱乐设施和健身设施，有菜市场和生活超市,"近地铁
南
民水民电
电梯房",432.0,71725
龙岗,龙岗中心城,中央悦城,4.0,2.0,129.0,420,32558,320.0,业主向市场妥协！地铁口刚降价房源，精装，满五年急售，价格私聊,"近地铁
南
民水民电
电梯房",378.0,29302
罗湖,布心,阳光明居,2.0,2.0,73.97,460,62187,459.0,320宛，业主有心卖，配套齐全，租金高，采光通透，可谈价,"近地铁
南
民水民电
电梯房",414.0,55968
罗湖,布心,阳光明居,2.0,2.0,74.58,550,73746,459.0,业主急卖，配套齐全，采光通透，租金高，可谈价,"近地铁
新上
南
民水民电",495.0,66371
盐田,梅沙,东部华侨城天麓（三区）,3.0,2.0,230.42,800,34719,,天麓三区使用率高，舒适生活,"南
民水民电
精装修",720.0,31247
罗湖,翠竹,怡泰大厦,2.0,1.0,53.31,400,75032,339.0,附近有大型商超，满足日常生活需求,"近地铁
新上
南
民水民电",360.0,67529
罗湖,黄贝岭,新秀村南109号大院,3.0,2.0,85.58,375,43818,299.0,业主急卖，随时可以看房，居家首选。,"近地铁
南北通
民水民电
精装修",337.5,39436
罗湖,布心,松泉公寓,2.0,1.0,71.87,360,50090,520.0,附近双地铁口，四通八达，交通便利，出行方便,"近地铁
新上
民水民电
精装修",324.0,45081
罗湖,布心,松泉公寓,2.0,1.0,71.95,370,51424,520.0,周边有公园，自然环境好，运动便利享受生活,"近地铁
南
民水民电
精装修",333.0,46282
罗湖,人民南,新银座华庭,3.0,1.0,77.0,400,51948,128.0,业主急卖，降价13，随时看房,"近地铁
新上
民水民电
电梯房",360.0,46753
罗湖,布心,松泉公寓,2.0,2.0,55.21,400,72450,520.0,洪湖公园、围岭山公园畔山物业空气清新,"近地铁
南
民水民电
精装修",360.0,65205
罗湖,布心,松泉公寓,2.0,1.0,61.0,430,70491,520.0,畔山物业空气清新，背靠围岭山生态公园,"近地铁
新上
北
民水民电",387.0,63442
罗湖,翠竹,龙屋,3.0,2.0,87.88,550,62585,550.0,房产证在手，无按揭，迅速过户，免除赎楼费用,"近地铁
南
民水民电
拎包入住",495.0,56326
宝安,新安,中洲华府（二期）,4.0,2.0,150.0,1350,90000,353.0,4房户型 通风采光好 使用率高 配套成熟 价格可谈,"近地铁
新上
南北通
民水民电",1215.0,81000
南山,西丽,深云村,2.0,1.0,70.0,665,95000,189.0,深云村南向3+1房，高楼层视野好 看园林景观,"近地铁
新上
民水民电
电梯房",598.5,85500
龙岗,布吉,信义假日名城(五期B山翠居),3.0,2.0,106.7,500,46860,676.0,信义假日名城五期 春蕾百合外国语对面 满五年 价可谈 户型好,"近地铁
新上
南
民水民电",450.0,42174
宝安,西乡,白金假日公寓,2.0,2.0,45.95,350,76169,219.0,白金假日 生活配套较完善，交通便利，近地铁一号线坪洲站,"近地铁
新上
南
民水民电",315.0,68552
罗湖,洪湖,源兴居,2.0,2.0,81.69,580,71000,325.0,源兴居洪湖地铁站旁，交通便利,"近地铁
南
民水民电
电梯房",522.0,63900
宝安,宝安中心区,幸福海岸（二期）,4.0,2.0,156.0,1300,83333,299.0,南北通大户型，高楼层超赞景观视野，大客厅大主卧，宝体站地铁口,"近地铁
新上
南北通
民水民电",1170.0,75000
罗湖,百仕达,百仕达花园一期,7.0,2.0,307.66,2100,68257,196.0,周边有大型超市，生活便利，适合居家,"近地铁
新上
东南
民水民电",1890.0,61431
罗湖,百仕达,君逸华府,3.0,2.0,105.54,1280,121281,541.0,附近有大型商超，满足日常生活需求,"近地铁
南
民水民电
电梯房",1152.0,109153
罗湖,百仕达,百仕达花园一期,5.0,2.0,194.16,1700,87556,461.0,房产证在手上，该房源没按揭贷款或抵押。,"近地铁
南
民水民电
电梯房",1530.0,78800
罗湖,百仕达,君逸华府,4.0,2.0,154.0,960,62337,541.0,周边有大型超市，生活便利，适合居家,"近地铁
新上
南
民水民电",864.0,56103
罗湖,百仕达,君逸华府,2.0,2.0,79.45,485,61044,541.0,物业生活服务有保障，安全性强,"近地铁
新上
南
民水民电",436.5,54940
罗湖,百仕达,君逸华府,2.0,2.0,72.33,550,76040,541.0,满五唯一，费用低，过户速度快,"近地铁
新上
南
民水民电",495.0,68436
罗湖,百仕达,君逸华府,2.0,2.0,66.72,520,77937,541.0,附近配有大型商超，生活购物方便，富有生活气息,"近地铁
新上
南
民水民电",468.0,70143
罗湖,百仕达,君逸华府,3.0,2.0,97.54,760,77916,541.0,周边有大型商场超市，生活购物便利,"近地铁
新上
南
民水民电",684.0,70124
罗湖,百仕达,君逸华府,2.0,2.0,72.1,540,74895,541.0,房产证在手，无按揭，迅速过户，免除赎楼费用,"近地铁
新上
东北
民水民电",486.0,67406
罗湖,洪湖,源兴居,2.0,2.0,81.69,465,56922,325.0,近期入手看这套，业主有心卖，配套齐全，采光通透,"近地铁
新上
南
民水民电",418.5,51230
罗湖,洪湖,源兴居,2.0,2.0,82.0,480,58536,325.0,近期入手看这套，业主有心卖，配套齐全，采光通透,"近地铁
新上
东
民水民电",432.0,52682
罗湖,洪湖,源兴居,3.0,2.0,93.0,480,51612,325.0,源兴居，近期入手看这套，业主有心卖，配套齐全，采光通透,"近地铁
新上
东北
民水民电",432.0,46451
罗湖,洪湖,源兴居,2.0,2.0,81.69,400,48965,325.0,源兴居，270宛，近期入手看这套，业主有心卖，配套齐全,"近地铁
南
民水民电
电梯房",360.0,44068
罗湖,洪湖,源兴居,2.0,2.0,81.0,390,48148,325.0,源兴居，近期入手看这套，业主有心卖，配套齐全，采光通透,"近地铁
新上
东
民水民电",351.0,43333
罗湖,洪湖,源兴居,3.0,2.0,92.94,580,62405,325.0,近期入手看这套，业主有心卖，配套齐全，采光通透,"近地铁
新上
东北
民水民电",522.0,56164
罗湖,百仕达,百仕达花园一期,3.0,2.0,105.45,800,75865,461.0,诚心出售，价格可议,"近地铁
新上
南
民水民电",720.0,68278
罗湖,翠竹,翠竹苑,2.0,1.0,66.0,500,75757,326.0,附近有大型商超，满足日常生活需求,"近地铁
新上
南
民水民电",450.0,68181
罗湖,翠竹,翠竹苑,2.0,1.0,56.67,500,88230,326.0,一楼大院子，300宛，主有心卖，谈价空间大，配套齐全，租金高,"近地铁
南
民水民电
拎包入住",450.0,79407
罗湖,翠竹,翠竹苑,2.0,2.0,52.02,420,80738,326.0,业主有心卖，谈价空间大，配套齐全，租金高，采光通透,"近地铁
南
民水民电
电梯房",378.0,72664
罗湖,翠竹,翠竹苑,2.0,2.0,49.8,420,84337,326.0,业主有心卖，谈价空间大，配套齐全，租金高，采光通透,"近地铁
南
民水民电
精装修",378.0,75903
罗湖,翠竹,翠竹苑,2.0,2.0,52.02,450,86505,326.0,230万近期入手看这套，业主急卖，配套齐全，采光通透，租金高,"近地铁
新上
南
民水民电",405.0,77854
罗湖,翠竹,翠竹苑,2.0,1.0,52.02,370,71126,326.0,近期入手看这套，业主急卖，配套齐全，采光通透，租金高,"近地铁
南
民水民电
电梯房",333.0,64013
罗湖,人民南,新银座华庭,2.0,1.0,66.0,350,53030,128.0,费用少，降价11万，住家安静，配套成熟，大社区,"近地铁
新上
北
民水民电",315.0,47727
罗湖,黄贝岭,靖轩豪苑,2.0,2.0,69.71,495,71008,315.0,费用少，降价20万，住家安静，配套成熟，大社区,"近地铁
西南
民水民电
电梯房",445.5,63907
罗湖,黄贝岭,深业东岭花园（一期）,2.0,2.0,62.0,350,56451,435.0,东岭急售两房，仅卖295万，翠园本部，地铁口,"近地铁
新上
东
民水民电",315.0,50806
罗湖,翠竹,翠竹苑,2.0,2.0,66.03,450,68150,326.0,翠竹苑，无需延期，280宛2房，中间楼层，采光通透,"近地铁
新上
南
民水民电",405.0,61335
罗湖,翠竹,翠竹苑,2.0,2.0,47.38,300,63317,326.0,180宛，业主有心卖，谈价空间大，配套齐全，租金高,"近地铁
南
民水民电
电梯房",270.0,56985
罗湖,布心,淘金山湖景花园二期,5.0,2.0,159.53,1750,109697,856.0,房产证在手，无按揭，迅速过户，免除赎楼费用,"近地铁
新上
南北通
民水民电",1575.0,98727
福田,梅林关,星河丹堤花园,3.0,2.0,93.0,690,74193,516.0,新装修大两房，独门独户，住家安静，业主诚心卖,"近地铁
东北
民水民电
电梯房",621.0,66774
罗湖,翠竹,翠竹苑,2.0,1.0,52.02,390,74971,326.0,业主房产证已满五年，且只有一套房产,"近地铁
南
民水民电
带家电",351.0,67474
罗湖,翠竹,翠竹苑,2.0,2.0,50.0,380,76000,326.0,附近配有大型商超，生活购物方便，富有生活气息,"近地铁
南
民水民电
电梯房",342.0,68400
盐田,沙头角,君临海域（二期）,3.0,2.0,78.56,580,73828,395.0,房子诚心出售，看房方便，价格可以商量,"近地铁
南北通
民水民电
电梯房",522.0,66445
罗湖,百仕达,君逸华府,2.0,2.0,79.0,450,56962,541.0,红本  满五唯一   看房很方便,"近地铁
南
民水民电
精装修",405.0,51266
罗湖,翠竹,翠竹苑,2.0,2.0,50.0,450,90000,326.0,出门即是地铁，周边交通便利，小区近地铁,"近地铁
新上
南
民水民电",405.0,81000
罗湖,翠竹,翠竹苑,2.0,2.0,76.46,598,78210,326.0,房产证在手，无按揭，迅速过户，免除赎楼费用,"近地铁
新上
南
民水民电",538.2,70389
罗湖,翠竹,翠竹苑,2.0,2.0,65.0,460,70769,326.0,周边有大型超市，生活便利，适合居家,"近地铁
新上
南
民水民电",414.0,63692
罗湖,翠竹,翠竹苑,2.0,1.0,52.02,370,71126,326.0,业主房产证已满五年，且只有一套房产,"近地铁
南
民水民电
拎包入住",333.0,64013
罗湖,翠竹,鹏城合正星园,2.0,2.0,74.0,750,101351,420.0,周边有大型超市，生活便利，适合居家,"近地铁
新上
南
民水民电",675.0,91216
罗湖,翠竹,鹏城合正星园,6.0,2.0,107.0,1130,105607,420.0,满五唯一，税费优惠，节省购房资金,"近地铁
南
民水民电
电梯房",1017.0,95046
罗湖,翠竹,翠拥华庭,1.0,1.0,37.0,280,75675,477.0,近公园天然氧吧，绿化好，空气清新,"近地铁
新上
北
民水民电",252.0,68108
宝安,桃源居,桃源居世外桃源,4.0,2.0,155.21,620,39945,387.0,桃源居世外桃源小高层超大四房南北通透业主诚心出售,"近地铁
民水民电
精装修",558.0,35950
罗湖,莲塘,鹏兴花园（一期）,4.0,2.0,170.31,800,46973,233.0,业主直降16万，配套齐全，随时看房,"近地铁
新上
南
民水民电",720.0,42276
罗湖,莲塘,鹏兴花园（一期）,3.0,2.0,103.0,480,46601,233.0,业主直降19万，配套齐全，随时看房,"近地铁
新上
东南
民水民电",432.0,41941
宝安,碧海,华丰前海湾（一期）,4.0,2.0,176.59,1370,77580,814.0,华丰前海湾 全新装修四房 满五唯一 业主诚意出售,"近地铁
新上
东南
民水民电",1233.0,69822
罗湖,人民南,冠懋金色都汇（金色都汇）,1.0,1.0,34.37,180,52371,121.0,业主直降20万，配套齐全，随时看房,"近地铁
新上
东
民水民电",162.0,47134
盐田,沙头角,倚山花园（三期）,2.0,2.0,81.15,330,40665,632.0,停车位充足 精装修刚需两居 临地铁   楼龄新   满五唯一,"近地铁
新上
东北
民水民电",297.0,36598
福田,香蜜湖,东海花园（二期福禄居),3.0,2.0,127.4,1450,113814,286.0,香蜜湖东海花园 业主急卖  稀有户型  带阳台 红本全新装修,"近地铁
北
民水民电
电梯房",1305.0,102433
福田,百花,南天大厦（一期）,3.0,2.0,107.0,900,84112,227.0,户型方正南北通透大三房中间好楼层,"近地铁
新上
南北通
民水民电",810.0,75701
宝安,宝安中心区,天悦龙庭（一期）,3.0,2.0,134.58,1300,96596,338.0,宝安中区龙光地产开发明星楼盘阳光温馨靓房欢迎您！！！,"近地铁
新上
东南
民水民电",1170.0,86936
罗湖,布心,松泉公寓,2.0,2.0,60.23,480,79694,520.0,业主急卖，随时可以看房，居家首选。,"近地铁
南
民水民电
电梯房",432.0,71725
宝安,宝安中心区,幸福海岸（二期）,5.0,2.0,183.0,1550,84699,299.0,宝体地铁站 幸福海岸二期 满五红本在手豪华装修,"近地铁
新上
南
民水民电",1395.0,76229
宝安,碧海,华丰前海湾（二期）,4.0,2.0,139.96,1180,84309,748.0,华丰前海湾花园.碧海湾高尔夫球场旁豪宅.户型方正好用.海景房,"近地铁
新上
南
民水民电",1062.0,75878
宝安,碧海,华丰前海湾（二期）,4.0,2.0,128.94,980,76004,748.0,碧海笋盘丨华丰前海湾丨业主急售丨全明格局丨动静分区丨使用率高,"近地铁
新上
南北通
民水民电",882.0,68404
罗湖,百仕达,旭飞华达园,1.0,,22.2,116,52252,510.0,水贝珠宝，单间，精装修，回报率高。,"近地铁
新上
东
民水民电",104.4,47027
龙岗,龙岗中心城,天健花园,3.0,2.0,104.97,350,33342,386.0,业主向市场妥协！地铁口刚降价房源，精装，满五年急售，价格私聊,"近地铁
新上
南
民水民电",315.0,30008
罗湖,百仕达,旭飞华达园,2.0,1.0,57.84,325,56189,510.0,旭飞华达园，业主有心卖，配套齐全，谈价空间大，租金高,"近地铁
西
民水民电
电梯房",292.5,50570
宝安,宝安中心区,壹方中心·玖誉(三期),5.0,2.0,176.17,2300,130555,250.0,前海豪宅，壹方中//心，业主委托我，诚意出售，看房有钥匙,"近地铁
新上
东南
民水民电",2070.0,117500
罗湖,布心,松泉公寓,2.0,2.0,57.89,210,36275,520.0,背靠围岭山生态公园，小区内有儿童娱乐设施和健身设施,"近地铁
新上
南
民水民电",189.0,32648
龙岗,龙岗中心城,保利上城,1.0,1.0,53.63,130,24240,835.0,深中书包，龙外，看房有钥匙，全小区1笋。,"近地铁
新上
南
民水民电",117.0,21816
福田,梅林,四季山水花园（二期）,4.0,2.0,210.0,1950,92857,582.0,四季山水二期 中空大复式精装可拎包入住近公园福田水库车位充足,"近地铁
新上
民水民电
电梯房",1755.0,83571
盐田,梅沙,万科东海岸三期（云山居）,3.0,2.0,164.0,460,28048,,万科精装大三房，整个梅沙湾全景，视野无遮挡,"新上
东南
民水民电
电梯房",414.0,25243
南山,科技园,名家富居,3.0,2.0,107.0,1000,93457,397.0,小高层 名家富居 3房 看小区泳池园林 业主诚意出售,"近地铁
新上
东北
民水民电",900.0,84111
罗湖,翠竹,翠拥华庭,2.0,2.0,74.0,428,57837,477.0,豪装2房 拎包入住 识货来 比这装修还好 今年又新装,"近地铁
新上
西
民水民电",385.2,52053
罗湖,东门,东门168,1.0,,26.84,120,44709,499.0,双螺岭加翠园，低总价，小户型，价格可谈,"近地铁
新上
南
民水民电",108.0,40238
罗湖,人民南,双城世纪大厦,2.0,1.0,63.0,298,47301,256.0,罗湖口岸对面，香港深圳轻松切换，一号线总站，户型方正厅出阳台,"近地铁
新上
北
民水民电",268.2,42571
宝安,新安,华联城市全景花园,3.0,2.0,89.0,968,108764,303.0,华联精装3房，采光一流，宝中就读,"近地铁
新上
西南
民水民电",871.2,97888
罗湖,黄贝岭,深业东岭花园（一期）,2.0,1.0,64.0,410,64062,435.0,东岭两房，仅卖295万，地铁口物业,"近地铁
新上
东
民水民电",369.0,57656
罗湖,黄贝岭,凤凰印象,1.0,1.0,41.25,260,63030,381.0,精装一房，195万搞定，地铁口,"近地铁
新上
北
民水民电",234.0,56727
南山,前海,星海名城（五期）,2.0,1.0,51.7,370,71566,946.0,高楼层东南向2房，急卖，精装修可以拎包入住，南二外,"近地铁
新上
南
民水民电",333.0,64409
龙岗,布吉,佳兆业可园（五期）,3.0,2.0,89.89,500,55623,677.0,可园复式四房 全新装修 户型好,"近地铁
新上
北
民水民电",450.0,50061
宝安,桃源居,桃源居世外桃源,3.0,2.0,119.99,460,38336,387.0,桃源居世外桃源：精装修电梯3房2房，南北通，安静，近地铁,"近地铁
南北通
民水民电
拎包入住",414.0,34502
宝安,沙井,棕榈堡花园,5.0,2.0,137.3,680,49526,,沙井 棕榈堡顶楼复式 业主换别墅 低于市场价  急售,"新上
南
民水民电
电梯房",612.0,44573
龙岗,坂田,第五园(七期璞悦山),4.0,2.0,175.0,960,54857,,上好房，一梯一户，半山豪宅，四房三卫，看山景,"新上
南北通
民水民电
电梯房",864.0,49371
福田,福田口岸,金地名津,1.0,1.0,42.0,180,42857,353.0,好房急卖，福田口岸 金地名津 精装一房 租金高，税费少 急售,"近地铁
新上
南
民水民电",162.0,38571
宝安,桃源居,桃源居十六区,2.0,1.0,69.36,310,44694,543.0,桃源居次新小区，精装修2房，低总价亏本出售，看房方便,"近地铁
新上
南
民水民电",279.0,40225
宝安,桃源居,桃源居十五区,2.0,2.0,76.9,320,41612,518.0,桃源居十五区精装2房，再降30万，低价出售，朝南户型,"近地铁
新上
南
民水民电",288.0,37451
龙岗,龙岗中心城,佳兆业水岸新都,5.0,2.0,75.14,280,37263,790.0,顶楼复式实用130平精装修带电梯地铁口满五年税少诚心卖,"近地铁
新上
南
民水民电",252.0,33537
福田,梅林关,星河丹堤花园,4.0,2.0,171.0,1450,84795,516.0,地铁口物业看花园安静，业主诚心出售，可拎包入住,"近地铁
新上
东北
民水民电",1305.0,76316
罗湖,翠竹,嘉湖新都,2.0,1.0,58.0,430,74137,340.0,深中深中还是深中书包,"近地铁
新上
西
民水民电",387.0,66723
福田,红树湾,中信红树湾花城南区,6.0,4.0,458.0,6500,141921,467.0,大平层，360度景观，一层一户，带大阳台，高性价比,"近地铁
新上
南北通
民水民电",5850.0,127729
福田,水围,金港豪庭,2.0,2.0,56.1,350,62388,467.0,金港豪庭的二房近地铁物业,"近地铁
新上
北
民水民电",315.0,56149
罗湖,百仕达,万事达名苑,2.0,2.0,68.0,280,41176,491.0,诚心出售，价格可议,"近地铁
新上
东南
民水民电",252.0,37058
罗湖,莲塘,金色年华家园,3.0,2.0,89.0,480,53932,490.0,莲塘口岸附近物业金色年华89平实用面积109可做四房近地铁配,"近地铁
新上
南
民水民电",432.0,48539
盐田,盐田港,中海半山溪谷花园,3.0,2.0,105.49,280,26542,829.0,半山豪宅低密度小区南北通透大三房住家安静小区自带幼儿园,"近地铁
新上
东南
民水民电",252.0,23888
福田,香蜜湖,香榭里花园（二期）,2.0,2.0,94.2,1188,126114,547.0,香榭里二期，新上三房，方正户型，业主诚心出售，门槛户型,"近地铁
新上
南
民水民电",1069.2,113503
罗湖,百仕达,百仕达花园一期,4.0,2.0,190.11,1360,71537,461.0,稀有珍藏！2楼带30平大露台 南北通阔绰大气 价格可谈,"近地铁
新上
南
民水民电",1224.0,64383
福田,皇岗口岸,皇御苑B区,2.0,2.0,70.0,450,64285,294.0,皇御苑二期漂亮2房，看花园安静，双龙抱珠好户型，红本满五唯一,"近地铁
新上
北
民水民电",405.0,57856
福田,梅林,梅林一村,3.0,2.0,97.03,518,53385,382.0,围合住家精装修   梅林一村十三区  安静三房出售 满五年,"近地铁
西北
民水民电
电梯房",466.2,48046
罗湖,布心,松泉公寓,2.0,1.0,61.36,240,39113,520.0,业主有心卖，配套齐全，谈价空间大，采光通透，租金高,"近地铁
新上
北
民水民电",216.0,35202
罗湖,洪湖,源兴居,1.0,1.0,23.57,120,50912,325.0,业主有心卖，谈价空间大，租金高，配套齐全，采光通透,"近地铁
东北
民水民电
电梯房",108.0,45821
罗湖,洪湖,源兴居,1.0,1.0,23.58,130,55131,325.0,业主有心卖，谈价空间大，租金高，配套齐全，采光通透,"近地铁
新上
东
民水民电",117.0,49618
罗湖,莲塘,名骏豪庭,2.0,2.0,69.8,248,35530,703.0,名骏豪庭2房大客厅高层 人车分流社区 近莲南,"近地铁
新上
东北
民水民电",223.2,31977
宝安,沙井,鸿荣源禧园,5.0,2.0,84.04,999,118871,480.0,鸿荣源禧园高层视野好，84平实用高达200多平，住家的样子,"近地铁
新上
南
民水民电",899.1,106984
罗湖,布心,今日家园,4.0,2.0,101.44,498,49093,241.0,翠园东晓护航，高层，业主诚心卖，近地铁，近天河城，价格可以谈,"近地铁
新上
南北通
民水民电",448.2,44184
罗湖,翠竹,翠竹苑,2.0,2.0,52.0,300,57692,326.0,业主有心卖，中小未用，近地铁，配套齐全，采光通透,"近地铁
南
民水民电
拎包入住",270.0,51923
罗湖,翠竹,翠竹苑,1.0,1.0,36.97,290,78441,326.0,业主有心卖，中小未用，150万，近地铁，配套齐全，采光通透,"近地铁
新上
北
民水民电",261.0,70597
罗湖,翠竹,翠竹苑,2.0,1.0,36.97,320,86556,326.0,业主有心卖，152万中小未用，近地铁，配套齐全，采光通透,"近地铁
北
民水民电
电梯房",288.0,77900
罗湖,翠竹,翠竹苑,2.0,1.0,52.0,350,67307,326.0,业主有心卖，中小未用，近地铁，配套齐全，采光通透,"近地铁
新上
南北通
民水民电",315.0,60576
宝安,新安,流塘阳光花园,4.0,2.0,118.0,850,72033,301.0,4房户型 户型方正 使用率高 费用少 近地铁 价格可谈,"近地铁
新上
东南
民水民电",765.0,64830
南山,桃园,香瑞园,1.0,1.0,60.0,470,78333,513.0,60平一房一厅，南向，采光充足，3.3米层高,"近地铁
新上
南
民水民电",423.0,70500
宝安,新安,都市翠海华苑,2.0,1.0,52.73,398,75478,108.0,业主急售、价格好谈 看房方便,"近地铁
东北
民水民电
电梯房",358.2,67930
罗湖,莲塘,梧桐山新居（一期）,1.0,1.0,34.75,150,43165,448.0,户型方正 业主 诚心出售 看房方便 满五年,"近地铁
新上
南
民水民电",135.0,38848
罗湖,百仕达,旭飞华达园,1.0,1.0,37.64,160,42507,510.0,旭飞华达园，配套齐全，谈价空间大，租金高，采光通透,"近地铁
新上
西北
民水民电",144.0,38256
龙岗,龙岗中心城,深房传麒尚林,2.0,2.0,80.85,230,28447,,次新小区户型方正装修保养好满五税少诚心出售价格可谈,"新上
南
民水民电
电梯房",207.0,25602
罗湖,人民南,双城世纪大厦,3.0,2.0,86.22,380,44073,256.0,罗湖口岸，国贸，金光华—双城世纪86平3房，业主急换房,"近地铁
新上
东南
民水民电",342.0,39666
罗湖,百仕达,百仕达花园五期(乐湖),3.0,2.0,142.0,999,70352,768.0,高层 一线湖景美如画 价可议！看房方便有匙！,"近地铁
新上
东北
民水民电",899.1,63317
宝安,西乡,润恒尚园,3.0,2.0,97.14,610,62795,,润恒尚园花园.铁仔山公园旁豪宅.地段优越户型方正.南北通透,"新上
西北
民水民电
电梯房",549.0,56516
南山,华侨城,纯水岸一期,4.0,2.0,207.18,2280,110049,,纯水岸多层电梯赠送30平大平台小院 4房3卫南北通园景楼层,"南
民水民电
电梯房
拎包入住",2052.0,99044
龙岗,布吉,信义金御半山（一期）,4.0,2.0,89.0,630,70786,527.0,次新房户型方正高实用四房近公园,"近地铁
新上
西北
民水民电",567.0,63707
坪山,坪山中心区,天峦湖花园,5.0,,157.0,560,35668,,可以看漂亮的天峦湖，精装修，豪装，采光好,"新上
东南
民水民电
精装修",504.0,32101
宝安,沙井,中熙香莎公馆,3.0,2.0,89.16,380,42620,,三房，高层，南北通，满五年，看房提前预约,"南
民水民电
电梯房
精装修",342.0,38358
罗湖,翠竹,怡泰大厦,3.0,2.0,99.62,550,55209,339.0,"物业管理严格，住家生活方便,业主诚心卖","近地铁
新上
西北
民水民电",495.0,49688
罗湖,翠竹,怡泰大厦,3.0,1.0,97.22,420,43200,339.0,全新精装修   配套齐全，租金高，采光通透,"近地铁
新上
民水民电
电梯房",378.0,38880
福田,百花,百花公寓（二期）,3.0,2.0,110.0,980,89090,399.0,"百花公寓自住三房出售,随时看房","近地铁
新上
南
民水民电",882.0,80181
罗湖,翠竹,鸿业苑,3.0,2.0,92.46,600,64892,393.0,翠园仲学初仲部 精装修三房 景观视野好 业主价格可谈,"近地铁
新上
西北
民水民电",540.0,58403
宝安,宝安中心区,西城上筑花园,3.0,2.0,104.63,920,87928,470.0,西城上筑三房户型方正朝南向,"近地铁
新上
南
民水民电",828.0,79135
宝安,碧海,碧海富通城（一期）,2.0,1.0,77.31,500,64674,,富通城一期大二房，看花园安静住家,"新上
西
民水民电",450.0,58207
罗湖,笋岗,嘉宝田花园,3.0,2.0,85.45,495,57928,564.0,业主急售满五年红本在手换房看房方便溢价空间大厅出阳台,"近地铁
新上
西北
民水民电",445.5,52135
罗湖,百仕达,百仕达花园二期,4.0,2.0,119.0,700,58823,436.0,新上百仕达二期四房装修好看房方便有心卖,"近地铁
新上
南北通
民水民电",630.0,52941
罗湖,翠竹,泊林花园,2.0,2.0,45.47,300,65977,334.0,泊林花园业主有心卖，配套齐全，租金高，谈价空间大，采光通透,"近地铁
西南
民水民电
电梯房",270.0,59379
罗湖,翠竹,泊林花园,2.0,1.0,60.99,450,73782,334.0,泊林花园业主有心卖，配套齐全，租金高，谈价空间大，采光通透,"近地铁
新上
西南
民水民电",405.0,66404
罗湖,翠竹,翠竹苑,3.0,2.0,56.67,430,75877,326.0,近期入手看这套，业主有心卖，配套齐全，租金高，采光通透,"近地铁
新上
南
民水民电",387.0,68289
罗湖,翠竹,翠竹苑,3.0,2.0,72.0,460,63888,326.0,近期入手看这套，业主有心卖，配套齐全，租金高，采光通透,"近地铁
新上
南北通
民水民电",414.0,57499
罗湖,布心,彩世界家园,3.0,2.0,91.0,450,49450,543.0,彩世界家园，业主有心卖，花园社区，配套齐全，看房方便,"近地铁
新上
南
民水民电",405.0,44505
罗湖,布心,彩世界家园,2.0,2.0,74.46,330,44319,543.0,彩世界家园业主有心卖，配套齐全，租金高，谈价空间大，采光通透,"近地铁
新上
东
民水民电",297.0,39887
龙岗,布吉,阳光花园,2.0,1.0,50.0,195,39000,560.0,阳光花园电梯两房一厅，采光通风好，看房随时方便，价格可谈,"近地铁
新上
南
民水民电",175.5,35100
龙岗,布吉,荣超花园,2.0,2.0,65.44,198,30256,864.0,价格可谈，看房方便，业主有心卖,"近地铁
新上
北
民水民电",178.2,27230
盐田,沙头角,碧桐湾,2.0,2.0,64.4,215,33385,296.0,沙头角口岸精装两房 全南向 干净方正 税费少 近地铁,"近地铁
新上
东
民水民电",193.5,30046
福田,红树湾,中信红树湾花城南区,4.0,2.0,222.0,3900,175675,467.0,中信红树湾南区，高层诚意，看高尔夫景观,"近地铁
新上
西南
民水民电",3510.0,158108
龙岗,龙岗中心城,万象天成（盛龙花园二期）,2.0,2.0,70.0,190,27142,760.0,小区配套齐全,"近地铁
新上
南
民水民电",171.0,24428
龙岗,龙岗中心城,保利上城,3.0,2.0,88.0,410,46590,835.0,保利上城，地铁口精装三房，业主诚心出售，看房方便,"近地铁
新上
南
民水民电",369.0,41931
罗湖,百仕达,翠苑大厦,3.0,1.0,93.0,450,48387,498.0,翠苑大厦，业主有心卖，配套齐全，租金高，谈价空间大，采光通透,"近地铁
新上
东北
民水民电",405.0,43548
罗湖,洪湖,洪湖花园,3.0,2.0,97.56,400,41000,875.0,业主有心卖，配套齐全，租金高，谈价空间大，采光通透,"近地铁
新上
东北
民水民电",360.0,36900
福田,福田中心区,黄埔雅苑（四期骏悠园）,3.0,2.0,132.41,1260,95158,270.0,南向3加1房，双阳台！黄埔雅苑四期，精装3房，装修保养好！,"近地铁
新上
西南
民水民电",1134.0,85642
罗湖,百仕达,百仕达花园一期,3.0,2.0,93.53,560,59873,461.0,百仕达一期 小高层3房 户型方正 双地跌口  家门口翠竹公园,"近地铁
新上
南北通
民水民电",504.0,53886
罗湖,新秀,新秀村（北区）,3.0,2.0,91.95,290,31538,303.0,急售  新秀村 带大露台 三房南北通透户型高使用率价格可谈,"近地铁
新上
南北通
民水民电",261.0,28384
宝安,桃源居,桃源居世外桃源,3.0,2.0,121.28,480,39577,387.0,拎包入住南北通透大三房，业主诚意出售！看房提前预约！可读中澳,"近地铁
新上
南北通
民水民电",432.0,35619
龙岗,龙岗中心城,万科清林径,3.0,2.0,110.0,300,27272,,万科物业，精装三房，拎包入住，配套成熟，居家舒适，刚需首选,"新上
南
民水民电
电梯房",270.0,24545
罗湖,翠竹,龙屋,3.0,2.0,85.58,688,80392,550.0,业主有心卖，配套齐全，租金高，谈价空间大，采光通透,"近地铁
新上
南
民水民电",619.2,72353
罗湖,百仕达,翠苑大厦,3.0,2.0,92.41,380,41121,498.0,业主有心卖，配套齐全，租金高，谈价空间大，采光通透,"近地铁
新上
南
民水民电",342.0,37009
罗湖,百仕达,翠苑大厦,3.0,2.0,92.0,430,46739,498.0,翠苑大厦，业主有心卖，配套齐全，租金高，谈价空间大，采光通透,"近地铁
新上
南
民水民电",387.0,42065
罗湖,东门,东门天地大厦,2.0,1.0,66.0,300,45454,72.0,东门天地大厦，东南向两房，户型方正，小区带泳池，近东门地铁口,"近地铁
新上
南
民水民电",270.0,40909
罗湖,人民南,阳光新干线家园,1.0,1.0,39.0,165,42307,224.0,房子全新装修过，高层朝南通风采光好，小区带花园,"近地铁
新上
西南
民水民电",148.5,38076
盐田,沙头角,碧桐湾,3.0,2.0,87.33,320,36642,296.0,关口物业，3房户型，高层看海，交通便利，周边配套成熟！,"近地铁
新上
西南
民水民电",288.0,32978
宝安,新安,新安湖花园（三期）,2.0,2.0,82.0,435,53048,425.0,新安湖花园三期，82平方2房2厅，设计合理布局分明，使用率高,"近地铁
新上
东南
民水民电",391.5,47743
福田,香蜜湖,香蜜湖水榭花都（三期）,4.0,2.0,205.49,3900,189790,541.0,看湖景南北通主打的户型,"近地铁
西南
民水民电
电梯房",3510.0,170811
龙岗,布吉,信义假日名城(博雅园),2.0,2.0,69.9,280,40057,670.0,地铁口位置，高层看花园小区，户型方正，业主换房出售，价格可谈,"近地铁
新上
北
民水民电",252.0,36051
罗湖,翠竹,龙丽园,3.0,2.0,86.28,600,69541,453.0,480万业主有心卖，谈价空间大，配套齐全，租金高，采光通透,"近地铁
新上
南
民水民电",540.0,62587
罗湖,翠竹,翠竹苑,2.0,2.0,52.0,260,50000,326.0,中间楼层，业主有心卖，配套齐全，租金高，采光通透，谈价空间大,"近地铁
新上
民水民电
精装修",234.0,45000
罗湖,翠竹,合正荣悦,4.0,2.0,87.0,800,91954,410.0,合正荣悦4房2厅，精装，南北通，诚意出售,"近地铁
新上
东北
民水民电",720.0,82759
福田,上下沙,金域蓝湾,3.0,2.0,167.94,1400,83363,722.0,万科金域蓝湾，高区，大三房，南向，深圳湾全海景，视野开阔,"近地铁
新上
东南
民水民电",1260.0,75027
龙华,红山,水榭春天花园（六期A区）,3.0,2.0,89.0,840,94382,506.0,水榭6期，装修保养好，看房方便，价位可谈,"近地铁
新上
西
民水民电",756.0,84944
宝安,宝安中心区,福中福商业城（二期）,1.0,1.0,47.41,240,50622,528.0,大仟里商圈，刚需两房，周边配套设施完善,"近地铁
新上
东南
民水民电",216.0,45560
宝安,翻身,卡罗社区,1.0,1.0,47.78,270,56508,419.0,宝安中区卡罗社区温馨的社区阳光温馨好房欢迎您！！,"近地铁
新上
南
民水民电",243.0,50857
福田,梅林关,星河丹堤花园,2.0,2.0,94.0,580,61702,516.0,星河丹堤独门独户小户型 业主换房急售,"近地铁
新上
南
民水民电",522.0,55532
南山,华侨城,世纪村3期,4.0,2.0,222.31,1980,89064,848.0,世纪村看海看高尔夫景保养好,"近地铁
西
民水民电
电梯房",1782.0,80158
龙岗,布吉,中海怡翠山庄,5.0,2.0,189.97,880,46323,667.0,中海怡翠山庄，业主诚意出售复试五房，一楼带花园,"近地铁
南北通
民水民电
电梯房",792.0,41691
罗湖,百仕达,百仕达花园一期,3.0,2.0,112.1,700,62444,196.0,高层 南向精装 通风采光 出门即双地铁口,"近地铁
南
民水民电
电梯房",630.0,56200
龙岗,龙岗中心城,保利上城,1.0,1.0,43.7,130,29748,835.0,业主向市场妥协！地铁口刚降价房源，精装，满五年急售，价格私聊,"近地铁
新上
北
民水民电",117.0,26773
罗湖,翠竹,翠竹苑,2.0,1.0,36.97,300,81146,326.0,业主急卖，随时可以看房，居家首选，费用少,"近地铁
东
民水民电
电梯房",270.0,73031
龙岗,龙岗中心城,麓园,3.0,2.0,76.0,350,46052,586.0,麓园3房精装修看山景安静户型二手交易仅契税,"近地铁
新上
南
民水民电",315.0,41447
福田,上下沙,花好园,1.0,,31.22,180,57655,249.0,花好园，精装单房，装修保养好，视野开阔,"近地铁
新上
北
民水民电",162.0,51890
龙岗,布吉,来座山（慢城四期）,4.0,2.0,88.0,535,60795,827.0,"14号线石芽岭地铁口，来座山，实用率100,精装四房车位足","近地铁
新上
东南
民水民电",481.5,54716
罗湖,莲塘,东方.尊峪花园,3.0,2.0,126.0,540,42857,832.0,房子红本在手景观好视野佳,"近地铁
新上
西南
民水民电",486.0,38571
罗湖,百仕达,翠苑大厦,3.0,2.0,92.41,370,40038,498.0,东南向安静 出门喜荟城商场+双地铁口 大社区生活配套齐全,"近地铁
新上
南
民水民电",333.0,36034
宝安,宝安中心区,金泓凯旋城,4.0,2.0,160.58,1398,87059,352.0,金泓凯旋城花园.花园绿化高.地段好.户型方正.南北通透,"近地铁
新上
南北通
民水民电",1258.2,78353
福田,石厦,皇达东方雅苑,2.0,2.0,67.42,520,77128,229.0,皇达东方雅苑，高层精装二房可拎包入住，换房诚心出售,"近地铁
新上
北
民水民电",468.0,69415
罗湖,百仕达,百仕达花园二期,4.0,2.0,175.47,1000,56989,436.0,优质好房新上，百仕达二期花园，小高层紧缺的户型，业主诚意出事,"近地铁
新上
南北通
民水民电",900.0,51290
龙岗,龙岗中心城,万象天成（盛龙花园二期）,2.0,2.0,73.0,165,22602,760.0,万象天成，精装两房，楼层好，看花园，朝南,"近地铁
新上
南
民水民电",148.5,20342
罗湖,翠竹,金丽豪苑,1.0,1.0,53.91,380,70487,319.0,金丽豪苑，深中翠北，红本满五，看房方便，价格好谈,"近地铁
新上
北
民水民电",342.0,63438
盐田,梅沙,东部华侨城天麓（六区）,4.0,3.0,273.37,950,34751,,捡漏咯！天麓双拼别墅，仅需要平层的价格,"新上
南
民水民电",855.0,31276
南山,前海,诺德假日花园,2.0,2.0,48.0,410,85416,435.0,诺德假日花园，精装两房,"近地铁
新上
南
民水民电",369.0,76874
龙华,龙华中心,壹成中心花园(八区),3.0,2.0,78.0,388,49743,861.0,业主急卖中间楼层随时可以看房,"近地铁
新上
东
民水民电",349.2,44769
龙岗,布吉,佳兆业可园（七期）,2.0,2.0,81.75,310,37920,758.0,可园南区朝南向看求水山公园2房带阳台，满五年惟一，保养新,"近地铁
新上
南
民水民电",279.0,34128
罗湖,布心,今日家园,2.0,2.0,62.42,540,86510,241.0,今日家园复试  使用率高   价格可谈,"近地铁
新上
南
民水民电",486.0,77859
罗湖,布心,翡翠园山湖居一期,3.0,2.0,81.67,380,46528,383.0,小区依山而建，前排朝南坐观罗湖全景，后排朝北看山景,"近地铁
新上
北
民水民电",342.0,41875
福田,百花,长城大厦(核电花园),2.0,1.0,82.15,800,97382,347.0,长城大厦，安静舒适，百花双书包，满五，看房方便，近地铁,"近地铁
新上
南
民水民电",720.0,87644
南山,华侨城,纯水岸一期,4.0,2.0,196.0,2100,107142,,纯水岸小洋房视野开阔，南北通透，红本在手，价格好谈,"新上
南北通
民水民电
电梯房",1890.0,96428
罗湖,黄贝岭,深业东岭花园（二期）,1.0,1.0,55.0,340,61818,435.0,深业东岭二期 刚需两房 拎包入住 红本满五 翠园本部未用,"近地铁
新上
西北
民水民电",306.0,55636
罗湖,百仕达,东乐花园(罗湖),2.0,2.0,75.17,400,53212,393.0,东乐花园  户型方正   近地铁   价格可谈,"近地铁
新上
南北通
民水民电",360.0,47891
罗湖,翠竹,泊林花园,3.0,2.0,76.0,500,65789,334.0,"罗湖水贝 泊林花园 诚心售 详询136,8253,5553","近地铁
新上
东西通
民水民电",450.0,59210
龙岗,布吉,中海怡翠山庄,3.0,2.0,94.5,345,36507,667.0,中海怡翠三房两厅户型超好，南北通透居家舒适，保养好,"近地铁
新上
南
民水民电",310.5,32856
南山,后海,海月花园（二期）,4.0,3.0,151.27,1320,87261,289.0,单价8字头买海月花园二期152平南向大四房 急售 育才三中,"近地铁
新上
南
民水民电",1188.0,78535
罗湖,百仕达,东乐花园(罗湖),2.0,2.0,75.25,420,55813,393.0,一楼带花园，有扩建面积  可做三房  价格可谈,"近地铁
新上
南北通
民水民电",378.0,50232
罗湖,百仕达,东乐花园(罗湖),3.0,2.0,76.18,420,55132,393.0,中间楼层 一梯两户 南北通 出门双地铁口,"近地铁
新上
南
民水民电",378.0,49619
龙岗,龙岗中心城,龙园大观花园（二期）,3.0,2.0,88.22,288,32645,,业主向市场妥协！地铁口刚降价房源，精装，满五年急售，价格私聊,"新上
东南
民水民电
电梯房",259.2,29380
宝安,新安,丽景城,3.0,2.0,97.0,580,59793,42.0,带私家花园平台，97平方3房2厅，丽景城，高赠送面积，地铁口,"近地铁
新上
南
民水民电",522.0,53814
龙岗,龙岗中心城,盛龙花园,2.0,2.0,80.0,168,21000,610.0,盛龙花园精装实用大两房可改三房，满五年年地铁口位置，配套齐全,"近地铁
新上
北
民水民电",151.2,18900
罗湖,翠竹,合正荣悦,2.0,2.0,65.66,500,76149,410.0,合正荣悦2房 中间楼层 花园泳池小区 使用高 诚心出售,"近地铁
新上
南
民水民电",450.0,68534
罗湖,人民南,阳光新干线家园,2.0,1.0,61.0,320,52459,224.0,新上房源 总价少 看香港河山景观的好房,"近地铁
新上
西
民水民电",288.0,47213
南山,华侨城,世纪村1期,1.0,1.0,50.0,450,90000,606.0,世纪村一房一厅安静,"近地铁
新上
东
民水民电",405.0,81000
宝安,沙井,万科翡丽郡（一期）,3.0,2.0,88.19,330,37419,,万科翡丽郡是宝安首席醇熟西班牙风三房诚意出售,"新上
南北通
民水民电
电梯房",297.0,33677
罗湖,黄贝岭,金城华庭,3.0,2.0,78.0,520,66666,528.0,金城华庭，螺岭书包，厅出阳台三房，看小区花园，装修保养好,"近地铁
新上
北
民水民电",468.0,59999
罗湖,黄贝岭,深业东岭花园（二期）,2.0,2.0,54.92,350,63729,435.0,新上靓房二期精装二房拎包住，看山景，地铁口，诚售，看房方便,"近地铁
新上
西北
民水民电",315.0,57356
福田,梅林关,书香门第上河坊广场,2.0,1.0,52.66,360,68363,411.0,书香门第精装修2房出售周边配套全齐,"近地铁
新上
西北
民水民电",324.0,61527
罗湖,莲塘,四季御园（新世界四季御园）,2.0,2.0,68.32,350,51229,340.0,莲塘口岸精装两房，诚意出售，看房方便,"近地铁
新上
南
民水民电",315.0,46106
龙岗,龙岗中心城,龙园大观花园（一期）,3.0,2.0,89.75,250,27855,,龙园大观  精装三房  中高楼层  东南朝向  急售,"新上
东南
民水民电
电梯房",225.0,25070
罗湖,翠竹,泊林花园,2.0,2.0,60.99,350,57386,334.0,业主急售，降价19万，随时可以看房，住家安静，费用少,"近地铁
新上
东南
民水民电",315.0,51647
罗湖,黄贝岭,深业东岭花园（二期）,4.0,2.0,127.1,980,77104,435.0,诚心出售，价格可议，交通便利,"近地铁
西北
民水民电
电梯房",882.0,69394
龙岗,龙岗中心城,万科天誉花园（二期）,4.0,2.0,122.0,600,49180,372.0,万科广场，天誉花园二期，2.0升级精装，南北通，高楼层,"近地铁
新上
东南
民水民电",540.0,44262
盐田,沙头角,倚山花园（三期）,3.0,2.0,87.97,370,42059,632.0,新世界倚山花 送入户花园  两阳台  双面采光 红本在手,"近地铁
新上
北
民水民电",333.0,37853
龙岗,大运,中海康城花园,3.0,2.0,87.52,300,34277,,中海康城花园,"新上
南
民水民电
电梯房",270.0,30849
罗湖,布心,今日家园,3.0,2.0,65.65,320,48743,241.0,今日家园，全新豪装三房。拎包入住,"近地铁
新上
北
民水民电",288.0,43869
南山,华侨城,新天鹅堡二期,2.0,2.0,131.0,2580,196946,588.0,天鹅湖花园二期|看全湖景奢侈大两房|业主百万豪装出国诚售,"近地铁
新上
南
民水民电",2322.0,177251
宝安,新安,冠城世家,3.0,2.0,130.0,700,53846,352.0,冠城世家，花园中间三房，客厅卧室全朝南，业主急卖，可以带车位,"近地铁
新上
南北通
民水民电",630.0,48461
龙华,民治,春华四季园（二期）,5.0,2.0,141.0,790,56028,661.0,春华四季园楼旺单位看湖景装修保养好高拓展，仅契税 急卖价格笋,"近地铁
南
民水民电
电梯房",711.0,50425
龙岗,龙岗中心城,天健花园,3.0,2.0,109.0,330,30275,386.0,地铁口，清林龙初学笑，小高层已装电梯周边配套成熟业主诚意出售,"近地铁
新上
南北通
民水民电",297.0,27248
罗湖,布心,观山瑞苑,1.0,1.0,36.22,160,44174,621.0,观山瑞苑精装一房一厅业主诚心出售急卖,"近地铁
新上
东
民水民电",144.0,39757
南山,华侨城,世纪村1期,1.0,1.0,49.0,450,91836,606.0,世纪村花园，中间位置，安静居家舒适,"近地铁
西
民水民电
电梯房",405.0,82652
宝安,桃源居,桃源居世外桃源,4.0,2.0,114.42,430,37580,387.0,3房户型 通风采光好 使用率高 配套成熟 价格可谈,"近地铁
新上
南北通
民水民电",387.0,33822
福田,水围,金港豪庭,2.0,2.0,56.1,380,67736,467.0,金港豪庭，中间楼层，两房，户型好，采光好，看房方便，价格可谈,"近地铁
新上
东北
民水民电",342.0,60962
宝安,碧海,碧海富通城（三期）,2.0,2.0,57.3,328,57242,942.0,刚需复试二房，中间楼层，富通城三期，价格好谈,"近地铁
新上
南
民水民电",295.2,51518
罗湖,翠竹,愉天小区,1.0,1.0,28.91,290,100311,335.0,愉天小区 深中翠北双书包 二楼宜居 业主诚售,"近地铁
新上
北
民水民电",261.0,90280
罗湖,人民南,新银座华庭,2.0,1.0,48.0,210,43750,128.0,新银座，业主换房诚心出售,"近地铁
新上
南
民水民电",189.0,39375
南山,前海,鼎太风华（二期）,4.0,2.0,158.59,1150,72514,958.0,业主急卖价格可谈,"近地铁
新上
东南
民水民电",1035.0,65263
南山,科技园,大冲新城花园,3.0,2.0,100.0,760,76000,461.0,新城花园必看好房！精装、安静朝南，业主急卖,"近地铁
新上
南
民水民电",684.0,68400
罗湖,布心,崇德雍翠华府,2.0,2.0,52.0,320,61538,488.0,靠山安静，空气好，近洪湖公园，小户型为主，户型精致实用,"近地铁
新上
南
民水民电",288.0,55384
罗湖,百仕达,东乐花园(罗湖),2.0,1.0,70.0,360,51428,393.0,业主急卖，随时可以看房，居家首选，费用少,"近地铁
新上
南北通
民水民电",324.0,46285
罗湖,百仕达,新港鸿花园,3.0,2.0,76.92,450,58502,549.0,新港鸿楼梯房 有加电梯 中间层采光好 户型方正 配套成熟,"近地铁
新上
南
民水民电",405.0,52652
盐田,梅沙,东部华侨城天麓（六区）,4.0,3.0,272.24,950,34895,,天麓独栋别墅，上下四层，花园400平，950万,"新上
南
民水民电",855.0,31406
盐田,梅沙,东部华侨城天麓（六区）,4.0,3.0,270.24,950,35153,,捡漏咯！950万买上下4层别墅，花园300平,"新上
南
民水民电",855.0,31638
宝安,西乡,金港华庭,3.0,2.0,118.02,560,47449,710.0,单价4字头  西乡地铁口大3房   视野开阔  可看海景,"近地铁
西南
民水民电
电梯房",504.0,42704
罗湖,翠竹,金丽豪苑,2.0,1.0,56.7,560,98765,319.0,罗湖翠竹 金丽豪苑 业主有心卖 欢迎看房议价,"近地铁
东
民水民电
电梯房",504.0,88888
罗湖,翠竹,金丽豪苑,2.0,1.0,56.8,380,66901,319.0,罗湖翠竹 金丽豪苑 深中书包 不要错过啦,"近地铁
新上
南
民水民电",342.0,60211
罗湖,翠竹,金丽豪苑,2.0,2.0,61.0,450,73770,319.0,罗湖翠竹 金丽豪苑 深中+翠北 欢迎看房议价,"近地铁
新上
东
民水民电",405.0,66393
罗湖,翠竹,泊林花园,2.0,2.0,65.6,370,56402,334.0,"罗湖水贝 泊林花园 急售 详询136,8253,5553","近地铁
新上
北
民水民电",333.0,50762
罗湖,翠竹,泊林花园,3.0,2.0,81.0,560,69135,334.0,罗湖水贝 泊林花园 珠宝圈 居家三房 业主诚心售,"近地铁
新上
东
民水民电",504.0,62222
宝安,松岗,中海西岸华府北区,2.0,2.0,85.1,230,27027,380.0,业主诚意出售 中海西岸华府北区 精装修户型方正朝向好 拎包住,"近地铁
新上
东
民水民电",207.0,24324
盐田,盐田港,天利明园,2.0,1.0,69.0,180,26086,,地铁口物业，满五唯一欠费少，业主诚心出售,"新上
南
民水民电
电梯房",162.0,23477
宝安,西乡,润恒尚园,5.0,2.0,111.06,850,76535,,碧海笋盘丨润恒尚园丨业主急售丨全明格局丨动静分区丨使用率高,"新上
南北通
民水民电
电梯房",765.0,68882
宝安,碧海,广兴源圣拿威,3.0,2.0,116.75,850,72805,812.0,前海宝安丨圣拿威花园丨房源真实丨经典户型丨视野开阔丨看房方便,"近地铁
新上
南
民水民电",765.0,65524
罗湖,翠竹,金丽豪苑,3.0,2.0,94.5,532,56296,319.0,深中+翠北】未用，金丽豪苑精装三房，红本在手满五年，看房方便,"近地铁
新上
东
民水民电",478.8,50666
罗湖,黄贝岭,新天地名居,3.0,2.0,112.35,780,69425,356.0,113平朝南向3房，640万出售，地铁口,"近地铁
新上
东南
民水民电",702.0,62482
宝安,西乡,香缇湾花园,3.0,2.0,89.0,650,73033,251.0,前海宝安丨香缇湾花园丨房源真实丨经典户型丨视野开阔丨看房方便,"近地铁
新上
东南
民水民电",585.0,65730
罗湖,黄贝岭,集浩花园,3.0,1.0,113.0,450,39823,402.0,翠园本部，集浩花园113平米，诚意出售。。,"近地铁
新上
民水民电
精装修",405.0,35841
罗湖,黄贝岭,集浩花园,3.0,2.0,113.0,450,39823,402.0,翠园本部，可做四房，户型方正实用，诚意出售价格可谈。,"近地铁
新上
东
民水民电",405.0,35841
罗湖,布心,阳光明居,2.0,2.0,74.58,480,64360,459.0,阳光明居 朝南 高层精装修两房，诚售，价格可谈,"近地铁
新上
西南
民水民电",432.0,57924
南山,前海,鼎太风华（三期）,3.0,2.0,115.0,840,73043,859.0,在喧嚣尘世，寻觅一处静谧港湾，安放疲惫心灵。,"近地铁
新上
南北通
民水民电",756.0,65739
龙岗,大运,中海康城花园,3.0,2.0,89.0,310,34831,,中海康城东南朝向看花园三房业主急售,"新上
南
民水民电
电梯房",279.0,31348
宝安,桃源居,桃源居十四区,6.0,3.0,123.0,850,69105,260.0,大院子，2楼光线好的平台大院子，养花种菜养狗打牌的大院子,"近地铁
新上
南北通
民水民电",765.0,62194
坪山,坪山中心区,天峦湖花园,3.0,2.0,87.26,238,27274,,天峦湖花园，精装大三房，高赠送，高楼层，东南向，看房方便。,"新上
东南
民水民电
精装修",214.2,24547
宝安,宝安中心区,宏发领域,5.0,2.0,127.75,1780,139334,212.0,宝中双地铁口物业 使用率高 经典户型 南北通透 看房随时方便,"近地铁
西南
民水民电
电梯房",1602.0,125401
罗湖,莲塘,四季御园（新世界四季御园）,2.0,1.0,62.14,298,47956,340.0,四季御园小区，价格可谈，配套齐全，交通便利,"近地铁
新上
北
民水民电",268.2,43160
罗湖,洪湖,鹏大厦,1.0,1.0,36.61,358,97787,248.0,鹏大厦小面积带阳台电梯房,"近地铁
新上
东北
民水民电",322.2,88008
南山,蛇口,花园城一期,2.0,1.0,57.5,530,92173,322.0,花园城一期南北通红本近地铁沃尔玛,"近地铁
新上
南北通
民水民电",477.0,82956
南山,蛇口,南海玫瑰园（二期）,2.0,2.0,80.68,980,121467,446.0,海景视野 全南二房 业主诚售,"近地铁
新上
南
民水民电",882.0,109320
宝安,桃源居,桃源居世外桃源,3.0,2.0,112.82,500,44318,387.0,世外桃源，低容积率，南北通透，看花园，地铁口，,"近地铁
新上
民水民电",450.0,39886
宝安,新安,灵芝新村,2.0,2.0,70.2,380,54131,362.0,2房户型 通风采光好 使用率高 配套成熟 价格可谈,"近地铁
新上
南
民水民电",342.0,48718
罗湖,翠竹,怡泰大厦,3.0,2.0,97.22,530,54515,339.0,再降100多万直接拿下,"近地铁
新上
西南
民水民电",477.0,49064
罗湖,布心,阳光明居,3.0,2.0,92.84,560,60318,459.0,翠园东晓未用，近布心地铁口，天河城，围岭山公园，诚心卖价可谈,"近地铁
新上
南
民水民电",504.0,54286
宝安,桃源居,桃源居六区,3.0,2.0,84.53,470,55601,837.0,桃源居6区，上车首选，赠送大入户可做房间，看花园，急售,"近地铁
新上
南
民水民电",423.0,50041
宝安,桃源居,桃源居六区,5.0,2.0,176.0,860,48863,837.0,（半山豪宅）电梯大平层5房（南北通）两梯两户,"近地铁
南北通
民水民电
电梯房",774.0,43977
罗湖,翠竹,逸翠园,2.0,1.0,65.34,360,55096,578.0,340万急 售总价低 近地铁 户型实用,"近地铁
新上
西
民水民电",324.0,49586
南山,华侨城,天鹅堡一期,4.0,2.0,219.57,1850,84255,,高层精装特价！天鹅堡4+1房，业主急卖，看房方便,"新上
南
民水民电
电梯房",1665.0,75830
宝安,西乡,合正汇一城,2.0,1.0,76.3,450,58977,66.0,西乡地铁口！天虹商圈汇一城高层通透方正大两房！满五红本随时看,"近地铁
新上
东南
民水民电",405.0,53079
坪山,坪山中心区,天峦湖花园,4.0,2.0,130.0,600,46153,,。天峦湖是一个依山傍水的、高.档的、纯粹的欧洲形象概念小镇,"南
民水民电
电梯房
精装修",540.0,41538
福田,香蜜湖,兰江山第,4.0,2.0,178.0,1780,100000,,香蜜湖半山豪宅，兰江山第178平安静4房，餐厅出大露台，诚售,"新上
民水民电
电梯房
精装修",1602.0,90000
宝安,桃源居,桃源居三区,3.0,2.0,106.33,468,44013,285.0,桃源居3区新上（电梯大三房）南北通 户型方正 双阳台,"近地铁
新上
北
民水民电",421.2,39612
宝安,桃源居,桃源居十五区,3.0,2.0,84.0,430,51190,518.0,南北通透，户型方正，精装，业主急售，出价就谈，惊喜,"近地铁
新上
南
民水民电",387.0,46071
龙岗,龙岗中心城,榭丽花园,2.0,2.0,69.0,178,25797,570.0,近地铁，未来双语，使用率高，业主诚心出售,"近地铁
新上
南
民水民电",160.2,23217
龙华,民治,春华四季园（二期）,4.0,2.0,111.1,650,58505,661.0,低密度大花园社区，超高赠送，6000平湖景3000平运动场地,"近地铁
新上
南
民水民电",585.0,52654
宝安,碧海,前城滨海花园,4.0,2.0,117.0,1060,90598,115.0,宏发前城高区，4房，南北通透，保养好，诚心卖。,"近地铁
新上
南
民水民电",954.0,81538
罗湖,莲塘,四季御园（新世界四季御园）,3.0,2.0,124.0,630,50806,340.0,莲塘口岸地铁口经典复式,"近地铁
新上
南
民水民电",567.0,45725
南山,前海,鼎太风华（三期）,3.0,2.0,82.4,670,81310,859.0,新上业主急卖满五年红本价格可以谈,"近地铁
新上
北
民水民电",603.0,73179
罗湖,黄贝岭,新天地名居,1.0,1.0,38.41,210,54673,356.0,新天地无间道一房 中高层视野开阔 四地铁环绕,"近地铁
新上
西南
民水民电",189.0,49206
罗湖,洪湖,鹏大厦,2.0,1.0,23.33,338,144877,248.0,业主诚卖价格可谈翠竹深中洪湖地铁口精装一房一厅配套齐全,"近地铁
新上
南
民水民电",304.2,130389
福田,香蜜湖,万科瑧山府,4.0,2.0,231.63,4000,172689,294.0,万科瑧山府231平 高楼层 独门独户带入户8米大阳台，南北通,"近地铁
新上
南北通
民水民电",3600.0,155420
盐田,梅沙,万科东海岸四期（达观居）,2.0,2.0,88.0,278,31590,,看海景，精装修直接入住，可改三房，万科物业,"新上
东南
民水民电
电梯房",250.2,28431
罗湖,莲塘,名骏豪庭,2.0,1.0,69.8,295,42263,703.0,近口岸物业、出行香港通关方便，大两房保养好，看房有钥匙都方便,"近地铁
新上
东北
民水民电",265.5,38037
龙岗,龙岗中心城,保利上城,2.0,1.0,53.47,138,25808,835.0,深中龙外，保利上城，精装一房改两房，红本在手，价可谈,"近地铁
新上
南
民水民电",124.2,23227
宝安,西乡,金港华庭,2.0,2.0,63.17,295,46699,710.0,金港城 金港华庭 精装修 两房 业主诚心出售,"近地铁
新上
东北
民水民电",265.5,42029
福田,梅林,梅林一村,3.0,2.0,97.03,548,56477,382.0,梅林一村十三区，小高层三房，总价低，急卖,"近地铁
新上
西北
民水民电",493.2,50829
宝安,桃源居,桃源居十五区,4.0,2.0,154.55,880,56939,518.0,154平方4房2厅，南北通透采光好，房子带大露台,"近地铁
新上
东南
民水民电",792.0,51245
龙岗,布吉,大世纪水山缘,2.0,2.0,68.0,236,34705,,大世纪水山缘 近医院 商品房 有电梯 环境优美 楼层好,"新上
东南
民水民电
电梯房",212.4,31234
宝安,桃源居,桃源居十五区,3.0,2.0,87.9,450,51194,518.0,桃源居15区新上（电梯高层）（正规3房）南北通 视野好,"近地铁
新上
南
民水民电",405.0,46075
罗湖,翠竹,金丽豪苑,1.0,1.0,40.51,420,103678,319.0,深圳钟雪+翠北晓雪 双地铁口物业 业主价格可谈,"近地铁
新上
南
民水民电",378.0,93310
龙岗,龙岗中心城,紫薇花园,3.0,2.0,101.0,290,28712,,高性比大三房，一手业主满五年税少，诚心出售，看上价格可谈,"新上
南北通
民水民电
拎包入住",261.0,25841
罗湖,人民南,新银座华庭,2.0,2.0,66.57,300,45065,128.0,罗湖城芯读双名教學满二年看房 探底价私信我助您置好物,"近地铁
新上
东北
民水民电",270.0,40558
龙岗,龙岗中心城,保利上城,2.0,1.0,63.57,228,35865,835.0,好房推荐，业主诚心卖房，房子保养好，南北通透。,"近地铁
新上
西北
民水民电",205.2,32278
龙岗,龙岗中心城,保利上城,5.0,2.0,167.46,800,47772,835.0,保利上城 前后出阳台 位置安静 保养8成新 满五年少税,"近地铁
新上
东西通
民水民电",720.0,42995
龙岗,龙岗中心城,保利上城,3.0,2.0,78.49,368,46884,835.0,双地铁，周边配套成熟，交通便利，看房方便价格可谈。,"近地铁
新上
东北
民水民电",331.2,42196
宝安,碧海,碧海富通城（五期）,2.0,2.0,85.14,600,70472,725.0,西乡碧海丨润恒尚园丨房源真实丨经典户型丨视野开阔丨看房方便,"近地铁
新上
东
民水民电",540.0,63425
罗湖,翠竹,金丽豪苑,4.0,2.0,114.0,850,74561,319.0,业主急卖，降价30万，随时可以看房，居家首选，费用少,"近地铁
新上
西北
民水民电",765.0,67105
龙岗,坂田,第五园（三期）,5.0,3.0,243.75,2300,94358,,笋，边户位，锦绣别墅，万科品质,"新上
南北通
民水民电
精装修",2070.0,84922
福田,香蜜湖,宝能城市公馆（一、二期）,4.0,2.0,228.0,3000,131578,501.0,东临农科、香蜜湖片区；南望车公庙片区；西接华侨城片区,"近地铁
新上
南北通
民水民电",2700.0,118420
宝安,桃源居,桃源居十六区,3.0,2.0,126.08,560,44416,543.0,桃源居16区新上（电梯大三房）高层视野 满五年 红本在手,"近地铁
新上
东
民水民电",504.0,39974
罗湖,人民南,新银座华庭,2.0,2.0,68.0,400,58823,128.0,罗湖口岸新银座精装两房业主诚心出售,"近地铁
新上
南
民水民电",360.0,52941
盐田,沙头角,君临海域（一期）,3.0,2.0,78.0,255,32692,418.0,君临海域小区，价格可谈，配套齐全，交通便利,"近地铁
西南
民水民电
电梯房",229.5,29423
坪山,坪山中心区,天峦湖花园,5.0,2.0,138.0,438,31739,,大自然天然氧吧，居住舒适，看房方便，楼下双公园，欢迎咨询,"新上
西北
民水民电
电梯房",394.2,28565
南山,前海,阳光棕榈园（一期）,3.0,2.0,101.18,680,67206,150.0,经理推荐！阳光棕榈园东南向3房中高楼层安静阳光充足价格美丽,"近地铁
新上
东南
民水民电",612.0,60485
盐田,沙头角,君临海域（一期）,3.0,2.0,78.67,230,29236,418.0,海景高层3房，外国语书包，地铁口壹海城,"近地铁
新上
东南
民水民电",207.0,26312
罗湖,布心,观山瑞苑,1.0,1.0,36.0,146,40555,621.0,准新房 读香港礼文教學 税费少 看房 探底价私信我助您置好物,"近地铁
新上
南
民水民电",131.4,36500
罗湖,洪湖,源兴居,3.0,2.0,92.0,420,45652,325.0,洪湖公园旁，实用3房，价格有空间，住家舒适,"近地铁
新上
南
民水民电",378.0,41087
罗湖,黄贝岭,深业东岭花园（二期）,3.0,2.0,87.67,600,68438,435.0,东岭二期3房，精装修，业主诚售，价格可谈,"近地铁
新上
西北
民水民电",540.0,61594
罗湖,百仕达,百仕达花园一期,3.0,2.0,105.0,680,64761,461.0,百仕达新出舒适大三房业主诚心出售！！,"近地铁
新上
民水民电
电梯房",612.0,58285
罗湖,东门,东门天地大厦,1.0,1.0,35.06,160,45636,72.0,东门商圈，好出租，满五年业主急售，价格有大空间,"近地铁
新上
东
民水民电",144.0,41072
盐田,盐田港,佳兆业山海苑,3.0,2.0,100.0,268,26800,725.0,佳兆业山海苑 精装修大三房 高楼层看山海景观 少有在卖,"近地铁
新上
东南
民水民电",241.2,24120
罗湖,莲塘,梧桐山新居（一期）,2.0,2.0,78.0,280,35897,448.0,梧桐山新居，大自然的天然氧吧，居住舒适，诚心出售,"近地铁
南
民水民电
精装修",252.0,32307
福田,梅林关,星河丹堤花园,5.0,2.0,275.0,1900,69090,516.0,星河丹堤      275中空大复      式急售,"近地铁
新上
南
民水民电",1710.0,62181
福田,梅林关,星河丹堤花园,4.0,3.0,241.7,2530,104675,516.0,星河丹堤   小A区  临湖中间位别墅出售,"近地铁
新上
东西通
民水民电",2277.0,94208
罗湖,新秀,东方都会大厦,1.0,1.0,35.06,135,38505,633.0,东方都会1房高楼层业主急售精装修,"近地铁
新上
北
民水民电",121.5,34654
罗湖,人民南,新银座华庭,2.0,1.0,65.0,290,44615,128.0,新银座华庭，大二房一厅，可以改三房，业主诚心出售,"近地铁
新上
南
民水民电",261.0,40154
罗湖,莲塘,鹏兴花园（六期）,2.0,2.0,79.34,500,63019,378.0,"鹏兴花园，占据热闹区，却不觉喧嚣,环境优美，欢迎咨询了解详情","近地铁
东北
民水民电
精装修",450.0,56717
罗湖,莲塘,鹏兴花园（五期）,3.0,2.0,80.32,560,69721,632.0,鹏兴花园，中间楼层，使用面积高，欢迎咨询,"近地铁
南
民水民电
电梯房",504.0,62749
南山,华侨城,世纪村4期,4.0,2.0,199.3,1520,76266,731.0,世纪村花园，四房，带入户花园，户型非常好，使用高,"近地铁
新上
西南
民水民电",1368.0,68639
宝安,桃源居,桃源居世外桃源,6.0,2.0,182.02,874,48016,387.0,桃源居复试房送面积多业主真实卖书包房,"近地铁
新上
南北通
民水民电",786.6,43214
宝安,桃源居,桃源居世外桃源,3.0,2.0,57.0,200,35087,387.0,桃源居复式三房，业主诚心出售，看房方便，价格可谈,"近地铁
新上
南
民水民电",180.0,31578
龙岗,大运,中海康城花园,3.0,2.0,73.84,250,33856,,保养好无摭挡,"新上
北
民水民电
电梯房",225.0,30470
福田,上下沙,金海湾花园,3.0,2.0,108.0,1600,148148,645.0,金海湾花园复式四房装修保养好,"近地铁
新上
东南
民水民电",1440.0,133333
宝安,桃源居,桃源居世外桃源,3.0,2.0,57.0,248,43508,387.0,低总价上车深圳桃源居，总价100多万的红本房，精装修复试房,"近地铁
南
民水民电
电梯房",223.2,39157
龙岗,龙岗中心城,万象天成（盛龙花园二期）,1.0,,41.0,88,21463,760.0,万象天成业主诚心出售,"近地铁
新上
民水民电
电梯房",79.2,19317
龙岗,大运,颐安都会中央花园（二期）,3.0,2.0,89.0,410,46067,280.0,颐安都会二期 正地铁口物业 客厅出阳台3房 高楼层 书包有效,"近地铁
新上
南
民水民电",369.0,41460
罗湖,莲塘,东方.尊峪花园,3.0,2.0,181.83,1000,54996,832.0,万科东方尊峪 中楼层 182平大平层  足不出户可以享受生活,"近地铁
新上
南北通
民水民电",900.0,49496
龙岗,布吉,佳兆业可园（六期）,3.0,2.0,108.0,500,46296,760.0,公园里的家,"近地铁
新上
东北
民水民电",450.0,41666
宝安,碧海,广兴源圣拿威,5.0,2.0,137.22,880,64130,812.0,前海扩容次新小区！广兴源圣拿威精装通透方正四房两卫！随时看房,"近地铁
新上
南
民水民电",792.0,57717
宝安,碧海,碧海富通城（三期）,2.0,2.0,73.59,480,65226,942.0,前海扩容板块！企鹅岛旁！碧海富通城三期全新精装三房！满五红本,"近地铁
新上
民水民电
电梯房",432.0,58703
龙岗,布吉,百合星城（一期）,1.0,,36.0,170,47222,332.0,14号地铁口大单房带独立大阳台,"近地铁
新上
北
民水民电",153.0,42500
龙岗,布吉,万科麓城三期（金域中央花园二期）,3.0,2.0,88.0,410,46590,491.0,上水径地铁口，万科麓城，次新小区三房两卫,"近地铁
新上
民水民电
电梯房",369.0,41931
罗湖,莲塘,四季御园（新世界四季御园）,3.0,2.0,86.0,550,63953,340.0,莲塘口岸—四季御园86平3房，高层 128万的豪装，随时看,"近地铁
新上
北
民水民电",495.0,57558
宝安,新安,中洲华府（一期）,4.0,2.0,130.5,1290,98850,493.0,大中洲华府133平四房100多万精装修业主诚心出售,"近地铁
新上
东北
民水民电",1161.0,88965
罗湖,洪湖,源兴居,3.0,2.0,102.15,495,48458,325.0,罗湖城芯读双名教學满二年看房 探底价私信我助您置好物,"近地铁
新上
东南
民水民电",445.5,43612
罗湖,翠竹,逸翠园,3.0,2.0,102.21,550,53810,578.0,翠竹地铁口 精装3房 业主急卖 朝向好 价格可谈,"近地铁
新上
南
民水民电",495.0,48429
宝安,新安,都市翠海华苑,1.0,1.0,19.26,260,134994,108.0,都市翠海精装修单房 交通便利 购物方便，采光无遮挡,"近地铁
新上
东南
民水民电",234.0,121495
龙华,龙华中心,城市明珠花园（一期）,3.0,2.0,101.0,680,67326,570.0,房子装修高端，红木家具，交通方便，业主急售,"近地铁
东南
民水民电
电梯房",612.0,60593
宝安,桃源居,桃源居十四区,3.0,2.0,97.19,428,44037,260.0,西乡3房急售，看房方便,"近地铁
新上
东南
民水民电",385.2,39633
宝安,碧海,前城滨海花园,4.0,2.0,89.0,798,89662,115.0,项目整体分为三宗地块开发，分两期,"近地铁
新上
南
民水民电",718.2,80696
龙岗,布吉,佳兆业可园（六期）,5.0,2.0,109.0,1100,100917,760.0,公园里的家,"近地铁
新上
南
民水民电",990.0,90825
龙岗,布吉,佳兆业可园（六期）,4.0,2.0,138.0,700,50724,760.0,大社区诚心卖的使用率高靓房,"近地铁
新上
南
民水民电",630.0,45652
福田,水围,金港豪庭,1.0,1.0,47.0,300,63829,467.0,金港豪庭近地铁站的一房一厅出售,"近地铁
新上
北
民水民电",270.0,57446
龙岗,布吉,国展苑,2.0,2.0,76.0,190,25000,631.0,客厅出阳台地铁近的两房,"近地铁
新上
北
民水民电",171.0,22500
龙岗,布吉,佳兆业可园（五期）,5.0,2.0,168.8,758,44905,677.0,公园里的家,"近地铁
新上
南
民水民电",682.2,40414
龙岗,布吉,万科麓城一期（金域中央花园一期）,2.0,2.0,70.0,360,51428,304.0,保养好中间位置看花园安静,"近地铁
新上
民水民电
电梯房",324.0,46285
宝安,桃源居,桃源居世外桃源,3.0,2.0,120.94,510,42169,387.0,精装3房2厅，120平方大3房，户型方正房子采光好,"近地铁
新上
南北通
民水民电",459.0,37952
南山,科技园,华润城润府三期,2.0,1.0,88.03,1080,122685,706.0,繁华地段交通便利,"近地铁
新上
西南
民水民电",972.0,110416
宝安,宝安中心区,金泓凯旋城,4.0,2.0,156.6,1380,88122,352.0,金泓凯旋城花园.园林优美.户型方正实用.住家舒适.急卖房,"近地铁
新上
西南
民水民电",1242.0,79310
罗湖,翠竹,愉天小区,1.0,1.0,35.0,320,91428,335.0,业主诚心出售，价格可谈，看房方便,"近地铁
新上
南
民水民电",288.0,82285
龙岗,龙岗中心城,金地龙城中央,2.0,2.0,67.0,118,17611,519.0,急卖地铁口，68平2房可谈价格,"近地铁
新上
南
民水民电",106.2,15850
南山,华侨城,纯水岸十六期,5.0,2.0,178.59,2880,161263,,纯水岸十六期，南北通透高赠送大平层，使用率高，车位比足,"新上
南北通
民水民电",2592.0,145137
福田,香蜜湖,港中旅花园（一期）,5.0,2.0,243.14,6880,282964,55.0,港中旅一期，新上联排别墅，实用面积大，少有放盘，诚心出售,"近地铁
新上
南北通
民水民电",6192.0,254668
宝安,碧海,康达尔山海上园(一期),2.0,1.0,73.0,400,54794,,康达尔山海上园一期，精装修两房，高层视野开阔，满五年自住,"新上
民水民电
电梯房",360.0,49315
龙岗,龙岗中心城,万象天成（盛龙花园二期）,2.0,2.0,88.68,288,32476,760.0,地铁口大花园社区出行方便  业主急售,"近地铁
新上
南
民水民电",259.2,29228
龙岗,龙岗中心城,公园大地花园,2.0,2.0,80.1,380,47440,953.0,公园大地，背靠公园，配套全，生活便利，业主诚心出售，随时看房,"近地铁
新上
东南
民水民电",342.0,42696
罗湖,黄贝岭,新天地名居,2.0,2.0,63.0,320,50793,356.0,新天地两房，同户型急卖价，260万,"近地铁
新上
民水民电
电梯房",288.0,45714
罗湖,人民南,置地广场,1.0,1.0,43.0,202,46976,330.0,置地逸轩，高层大一房，红本满五，看房方便,"近地铁
新上
民水民电
电梯房",181.8,42278
罗湖,翠竹,怡泰大厦,3.0,2.0,98.0,420,42857,339.0,怡泰大厦..翠竹 业主诚心卖.价格空间大.红本在手,"近地铁
新上
南
民水民电",378.0,38571
龙岗,龙岗中心城,万科翰邻城,9.0,3.0,234.0,1588,67863,643.0,万科翰邻城，顶楼复试，带天台花园，满五年豪华装修，看房方便。,"近地铁
新上
南北通
民水民电",1429.2,61077
罗湖,布心,松泉公寓,2.0,1.0,49.0,238,48571,520.0,翠园东晓书包  有加建面积   装修保养好  自住看房提前约,"近地铁
新上
东南
民水民电",214.2,43714
罗湖,莲塘,鹏兴花园（二期）,4.0,2.0,124.0,630,50806,238.0,莲塘繁华地段楼层好看房方便一梯两户南北通透,"近地铁
新上
南
民水民电",567.0,45725
罗湖,布心,崇德雍翠华府,2.0,2.0,63.0,285,45238,488.0,水贝地铁口  雍翠华府  精装两房 出售  畔山物业,"近地铁
新上
南
民水民电",256.5,40714
宝安,碧海,碧海富通城（一期）,4.0,2.0,130.08,720,55350,,大社区四房两厅超大阳台，户型通透，装修保养好，,"南北通
民水民电
精装修",648.0,49815
宝安,新安,新安湖花园（三期）,1.0,1.0,33.92,205,60436,425.0,地铁口大花园小区,"近地铁
新上
东南
民水民电",184.5,54392
宝安,桃源居,桃源居十五区,4.0,2.0,154.53,630,40768,518.0,复式 超高使用率 通风采光好 满五 费用少,"近地铁
新上
南北通
民水民电",567.0,36691
宝安,桃源居,桃源居世外桃源,8.0,2.0,197.3,1000,50684,387.0,桃源居新上 电梯3层复式（8房）南北通一梯两户,"近地铁
南北通
民水民电
拎包入住",900.0,45616
宝安,桃源居,桃源居十六区,3.0,2.0,83.67,460,54977,543.0,桃源居16区（电梯3房）高层视野 南北通,"近地铁
新上
南
民水民电",414.0,49479
宝安,桃源居,桃源居十五区,3.0,2.0,130.08,620,47662,518.0,桃源居15区（电梯大3房可改4房）高层视野 南北通,"近地铁
新上
南北通
民水民电",558.0,42896
宝安,桃源居,桃源居十五区,4.0,2.0,106.0,650,61320,518.0,桃源居15区新上（电梯4房）高层视野（带大阳台）看山景,"近地铁
新上
南北通
民水民电",585.0,55188
坪山,坪山中心区,龙光玖云著大楼,2.0,2.0,37.0,73,19729,295.0,项目位于坪山区，离坪山高铁站很近，同享多维度交通体系,"近地铁
新上
西
民水民电",65.7,17756
罗湖,新秀,新秀村（南区）,3.0,2.0,65.17,220,33757,485.0,大型成熟社区，南北通透，满五年费用少,"近地铁
新上
南
民水民电",198.0,30381
南山,华侨城,世纪村1期,4.0,2.0,199.0,1500,75376,606.0,急售 世纪村199平西南向看小区园林景观非常安静价格有空间,"近地铁
新上
西南
民水民电",1350.0,67838
龙岗,龙岗中心城,公园大地花园,3.0,2.0,81.0,380,46913,953.0,背靠龙城公园，配套齐全，生活便利，业主诚心出售，随时看房,"近地铁
南
民水民电
电梯房",342.0,42222
罗湖,翠竹,翠竹苑,2.0,1.0,52.2,300,57471,326.0,业主有心卖，配套齐全，谈价空间大，租金高，采光通透,"近地铁
新上
南
民水民电",270.0,51724
宝安,新安,新安湖花园（三期）,3.0,2.0,96.0,600,62500,425.0,一手业主唯税费少带私有固定车位,"近地铁
新上
南北通
民水民电",540.0,56250
罗湖,翠竹,怡泰大厦,4.0,2.0,120.09,650,54126,339.0,业主有心卖，配套齐全，谈价空间大，租金高，采光通透,"近地铁
南
民水民电
电梯房",585.0,48713
罗湖,翠竹,翠竹苑,2.0,1.0,36.97,210,56802,326.0,160宛，业主有心卖，配套齐全，谈价空间大，租金高，采光通透,"近地铁
北
民水民电
电梯房",189.0,51122
罗湖,翠竹,怡泰大厦,3.0,2.0,99.65,520,52182,339.0,业主有心卖，配套齐全，谈价空间大，租金高，采光通透,"近地铁
新上
东南
民水民电",468.0,46964
罗湖,翠竹,翠拥华庭,3.0,2.0,99.0,740,74747,477.0,翠拥华庭业主有心卖，配套齐全，谈价空间大，租金高，采光通透,"近地铁
西南
民水民电
电梯房",666.0,67272
罗湖,翠竹,翠竹苑,1.0,1.0,37.0,230,62162,326.0,带个大院子，主有心卖，配套齐全，谈价空间大，租金高，采光通透,"近地铁
东南
民水民电
电梯房",207.0,55946
南山,西丽,博林天瑞（二期）,4.0,2.0,189.82,2380,125381,633.0,博林天瑞4房，朝南向，视野好,"近地铁
新上
南
民水民电",2142.0,112843
南山,西丽,博林天瑞花园(一期),4.0,2.0,151.6,1350,89050,755.0,博林天瑞4房，精装修，南北通透,"近地铁
新上
南北通
民水民电",1215.0,80145
福田,上下沙,蓝湾半岛,3.0,2.0,104.22,788,75609,424.0,把家变成海景治愈馆！绿景蓝湾半岛南北通透海景三房，天天像在度,"近地铁
新上
南
民水民电",709.2,68048
龙岗,布吉,荣超花园,2.0,2.0,54.26,216,39808,864.0,荣超花园 安静舒适，交通便利，购物方便，户型方正，釆光通风好,"近地铁
新上
民水民电
电梯房",194.4,35827
罗湖,东门,东门168,1.0,,20.0,120,60000,499.0,东门168，业主诚售，价格可谈，满五红本，螺岭已毕业,"近地铁
新上
东北
民水民电",108.0,54000
罗湖,新秀,新秀村（南区）,3.0,2.0,65.78,230,34965,485.0,红本在手，南北通透，2房可改3房，中间楼层,"近地铁
新上
南
民水民电",207.0,31468
龙岗,布吉,中海怡翠山庄,2.0,2.0,71.3,238,33380,667.0,中海怡翠山庄朝南看花园二房改三房满五红本,"近地铁
新上
南
民水民电",214.2,30042
宝安,西乡,金港华庭,2.0,2.0,64.17,335,52205,710.0,金港华庭64.17平精装两房诚意急售,"近地铁
新上
东北
民水民电",301.5,46984
宝安,碧海,康达尔山海上园(二期),3.0,2.0,88.23,485,54969,,山海上园二期88.23平精装三房诚意急售,"新上
东
民水民电
电梯房",436.5,49472
龙岗,大运,中海康城花园,3.0,2.0,88.0,360,40909,,龙岗大运新城，大社区、环境好、配套好,"新上
东南
民水民电
精装修",324.0,36818
宝安,碧海,绿海名居,2.0,2.0,76.45,435,56899,,绿海名居二房一卫东南向,"新上
西北
民水民电
电梯房",391.5,51209
罗湖,人民南,新银座华庭,2.0,1.0,47.0,220,46808,128.0,新银座一房一厅 业主急急急 拎包入住罗湖口岸 双地铁,"近地铁
新上
北
民水民电",198.0,42127
龙华,民治,春华四季园（二期）,4.0,2.0,123.0,660,53658,661.0,8号仓旁大社区，高绿植，低密度，低奢典范，学府环绕的庭府,"近地铁
新上
南北通
民水民电",594.0,48292
宝安,碧海,碧海富通城（一期）,2.0,2.0,75.18,460,61186,,缤纷世界花园.碧海片区高端豪宅.户型方正实用.地段优越.急卖,"新上
南
民水民电
电梯房",414.0,55067
盐田,沙头角,君临海域（一期）,2.0,2.0,62.93,220,34959,418.0,君临海域，一线海景，精装修，业主诚心出售,"近地铁
新上
东南
民水民电",198.0,31463
罗湖,人民南,冠懋金色都汇（金色都汇）,1.0,1.0,44.92,245,54541,121.0,业主直降20万，配套齐全，随时看房,"近地铁
新上
西南
民水民电",220.5,49087
宝安,桃源居,桃源居三区,2.0,2.0,84.0,420,50000,285.0,3房户型 户型方正 使用率高 费用少 近地铁 价格可谈,"近地铁
新上
东南
民水民电",378.0,45000
罗湖,翠竹,逸翠园,3.0,2.0,103.0,645,62621,578.0,翠竹公园旁，实用3房，住家舒适，看房方便,"近地铁
新上
南
民水民电",580.5,56359
福田,香蜜湖,万科瑧山府(二期),4.0,2.0,240.02,4200,174985,294.0,香蜜湖高品质 次新豪宅标杆,"近地铁
新上
南北通
民水民电",3780.0,157486
福田,香蜜湖,东海国际公寓,3.0,2.0,250.0,1700,68000,409.0,东海国际公寓新上急售高区全海景大客厅,"近地铁
新上
西南
民水民电",1530.0,61200
福田,香蜜湖,东海国际公寓,3.0,2.0,247.09,2399,97090,409.0,全屋豪华装修，三房三卫，业主诚心卖,"近地铁
新上
西南
民水民电",2159.1,87381
罗湖,翠竹,泊林花园,1.0,1.0,44.24,220,49728,334.0,泊林一房一厅笋盘，业主急售,"近地铁
新上
西
民水民电",198.0,44755
福田,福田口岸,金地名津,4.0,2.0,135.0,1000,74074,353.0,新上河套笋盘134平大四房南北通透纯住宅,"近地铁
新上
东南
民水民电",900.0,66667
盐田,沙头角,君临海域（一期）,2.0,2.0,69.0,270,39130,418.0,朝南海景2+1房，采光通风巨好，看房方便,"近地铁
新上
西南
民水民电",243.0,35217
盐田,梅沙,万科东海岸三期（悠翠居）,6.0,2.0,167.0,800,47904,,精装别墅，诚心出售，万科东海岸,"新上
南
民水民电
带家私",720.0,43114
罗湖,百仕达,君逸华府,1.0,1.0,44.93,300,66770,541.0,高层一房，装修保养好，满五年费用少，翠园东晓未占用,"近地铁
新上
西南
民水民电",270.0,60093
龙岗,龙岗中心城,中央悦城,4.0,3.0,164.04,500,30480,320.0,业主向市场妥协！地铁口刚降价房源，精装，满五年急售，价格私聊,"近地铁
新上
南北通
民水民电",450.0,27432
龙岗,龙岗中心城,公园大地花园,8.0,2.0,178.0,1350,75842,953.0,公园大地 餐客厅双阳台 赠送130平,"近地铁
新上
南北通
民水民电",1215.0,68258
罗湖,翠竹,怡泰大厦,3.0,2.0,98.75,410,41518,339.0,翠竹外国语旁边！精装三房 中间楼层 近地铁 业主诚售！,"近地铁
新上
西北
民水民电",369.0,37366
南山,深圳湾,太古城花园（南区）,1.0,1.0,42.49,550,129442,163.0,宝能太古城低总价安静,"近地铁
新上
西南
民水民电",495.0,116498
龙岗,龙岗中心城,公园大地花园,3.0,2.0,122.0,630,51639,953.0,公园大地花园，121平3房，东南朝向，户型方正，单价低,"近地铁
新上
南
民水民电",567.0,46475
南山,科技园南区,阳光带海滨城二期,3.0,2.0,122.0,1600,131147,110.0,安静五房，户型方正，带南外，视野好五房，满五年，业主诚心卖,"近地铁
新上
东西通
民水民电",1440.0,118032
罗湖,莲塘,鹏兴花园（五期）,3.0,2.0,84.0,420,50000,632.0,鹏兴花园五期 南向小三房 近莲南 近地铁 生活便利,"近地铁
新上
南
民水民电",378.0,45000
罗湖,莲塘,名骏豪庭,1.0,1.0,42.57,170,39934,703.0,名骏豪庭.品牌物业.生活购物出行便利,"近地铁
新上
南
民水民电",153.0,35941
龙华,民治,春华四季园（二期）,4.0,2.0,140.71,720,51169,661.0,低密大花园社区，业主诚心出售、精装复试好房,"近地铁
新上
东南
民水民电",648.0,46052
宝安,桃源居,桃源居六区,4.0,2.0,172.0,890,51744,837.0,位置安静.配套齐全.地铁口.看房方便,"近地铁
新上
民水民电
电梯房",801.0,46570
罗湖,翠竹,愉天小区,1.0,1.0,28.91,380,131442,335.0,急卖此房，可谈30万,"近地铁
新上
北
民水民电",342.0,118298
宝安,宝安中心区,熙龙湾（一期）,5.0,3.0,255.0,3370,132156,327.0,紧靠前海，旁临宝安区政府、图书馆、少年宫，是鸿荣源倾力打造的,"近地铁
新上
南北通
民水民电",3033.0,118940
宝安,新安,都市翠海华苑,1.0,1.0,30.74,368,119713,108.0,一房一厅 小户型 低总价 费用少 价格可谈,"近地铁
新上
民水民电
电梯房",331.2,107742
龙岗,布吉,阳光花园,2.0,1.0,46.35,150,32362,560.0,电梯小两房一厅，采光通风好，看房方便，满五年，下水径阳光花园,"近地铁
新上
北
民水民电",135.0,29126
龙岗,大运,中海康城花园,3.0,2.0,87.08,320,36747,,中海康城少有带车位出售三房业主急售价格可谈,"新上
东南
民水民电
精装修",288.0,33072
宝安,桃源居,桃源居十四区,2.0,2.0,81.0,360,44444,260.0,2房户型 通风采光好 使用率高 配套成熟 价格可谈,"近地铁
新上
南
民水民电",324.0,40000
宝安,新安,鸿景园,3.0,2.0,118.0,790,66949,677.0,鸿景园3房户型 通风采光好 使用率高 配套成熟 价格可谈,"近地铁
新上
民水民电
精装修",711.0,60254
宝安,桃源居,桃源居十六区,4.0,2.0,127.0,658,51811,543.0,4房户型 通风采光好 使用率高 配套成熟 价格可谈,"近地铁
新上
南
民水民电",592.2,46630
盐田,沙头角,蓝郡广场,4.0,2.0,202.4,1530,75592,607.0,(专梯入户 端头位海景房 202平中空复式 精装修蓝郡广场,"近地铁
新上
南北通
民水民电",1377.0,68033
罗湖,翠竹,合正荣悦,3.0,2.0,107.92,1150,106560,410.0,合正荣悦三房实用面积大.业主诚心卖.价格空间大,"近地铁
新上
东北
民水民电",1035.0,95904
龙岗,布吉,佳兆业可园（四期）,4.0,2.0,125.0,658,52640,697.0,可园南区南北通大四房带大平台花园满五红本实用高达160平,"近地铁
新上
南
民水民电",592.2,47376
龙华,龙华中心,壹成中心花园(八区),3.0,2.0,77.0,388,50389,861.0,龙华壹城八区，空中花园，双地铁口,"近地铁
新上
南
民水民电",349.2,45350
罗湖,人民南,阳光新干线家园,2.0,2.0,61.0,245,40163,224.0,阳光新干线家园，二房一厅，只要200多万,"近地铁
新上
南
民水民电",220.5,36147
龙岗,布吉,佳兆业可园（六期）,3.0,2.0,107.0,480,44859,760.0,大型成熟社区，环境优雅,"近地铁
新上
北
民水民电",432.0,40373
罗湖,黄贝岭,深业东岭花园（二期）,2.0,1.0,71.99,460,63897,435.0,430万急售 总价低  看山景 近双地铁 带翠园学..位,"近地铁
西北
民水民电
电梯房",414.0,57507
龙岗,大运,阳光天健城,4.0,2.0,135.41,800,59079,396.0,阳光天健城新上房源龙岗外国语有效满五红本价格可谈,"近地铁
新上
南北通
民水民电",720.0,53171
宝安,宝安中心区,金泓凯旋城,5.0,2.0,140.02,1280,91415,352.0,金泓凯旋城，140平方5房2卫，前海核心区，使用率高，位置好,"近地铁
新上
西南
民水民电",1152.0,82274
罗湖,翠竹,怡泰大厦,3.0,2.0,98.75,550,55696,339.0,翠竹外国语旁边！人民医院对面 精装三房 配套齐全 停车很方便,"近地铁
东北
民水民电
电梯房",495.0,50126
罗湖,人民南,双城世纪大厦,2.0,2.0,71.0,286,40281,256.0,双城世纪，二房一厅，业主诚心出售,"近地铁
新上
西北
民水民电",257.4,36253
盐田,沙头角,君临海域（一期）,2.0,2.0,62.93,210,33370,418.0,刚需2房，交通便利，花园式小区，配套完善,"近地铁
东南
民水民电
电梯房",189.0,30033
福田,福田口岸,金地名津,3.0,2.0,86.0,515,59883,353.0,深圳+香港 两地通勤的Z佳选择 金地南向住宅三房 红本少税,"近地铁
新上
东南
民水民电",463.5,53895
龙岗,龙岗中心城,深业紫麟山,6.0,3.0,304.0,1880,61842,598.0,业主向市场妥协！地铁口刚降价房源，精装，满五年急售，价格私聊,"近地铁
新上
东南
民水民电",1692.0,55658
罗湖,百仕达,百仕达花园二期,3.0,2.0,130.0,748,57538,436.0,急售！南北通一梯两户 安静环境优美 看房方便,"近地铁
新上
南
民水民电",673.2,51784
罗湖,人民南,阳光新干线家园,2.0,1.0,61.0,280,45901,224.0,阳光新干线家园，精装二房一厅，业主诚心出兽,"近地铁
新上
西
民水民电",252.0,41311
罗湖,人民南,阳光新干线家园,2.0,1.0,61.08,430,70399,224.0,阳光新干线家园，二房一厅只要200万加,"近地铁
新上
南
民水民电",387.0,63359
罗湖,黄贝岭,汇鑫花园,2.0,1.0,56.89,280,49217,335.0,汇鑫花园全新装修，品质优秀，省钱省时,"近地铁
新上
南
民水民电",252.0,44295
罗湖,百仕达,旭飞华达园,1.0,1.0,37.64,146,38788,510.0,旭飞华达园一房一厅户型方正采光好近地铁近公园总价低,"近地铁
南
民水民电
电梯房",131.4,34909
龙岗,大运,中海康城花园,2.0,2.0,73.53,220,29919,,大运片区中海康城花园74平大2房，诚心出售，看房方便,"新上
北
民水民电
电梯房",198.0,26927
罗湖,百仕达,东乐花园(罗湖),2.0,1.0,76.0,268,35263,393.0,东乐花园2房，大社区，安静舒适，邻近喜荟城商场,"近地铁
新上
南
民水民电",241.2,31737
罗湖,黄贝岭,金城华庭,3.0,2.0,94.39,550,58268,528.0,金城华庭大三房，花园社区，周边配套成熟,"近地铁
新上
南
民水民电",495.0,52441
罗湖,洪湖,源兴居,2.0,1.0,59.0,280,47457,325.0,源兴居业主诚心卖，钥匙在手，随时看房,"近地铁
新上
西
民水民电",252.0,42711
宝安,碧海,泰华阳光海,4.0,2.0,97.8,780,79754,255.0,阳光海正地铁口高赠送每个房间都有阳台,"近地铁
新上
南
民水民电",702.0,71779
宝安,碧海,泰华阳光海,4.0,2.0,113.96,830,72832,255.0,新出房源，高楼层南北通透，标准4房，使用率高，价格有惊喜,"近地铁
新上
南北通
民水民电",747.0,65549
宝安,碧海,碧海富通城（二期）,3.0,2.0,98.27,620,63091,743.0,业主诚心出售  价格好谈,"近地铁
新上
西北
民水民电",558.0,56782
罗湖,洪湖,洪湖花园,3.0,2.0,98.0,430,43877,875.0,罗湖双名教助學 满二年税费少  看房 探底价私信我助您置好物,"近地铁
新上
西南
民水民电",387.0,39489
罗湖,万象城,中海天钻,5.0,2.0,180.54,1488,82419,399.0,稀有顶层绝美景观轻奢精装，门口地铁，满五唯一,"近地铁
新上
南北通
民水民电",1339.2,74177
罗湖,黄贝岭,新天地名居,4.0,2.0,85.98,560,65131,356.0,新天地名居家门口地铁站，上下班方便，通勤时间有保障,"近地铁
新上
西南
民水民电",504.0,58618
宝安,桃源居,桃源居六区,4.0,2.0,158.75,930,58582,837.0,（半山豪宅）电梯大4房可改5房（两梯两户）南北通,"近地铁
新上
南北通
民水民电",837.0,52724
罗湖,翠竹,鹏城合正星园,3.0,2.0,105.49,820,77732,420.0,深中品质宜居南向三房--随时看房，采光好  包未用-,"近地铁
新上
南
民水民电",738.0,69959
龙岗,龙岗中心城,新亚洲花园,4.0,2.0,137.88,560,40615,,龙外集团书包房，装修保养好，户型方正，小高层通风采光好,"东南
民水民电
电梯房",504.0,36554
龙岗,龙岗中心城,公园大地花园,2.0,2.0,80.1,450,56179,953.0,公园大地靠后山2+1房 精装修客厅正出阳台 满五年 业主急售,"近地铁
新上
东南
民水民电",405.0,50561
龙岗,大运,阳光天健城,1.0,1.0,44.0,288,65454,396.0,阳光天健城：温馨一房一厅，户型方正实用，满五红本税少，急售,"近地铁
新上
北
民水民电",259.2,58909
罗湖,黄贝岭,金城华庭,3.0,2.0,89.25,630,70588,528.0,螺岭外国语精装3房看房方便地铁口物业,"近地铁
新上
南
民水民电",567.0,63529
龙岗,布吉,英郡年华花园（二期）,2.0,1.0,46.18,175,37895,338.0,地铁3号线口一房，带租约，易出租，周边配套齐，业主急售,"近地铁
新上
南
民水民电",157.5,34106
罗湖,黄贝岭,金城华庭,1.0,1.0,38.0,230,60526,528.0,此房急卖，仅卖188万,"近地铁
新上
北
民水民电",207.0,54473
南山,西丽,十五峯花园,6.0,2.0,157.0,3200,203821,477.0,十五峯藏宝复式，买一层送两层，高使用率,"近地铁
南北通
民水民电
电梯房",2880.0,183439
罗湖,布心,崇德雍翠华府,2.0,2.0,63.07,280,44395,488.0,有登山道、游泳池、篮球场，靠山安静，空气好，近洪湖公园,"近地铁
新上
西南
民水民电",252.0,39956
宝安,宝安中心区,幸福海岸（三期）,4.0,2.0,145.94,1190,81540,94.0,宝中双线地铁口，自住品质时尚靓装，海韵优质师资，出门千亿配套,"近地铁
新上
南北通
民水民电",1071.0,73386
龙岗,布吉,中城康桥花园（二期）,3.0,2.0,89.0,320,35955,532.0,14、3、17号三地铁沿线大型社区中城康桥花园二期两卫三房,"近地铁
新上
西南
民水民电",288.0,32360
宝安,桃源居,桃源居三区,2.0,1.0,69.87,280,40074,285.0,桃源居户型方正朝南向书包房近地铁口,"近地铁
新上
南
民水民电",252.0,36067
宝安,桃源居,桃源居世外桃源,3.0,2.0,97.65,410,41986,387.0,桃源居交通方便真实在卖户型方正书包房零地铁口,"近地铁
新上
东南
民水民电",369.0,37787
南山,前海,雷圳碧榕湾海景花园,4.0,2.0,138.87,1200,86411,325.0,雷圳碧榕湾花园四房满五年中楼层,"近地铁
新上
南北通
民水民电",1080.0,77770
龙岗,坂田,佳兆业城市广场（一期）,3.0,2.0,88.18,458,51939,534.0,佳兆业带入户三房，看花园安静，只交契税，急卖价格可以谈,"近地铁
南北通
民水民电
电梯房",412.2,46745
福田,香蜜湖,东海花园（二期福禄居),3.0,2.0,129.83,1680,129399,286.0,东海花园二期南向中层新装修带车位,"近地铁
新上
东南
民水民电",1512.0,116459
宝安,沙井,鸿荣源禧园,4.0,2.0,114.43,980,85641,480.0,业主诚心出售,"近地铁
新上
南北通
民水民电",882.0,77077
宝安,桃源居,桃源居六区,3.0,2.0,85.79,400,46625,837.0,桃源居ZUI好的区，住在公园里的家，赠送一个房间，看花园，急,"近地铁
新上
南
民水民电",360.0,41962
宝安,桃源居,桃源居六区,2.0,2.0,85.84,400,46598,837.0,2房 户型使用率高 周边近地铁 配套成熟,"近地铁
新上
南北通
民水民电",360.0,41938
宝安,桃源居,桃源居六区,4.0,2.0,147.89,1050,70998,837.0,桃源居六区，147平方4房户型，使用率高，通风采光好，看花园,"近地铁
南
民水民电
电梯房",945.0,63898
宝安,桃源居,桃源居六区,4.0,2.0,135.0,720,53333,837.0,桃源居6区，收官之作，欧式精装修，南北通透，业主是我邻居急售,"近地铁
新上
南北通
民水民电",648.0,48000
龙岗,坂田,嘉御豪园(信义嘉御山),4.0,2.0,146.69,900,61353,553.0,笋，园林位，信义147平4房2卫+超大阳台，看泳池,"近地铁
南
民水民电
电梯房",810.0,55218
南山,西丽,博林天瑞（二期）,4.0,2.0,169.91,1400,82396,633.0,博林西缺179平四房出售业主我熟看房联系我、诚心急卖价格可议,"近地铁
新上
南
民水民电",1260.0,74156
宝安,新安,君成雍和园,4.0,2.0,137.61,845,61405,83.0,雍和园138平|南北通透大四房|中间楼层|诚售,"近地铁
新上
南北通
民水民电",760.5,55264
龙岗,布吉,信义金御半山（一期）,4.0,2.0,89.0,665,74719,527.0,布吉豪宅天花板,"近地铁
新上
东南
民水民电",598.5,67247
龙岗,大运,中海康城花园,3.0,2.0,88.85,278,31288,,中海大三房 业主诚心出售 满五少税 看花园 看房方便,"民水民电
电梯房
拎包入住
精装修",250.2,28159
罗湖,人民南,友谊大厦,1.0,1.0,40.15,155,38605,235.0,近罗湖口岸，友谊大厦2房，精装修，拎包入住，商业成熟，地铁口,"近地铁
新上
北
民水民电",139.5,34744
罗湖,笋岗,嘉宝田花园,3.0,2.0,94.92,520,54782,564.0,嘉宝田花园 绿化好 安静不吵 桂园书包 价格可谈 看房方便,"近地铁
新上
西南
民水民电",468.0,49304
龙岗,龙岗中心城,公园大地花园,4.0,2.0,166.7,968,58068,953.0,公园大地大4房 全方位观景房 采光通风极好 满五年价格可谈,"近地铁
新上
东南
民水民电",871.2,52261
南山,华侨城,世纪村4期,3.0,2.0,155.77,1350,86666,731.0,深圳湾超级总部基地旁 世纪村精装三房 业主诚心出售,"近地铁
新上
东南
民水民电",1215.0,77999
宝安,桃源居,桃源居十五区,3.0,2.0,87.83,500,56928,518.0,桃源居新小区交通方便真实在出租送面积多,"近地铁
南北通
民水民电
电梯房",450.0,51235
龙岗,布吉,中海怡翠山庄,3.0,2.0,92.91,280,30136,667.0,中海怡翠 朝南横厅大三房 大客厅 诚心出售,"近地铁
南
民水民电
拎包入住",252.0,27122
罗湖,翠竹,金丽豪苑,1.0,1.0,56.8,520,91549,319.0,378万急售 端头户型彩光好近双地铁 带翠北加深中,"近地铁
西
民水民电
电梯房",468.0,82394
罗湖,洪湖,鹏大厦,1.0,1.0,41.04,400,97465,248.0,深中未用，价格310W可以卖，交通便利,"近地铁
新上
北
民水民电",360.0,87718
罗湖,黄贝岭,新天地名居,1.0,1.0,39.0,190,48717,356.0,新天地名居家门口地铁站，上下班方便，通勤时间有保障,"近地铁
新上
北
民水民电",171.0,43845
盐田,沙头角,倚山花园（三期）,3.0,2.0,87.97,350,39786,632.0,新世界倚山花园三期，东南向，高楼层，全海景，精装修3房,"近地铁
新上
南
民水民电",315.0,35807
宝安,宝安中心区,壹方中心·玖誉(三期),5.0,2.0,237.95,3700,155494,250.0,壹方玖誉花园.前海塔尖圈层豪宅.户型方正装修豪华.急卖房,"近地铁
新上
西南
民水民电",3330.0,139945
福田,香蜜湖,翠海花园（二期）,4.0,2.0,242.0,2980,123140,94.0,翠海不常有的大平层安静采光好深高荔园双保险,"近地铁
新上
南
民水民电",2682.0,110826
罗湖,翠竹,鸿业苑,4.0,2.0,170.0,1030,60588,393.0,名豪居，业主有心卖，配套齐全，独立车位，采光通透,"近地铁
新上
南
民水民电",927.0,54529
罗湖,人民南,云景豪园,2.0,2.0,71.0,370,52112,210.0,高位站岗，现在急需出手，可改三房，急，急，急,"近地铁
新上
民水民电
电梯房",333.0,46901
龙岗,坪地,宜城风景花园,2.0,2.0,66.55,185,27798,953.0,宜城风景精装两房，业主换房，诚心出售，价格可谈,"近地铁
新上
南
民水民电",166.5,25018
罗湖,洪湖,鹏大厦,1.0,1.0,36.61,400,109259,248.0,300万急售 总价低 近地铁 带深中,"近地铁
新上
北
民水民电",360.0,98333
龙岗,布吉,信义假日名城(六期溢芳园),3.0,2.0,93.44,380,40667,693.0,信义六期溢芳园 满五年 户型方正 实用率高 住家首选 朝东南,"近地铁
新上
南
民水民电",342.0,36600
龙岗,坂田,佳兆业城市广场（一期）,3.0,2.0,89.0,435,48876,534.0,朝南三房急卖，保养好随时看房，水费少红本交易快，视线开阔,"近地铁
新上
南
民水民电",391.5,43988
宝安,宝安中心区,深业新岸线（一期）,3.0,2.0,123.0,900,73170,326.0,笋盘出售看房方便,"近地铁
新上
民水民电
电梯房",810.0,65853
宝安,碧海,碧海富通城（一期）,3.0,2.0,96.48,600,62189,,富通城笋盘出售,"新上
北
民水民电
电梯房",540.0,55970
罗湖,布心,观山瑞苑,1.0,1.0,36.37,205,56365,621.0,罗湖次新刚需上车小户型,"近地铁
新上
东南
民水民电",184.5,50728
福田,红树湾,中信红树湾花城北区,2.0,2.0,90.84,1800,198150,592.0,中信红树湾北区，端头位置，采光很好，安静居家舒适,"近地铁
南
民水民电
电梯房",1620.0,178335
福田,香蜜湖,东海国际公寓,3.0,2.0,134.6,1400,104011,409.0,香蜜湖新上房源带露台的房子，业主移民诚心出售,"近地铁
北
民水民电
电梯房",1260.0,93610
罗湖,莲塘,鹏兴花园（六期）,3.0,2.0,120.38,599,49759,378.0,莲塘中芯拎包入住，300米内可达地铁、华润万家、鹏兴1-6年,"近地铁
新上
南北通
民水民电",539.1,44783
宝安,碧海,华丰前海湾（一期）,4.0,2.0,143.29,1080,75371,814.0,前海一线海景大平层，拎包入住,"近地铁
新上
南
民水民电",972.0,67834
罗湖,莲塘,名骏豪庭,3.0,2.0,85.23,360,42238,703.0,人车分流小区 名骏豪庭方正实用3房 近莲南小接送孩子方便,"近地铁
新上
北
民水民电",324.0,38014
盐田,梅沙,万科东海岸四期（达观居）,2.0,1.0,89.35,350,39171,,精致装修3房大阳台诚意出售,"新上
南
民水民电
电梯房",315.0,35254
龙华,上塘,潜龙曼海宁花园（南区）,2.0,2.0,67.0,410,61194,408.0,上塘地铁口，带高峰名效，精装修大两房，朝南向，视野采光好,"近地铁
新上
南
民水民电",369.0,55075
龙岗,坂田,第五园(七期璞悦山),4.0,2.0,175.69,1280,72855,,半山豪宅，看银湖山脉水库，南北通透，四房三卫,"新上
南北通
民水民电
带家私",1152.0,65570
龙岗,布吉,桂芳园（一期）,2.0,2.0,62.0,260,41935,390.0,桂芳园一期步梯两房带舒适一楼小院户型方正种花种草使用率高,"近地铁
新上
西
民水民电",234.0,37742
罗湖,人民南,置地广场,1.0,1.0,39.21,225,57383,330.0,置地逸轩，一房一厅，业主诚心出售,"近地铁
新上
西南
民水民电",202.5,51645
南山,桃园,香瑞园,3.0,2.0,87.1,680,78071,513.0,87平米南向3房，精装修，拎包入住，小洋房,"近地铁
新上
民水民电
电梯房",612.0,70264
罗湖,翠竹,怡泰大厦,2.0,1.0,67.54,350,51821,339.0,现房出售 精装两房 中间楼层 翠竹外国语旁边,"近地铁
北
民水民电
电梯房",315.0,46639
罗湖,翠竹,翠竹苑,2.0,1.0,56.67,350,61761,326.0,翠竹地铁口带翠晓，近公园，生活配套好,"近地铁
南
民水民电
带家电",315.0,55585
南山,科技园南区,阳光带海滨城二期,3.0,2.0,109.61,1300,118602,110.0,深圳彩虹之岸三房出售，业主诚心出售，价格有惊喜,"近地铁
新上
西南
民水民电",1170.0,106742
罗湖,人民南,新银座华庭,1.0,1.0,44.96,260,57829,128.0,新银座，一房一厅，业主诚心出售,"近地铁
新上
北
民水民电",234.0,52046
罗湖,人民南,新银座华庭,2.0,1.0,47.0,250,53191,128.0,新银座，一房一厅，业主诚心出售,"近地铁
新上
南
民水民电",225.0,47872
罗湖,人民南,双城世纪大厦,2.0,2.0,72.0,320,44444,256.0,双城世纪，大二房一厅，业主诚心出售,"近地铁
新上
东南
民水民电",288.0,40000
罗湖,人民南,置地广场,1.0,1.0,39.0,200,51282,330.0,好房出来了，仅需180万可拿下,"近地铁
新上
西
民水民电",180.0,46154
宝安,沙井,万科翡丽郡（一期）,3.0,2.0,88.0,330,37500,,采光好，高楼层，视野开阔，价格少于市场价,"新上
南
民水民电
电梯房",297.0,33750
福田,香蜜湖,东海花园（二期福禄居),3.0,2.0,129.93,1580,121603,286.0,东海花园二期，新上高层朝南3+1房，户型实用，视野开阔，急卖,"近地铁
新上
南
民水民电",1422.0,109443
南山,深圳湾,恒裕滨城花园（二期）,3.0,2.0,83.23,2100,252312,166.0,离深圳湾公园一步之遥，豪华装修，看房方便,"近地铁
新上
西南
民水民电",1890.0,227081
罗湖,布心,观山瑞苑,2.0,2.0,61.18,268,43805,621.0,业主着急出手，价格可谈,"近地铁
新上
东南
民水民电",241.2,39424
罗湖,笋岗,嘉宝田花园,3.0,2.0,88.0,550,62500,564.0,嘉宝田花园，笋岗核心地段，桂圆未用，实用率高,"近地铁
新上
南
民水民电",495.0,56250
罗湖,人民南,新银座华庭,1.0,,23.56,130,55178,128.0,新银座罗湖口岸旁边1房诚心出售,"近地铁
新上
南
民水民电",117.0,49660
罗湖,黄贝岭,凤凰印象,1.0,1.0,41.55,230,55354,381.0,螺岭学房地铁口红本在手满5年急售价格可谈次新房,"近地铁
新上
南
民水民电",207.0,49819
罗湖,洪湖,鹏大厦,1.0,1.0,37.0,340,91891,248.0,业主诚心卖翠竹深中洪湖地铁口万科物业次新楼盘鹏大厦精装一房,"近地铁
新上
西
民水民电",306.0,82702
南山,华侨城,香山美墅云邸,4.0,2.0,186.75,2299,123105,,香山美墅云邸 精装 186平 4房 诚售,"新上
西南
民水民电
电梯房",2069.1,110794
南山,华侨城,香山美墅云邸,4.0,2.0,177.0,2500,141242,,香山美墅云邸 177平 4房 诚售 看房方便,"新上
西南
民水民电
电梯房",2250.0,127118
罗湖,翠竹,翠华花园,2.0,2.0,64.95,330,50808,253.0,翠华花园 翠竹小。学-翠园  小三房保养好,"近地铁
新上
东西通
民水民电",297.0,45727
罗湖,人民南,双城世纪大厦,2.0,1.0,72.09,308,42724,256.0,双城世纪两房一厅 业主急急急售拎包入住双地铁,"近地铁
新上
西南
民水民电",277.2,38452
罗湖,人民南,阳光新干线家园,1.0,1.0,40.0,165,41250,224.0,户型方正装修保养好，价钱可谈，花园带泳池幼儿园满五年,"近地铁
新上
北
民水民电",148.5,37125
罗湖,人民南,云景豪园,1.0,1.0,46.83,265,56587,210.0,南向看泳池 精装一房 红本在手 看房方便,"近地铁
民水民电
电梯房
精装修",238.5,50928
罗湖,人民南,置地广场,1.0,1.0,46.0,270,58695,330.0,客厅出阳台，租约6000元，近罗湖关口，价钱好商量,"近地铁
北
民水民电
电梯房",243.0,52826
罗湖,洪湖,洪湖花园,2.0,2.0,83.36,300,35988,875.0,朝南采光通风，有钥匙看房方便，近公园,"近地铁
新上
南
民水民电",270.0,32389
龙岗,大运,中海康城花园,3.0,2.0,88.0,300,34090,,中海康城花园，西南视野好，港中大书包,"新上
南
民水民电
电梯房",270.0,30681
宝安,西乡,合正汇一城,4.0,2.0,125.99,700,55559,66.0,精装房业主急售,"近地铁
新上
东南
民水民电",630.0,50003
龙岗,龙岗中心城,公园大地花园,4.0,2.0,166.63,1120,67214,953.0,公园大地花园 大4房 客厅出弧形大阳台 高楼层 可拎包入住,"近地铁
新上
南
民水民电",1008.0,60493
罗湖,莲塘,鹏兴花园（二期）,4.0,2.0,127.35,880,69100,238.0,鹏兴花园二期，高楼层，朝南向，精装三房，红本五年，随时可看。,"近地铁
南北通
民水民电
电梯房",792.0,62190
罗湖,黄贝岭,深业东岭花园（一期）,2.0,2.0,70.5,420,59574,435.0,东岭两房，只要360万，满五年，地铁口,"近地铁
新上
西北
民水民电",378.0,53617
宝安,桃源居,桃源居十一区,3.0,2.0,110.23,520,47174,461.0,桃源居精装南北通透三房，满五年红本，采光好，户型方正，安静,"近地铁
新上
南
民水民电",468.0,42457
盐田,沙头角,倚山花园（三期）,3.0,2.0,89.44,350,39132,632.0,大花园停车位充足临地铁大阳台3房,"近地铁
新上
东南
民水民电",315.0,35219
南山,前海,阳光棕榈园（三期）,3.0,2.0,105.0,850,80952,845.0,阳光棕榈，精装2房，满五年，近地铁口，诚心出售,"近地铁
新上
南
民水民电",765.0,72857
宝安,桃源居,桃源居十五区,3.0,2.0,87.32,398,45579,518.0,拎包即住看房可提前预约！满五年税少，中间楼层有赠送采光好！,"近地铁
新上
南
民水民电",358.2,41021
罗湖,布心,阳光明居,2.0,1.0,55.0,400,72727,459.0,285万急售 总价低 小高层 户型实用 带翠园学..位,"近地铁
新上
北
民水民电",360.0,65454
罗湖,百仕达,万事达名苑,2.0,2.0,71.0,310,43661,491.0,万事达小高层2房急售,"近地铁
新上
民水民电
电梯房",279.0,39295
龙岗,布吉,佳兆业可园（七期）,5.0,2.0,172.38,838,48613,758.0,小区中间大平层通透送的面积大,"近地铁
新上
南
民水民电",754.2,43752
罗湖,莲塘,名骏豪庭,1.0,1.0,43.0,200,46511,703.0,名骏豪庭，一房一厅，南北通，高楼层，景观好，全新装修，,"近地铁
新上
南
民水民电",180.0,41860
罗湖,翠竹,翠华花园,4.0,2.0,123.85,700,56519,253.0,地铁口物业书包大四房带花园小区,"近地铁
新上
南
民水民电",630.0,50867
罗湖,万象城,中海天钻,3.0,2.0,110.94,880,79322,399.0,中海天钻 精装修3房出售 大花园社区 南向景观 楼下地铁口,"近地铁
新上
南
民水民电",792.0,71390
罗湖,新秀,东方都会大厦,1.0,,30.56,122,39921,633.0,精装一房，急卖价，只要100万,"近地铁
新上
民水民电
电梯房",109.8,35929
罗湖,百仕达,东乐花园(罗湖),2.0,2.0,77.35,345,44602,393.0,急卖，价格有很大空间,"近地铁
南
民水民电
拎包入住",310.5,40142
宝安,碧海,华丰前海湾（二期）,4.0,2.0,129.76,1180,90937,748.0,华丰前海湾 高楼层 看海景大四房 急卖 自住 次新小区,"近地铁
新上
西南
民水民电",1062.0,81843
南山,西丽,博林天瑞花园(一期),4.0,2.0,156.96,1420,90468,755.0,南山精品小区次新,"近地铁
新上
东南
民水民电",1278.0,81421
宝安,桃源居,桃源居世外桃源,5.0,2.0,182.02,900,49445,387.0,桃源居新上（电梯顶复）5房（3层空间）挑空大客厅 南北通透,"近地铁
新上
南北通
民水民电",810.0,44500
宝安,桃源居,桃源居十四区,2.0,2.0,58.52,240,41011,260.0,地铁口精装两房，户型方正，安静看花园，价格可谈，业主诚心出售,"近地铁
新上
北
民水民电",216.0,36910
宝安,新安,中洲华府（一期）,4.0,2.0,185.84,1680,90400,493.0,200万豪华装修，原始5房改成4房，诚心出售可议价,"近地铁
新上
西北
民水民电",1512.0,81360
罗湖,洪湖,鹏大厦,1.0,1.0,39.89,360,90248,248.0,深中万科物业次新楼盘鹏大厦精装一房厅出阳台近洪湖地铁口配套齐,"近地铁
新上
北
民水民电",324.0,81223
龙岗,坂田,四季花城(三期北区),3.0,2.0,90.0,419,46555,364.0,坂田万科四季花城，低密度，90平复式3+1房带露台，装修好,"近地铁
新上
南北通
民水民电",377.1,41900
宝安,宝安中心区,鸿荣源尚都,4.0,2.0,133.34,1330,99745,513.0,宝安中区鸿荣源地产开发明星楼盘好房在这里！！,"近地铁
新上
南北通
民水民电",1197.0,89770
宝安,碧海,碧海富通城（一期）,2.0,2.0,72.0,425,59027,,南北通户型，赠送露台，税费少,"新上
东
民水民电",382.5,53124
福田,红树湾,中信红树湾花城北区,3.0,2.0,152.32,1550,101759,592.0,中信红树湾153平温馨居家舒适户型带大阳台海景高尔夫景,"近地铁
西南
民水民电
电梯房",1395.0,91583
福田,红树湾,红树西岸,3.0,2.0,267.65,6500,242854,446.0,红树西岸266平中空复试端头位三面采光海景高尔夫景,"近地铁
东西通
民水民电
电梯房",5850.0,218569
盐田,沙头角,蓝郡广场,6.0,2.0,188.13,1188,63147,607.0,蓝郡广场 畅享东部湾美丽的景观资源,"近地铁
新上
南北通
民水民电",1069.2,56832
罗湖,布心,阳光明居,2.0,2.0,75.26,470,62450,459.0,阳光明居，业主有心卖，谈价空间大，租金高，配套齐全,"近地铁
新上
东南
民水民电",423.0,56205
罗湖,人民南,置地广场,2.0,1.0,56.0,288,51428,330.0,罗湖口岸，国贸，金光华—置地逸轩60平，朝南业主急卖,"近地铁
新上
南
民水民电",259.2,46285
罗湖,人民南,双城世纪大厦,2.0,1.0,62.82,320,50939,256.0,业主有心卖，谈价空间大，配套齐全，租金高。,"近地铁
新上
南
民水民电",288.0,45845
宝安,碧海,碧海富通城（三期）,1.0,1.0,40.41,195,48255,942.0,富通城可改一房一厅业主诚心卖,"近地铁
新上
东北
民水民电",175.5,43430
龙岗,龙岗中心城,万科清林径,4.0,2.0,86.61,250,28865,,万科清林径笋盘推荐：南北通大四房，满五税少，超高赠送，急售房,"新上
南北通
民水民电
电梯房",225.0,25978
宝安,碧海,康达尔山海上园(二期),3.0,2.0,89.0,480,53932,,业主诚心出售，价格可谈,"新上
南
民水民电
电梯房",432.0,48539
龙华,深圳北站,圣莫丽斯花园（三期）,4.0,2.0,233.41,2380,101966,,圣莫里斯大平层，少有放麦的，户型方正大气，看湖景园林景观,"新上
南北通
民水民电
精装修",2142.0,91769
罗湖,黄贝岭,金城华庭,1.0,1.0,35.71,210,58807,528.0,金城华庭，上新好房，红本满五唯壹，带螺岭，看房方便,"近地铁
新上
南
民水民电",189.0,52926
福田,梅林,嘉鑫阳光雅居,3.0,2.0,88.0,720,81818,553.0,嘉鑫阳光雅居88平南向3房安静看山景车位充足,"近地铁
新上
东南
民水民电",648.0,73636
龙岗,坂田,第五园（一期）,5.0,2.0,234.0,2245,95940,,稀，联排别墅，中式风格，私密性好，位置安静,"新上
南北通
民水民电
精装修",2020.5,86346
罗湖,翠竹,龙屋,3.0,2.0,85.58,600,70109,550.0,龙屋深圳在，业主诚心卖,"近地铁
新上
南
民水民电",540.0,63098
龙华,龙华中心,壹成中心花园(五区),3.0,2.0,70.03,375,53548,,壹成五区精装修3房换房诚心出售,"西南
民水民电
电梯房
拎包入住",337.5,48193
南山,华侨城,世纪村2期,4.0,2.0,153.3,1450,94585,704.0,新上深圳湾超级总部基地旁世纪村精装四房业主诚心出售,"近地铁
西南
民水民电
电梯房",1305.0,85126
南山,华侨城,新天鹅堡三期,3.0,,123.0,1750,142276,609.0,安静精装特价！新天鹅堡三期大三房，业主急卖，看房方便,"近地铁
新上
南
民水民电",1575.0,128048
罗湖,布心,淘金山湖景花园一期,3.0,2.0,149.09,1080,72439,745.0,淘金山一面湖一面山户型方正采光好业主诚心出售,"近地铁
新上
东南
民水民电",972.0,65195
福田,香蜜湖,翠海花园（一期）,3.0,2.0,91.0,1200,131868,259.0,香蜜公园旁 翠海花园 高实用三房 近地铁 花园社区,"近地铁
新上
南
民水民电",1080.0,118681
南山,深圳湾,恒裕滨城花园（二期）,3.0,2.0,83.0,2100,253012,166.0,恒裕滨城二期83平精装三房,"近地铁
新上
西南
民水民电",1890.0,227711
盐田,盐田港,金港盛世华庭,3.0,2.0,86.08,310,36013,969.0,大阳台精装修自己住买来不用装修地铁口,"近地铁
新上
东南
民水民电",279.0,32412
宝安,沙井,博林君瑞,3.0,2.0,89.0,360,40449,,博林君瑞新出业主急售房，满五唯一即买即住，保养好价格好谈,"新上
东南
民水民电
电梯房",324.0,36404
宝安,宝安中心区,丽晶国际,3.0,2.0,112.0,870,77678,324.0,丽晶国际大3房，高层正南采光好，住家精装诚心卖，看房约,"近地铁
新上
南
民水民电",783.0,69910
宝安,宝安中心区,丽晶国际,4.0,2.0,197.3,1880,95286,324.0,丽晶国际  197平方大平层 东南向精装修 换房诚心出售,"近地铁
新上
西南
民水民电",1692.0,85757
龙岗,大运,星河时代,4.0,2.0,153.0,880,57516,696.0,星河时代花园.看花园，业主诚心出售，豪华装修，看房方便。,"近地铁
新上
东南
民水民电",792.0,51764
宝安,碧海,康达尔山海上园(一期),4.0,2.0,87.65,565,64460,,宝安西乡铁仔山公园旁大花园带泳池高使用率精装修四房业主急售,"新上
北
民水民电
电梯房",508.5,58014
福田,香蜜湖,安峦公馆,4.0,2.0,139.92,2099,150014,70.0,安峦公馆精装修四房可拎包直接入住次新房诚意出售,"近地铁
新上
西南
民水民电",1889.1,135013
罗湖,翠竹,龙丽园,3.0,2.0,86.28,500,57950,453.0,深圳中雪+锦田小雪 西南向三房 带车位 业主价格可谈,"近地铁
新上
民水民电
电梯房",450.0,52155
南山,前海,星海名城（一期）,3.0,2.0,105.52,730,69181,614.0,星海名城.南山红本在手.全新精装修..看房方便,"近地铁
新上
东北
民水民电",657.0,62263
罗湖,莲塘,鹏兴花园（二期）,4.0,2.0,203.67,1600,78558,238.0,鹏兴花园二期，顶楼复式，端头位，带大花园，看房方便，欢迎致电,"近地铁
南
民水民电
电梯房",1440.0,70702
罗湖,翠竹,翠拥华庭,3.0,2.0,98.71,520,52679,477.0,靠山小区，住家环境好，户型方正，近翠竹公园,"近地铁
新上
西北
民水民电",468.0,47411
福田,香蜜湖,东海花园（二期福禄居),4.0,2.0,164.18,1900,115726,286.0,东海花园福禄居四房带阳台固定车位,"近地铁
新上
北
民水民电",1710.0,104153
罗湖,洪湖,鹏大厦,1.0,,25.41,330,129870,248.0,深中书包房小户型，总价低，房子好出租,"近地铁
新上
东南
民水民电",297.0,116883
宝安,碧海,泰华阳光海,4.0,2.0,102.5,739,72097,255.0,泰华阳光海大园林社区11号线碧海湾站少见户型业主急售随时看房,"近地铁
新上
东南
民水民电",665.1,64887
宝安,碧海,碧海富通城（四期）,4.0,2.0,134.26,830,61820,872.0,新出笋盘，业主急售，南北通透，看房方便，价格可谈,"近地铁
新上
南北通
民水民电",747.0,55638
宝安,宝安中心区,壹方中心·玖誉(三期),3.0,2.0,95.33,1200,125878,250.0,壹方玖誉花园.鸿荣源开发前海豪宅.户型方正实用.装修豪华,"近地铁
新上
东北
民水民电",1080.0,113290
宝安,桃源居,桃源居十六区,1.0,2.0,69.32,420,60588,543.0,精装小2房，新小区环境优美，低总价入手,"近地铁
南北通
民水民电
电梯房",378.0,54529
宝安,桃源居,桃源居十五区,2.0,2.0,87.7,390,44469,518.0,新小区精装2房2厅，中高楼层采光好，房子户型方正,"近地铁
新上
东南
民水民电",351.0,40022
南山,华侨城,世纪村2期,3.0,2.0,139.57,1100,78813,704.0,急售世纪村二期139平3房送28平花园东南向,"近地铁
新上
东南
民水民电",990.0,70932
福田,红树湾,中信红树湾花城南区,2.0,2.0,98.0,1400,142857,467.0,中信南区送15平入户花园，高层，园景高尔夫景，看房方便,"近地铁
新上
西北
民水民电",1260.0,128571
福田,福田中心区,彩福大厦,2.0,2.0,77.31,430,55620,98.0,彩福大厦高层厅出阳台诚心出售,"近地铁
新上
西北
民水民电",387.0,50058
罗湖,黄贝岭,金城华庭,2.0,1.0,56.0,398,71071,528.0,金城华庭2房，小区安静，人车分流，户型方正,"近地铁
新上
北
民水民电",358.2,63964
龙岗,布吉,百合星城（二期）,4.0,2.0,122.0,550,45081,332.0,布吉地铁口百合星城二期高层南向大四房精装买过来可直接拎包入住,"近地铁
新上
南北通
民水民电",495.0,40573
罗湖,莲塘,名骏豪庭,2.0,2.0,66.87,320,47854,703.0,换三房卖价可谈，厅出阳台正南向两房采光好很安静，近地铁配套齐,"近地铁
新上
南
民水民电",288.0,43069
罗湖,新秀,东方都会大厦,1.0,,31.0,130,41935,633.0,新上单房，首付20万，有钥匙，看房方便,"近地铁
新上
西
民水民电",117.0,37742
罗湖,莲塘,梧桐山新居（一期）,2.0,2.0,63.98,280,43763,448.0,梧桐山新居朝南2房户型楼层好住家安静,"近地铁
新上
西南
民水民电",252.0,39387
龙岗,大运,中海康城花园,3.0,2.0,89.0,315,35393,,中海康城花园3房2卫精装修业主急售,"新上
西南
民水民电
电梯房",283.5,31854
龙岗,龙岗中心城,紫薇花园,3.0,2.0,100.56,330,32816,,龙城书包，紫薇花园，三房两卫，业主诚心放卖，看房方便,"新上
南北通
民水民电
精装修",297.0,29534
宝安,新安,新安湖花园（三期）,2.0,2.0,82.0,480,58536,425.0,温馨之家快乐传递,"近地铁
新上
东南
民水民电",432.0,52682
福田,福田中心区,彩福大厦,3.0,2.0,95.5,500,52356,98.0,福田CBD高层大三房，配套完善，交通便利，视野开阔，红五一,"近地铁
新上
东北
民水民电",450.0,47120
罗湖,百仕达,百仕达花园一期,4.0,2.0,163.23,980,60037,196.0,店董推荐好房，百仕达一期8号楼，精装修满五年，看东湖水库景观,"近地铁
新上
南
民水民电",882.0,54033
罗湖,黄贝岭,金城华庭,2.0,2.0,55.11,310,56251,528.0,小区物业管理完善设施齐全，与螺岭外国语一街之隔,"近地铁
新上
东
民水民电",279.0,50626
南山,南头,豪方天际花园,5.0,2.0,143.05,1500,104858,226.0,豪方天际花园近地铁及公园位置好交通便利户型好看房方便,"近地铁
新上
南
民水民电",1350.0,94372
福田,香蜜湖,香蜜湖水榭花都（三期）,4.0,2.0,205.0,4200,204878,541.0,水榭花都大平面看房方便价格有空间,"近地铁
新上
南北通
民水民电",3780.0,184390
罗湖,翠竹,龙丽园,3.0,2.0,86.28,600,69541,453.0,深中！精装三房 中间楼层 近地铁 业主诚心卖  看房方便！,"近地铁
新上
西南
民水民电",540.0,62587
罗湖,布心,翡翠园山湖居一期,4.0,1.0,80.0,390,48750,383.0,近期入手看这套，业主急卖，谈价空间大，配套齐全,"近地铁
新上
北
民水民电",351.0,43875
盐田,沙头角,壹海城（一期）,4.0,2.0,152.35,800,52510,100.0,壹海城精装复试 一线海景 看房方便,"近地铁
新上
南
民水民电",720.0,47259
罗湖,黄贝岭,金城华庭,1.0,1.0,38.0,200,52631,528.0,金城华庭  小户型一房出售 看房可约 螺岭,"近地铁
新上
北
民水民电",180.0,47368
罗湖,莲塘,四季御园（新世界四季御园）,3.0,2.0,88.0,470,53409,340.0,四季御园，精装大四房，看房方便,"近地铁
北
民水民电
电梯房",423.0,48068
宝安,宝安中心区,深业新岸线（三期）,2.0,1.0,88.0,780,88636,569.0,小区花园中间，装修保养好，可拎包入住,"近地铁
新上
西
民水民电",702.0,79772
福田,红树湾,中信红树湾花城南区,4.0,2.0,221.0,2800,126696,467.0,新上中信红树湾花城南区221平四房双套房，高层四个阳台,"近地铁
新上
东南
民水民电",2520.0,114026
罗湖,黄贝岭,深业东岭花园（二期）,2.0,2.0,71.98,485,67379,435.0,深业东岭二期（精装两房，急卖，大阳台，翠园本部，满五维一）,"近地铁
新上
西北
民水民电",436.5,60641
罗湖,黄贝岭,集浩花园,4.0,2.0,113.0,465,41150,402.0,集浩花园 带翠园精装3房 户型方正实用 朝南高层 业主有心卖,"近地铁
新上
东南
民水民电",418.5,37035
福田,皇岗口岸,深港一号,1.0,,42.36,250,59017,308.0,深港一号，精装修一房，朝东，采光好，视野开阔，近地铁口,"近地铁
南
民水民电
电梯房",225.0,53115
罗湖,布心,松泉公寓,2.0,1.0,57.89,220,38003,520.0,水贝地铁口松泉公寓精装两房出售,"近地铁
北
民水民电
精装修",198.0,34203
南山,华侨城,锦绣花园二期,3.0,2.0,180.0,1250,69444,399.0,锦绣花园二期180平方米三房二厅，大阳台，中间楼层，红本在手,"近地铁
新上
西南
民水民电",1125.0,62500
福田,香蜜湖,兰江山第,2.0,2.0,88.55,840,94861,,新出香蜜湖半山豪宅，南向安静看山景，看房方便，业主急卖可议价,"新上
南北通
民水民电
精装修",756.0,85375
罗湖,翠竹,金翠园,1.0,1.0,56.0,700,125000,527.0,价格可谈诚心出售,"近地铁
新上
东
民水民电",630.0,112500
宝安,宝安中心区,宏发领域,1.0,1.0,49.5,400,80808,212.0,租金高位置好宝中集团海天业主诚售,"近地铁
新上
东南
民水民电",360.0,72727
宝安,宝安中心区,宏发领域,2.0,1.0,78.0,550,70512,212.0,1.5.11地铁环绕商住二用租金高业主诚售,"近地铁
新上
民水民电
电梯房",495.0,63461
罗湖,百仕达,新港鸿花园,2.0,2.0,71.0,340,47887,429.0,新上新港鸿两房，随时可以看房，户型方正实用,"近地铁
新上
南
民水民电",306.0,43098
福田,石厦,皇都广场,1.0,,61.0,120,19672,462.0,皇都广场近平安金融大厦，会展馆,"近地铁
新上
东
民水民电",108.0,17705
罗湖,百仕达,百仕达花园一期,3.0,2.0,100.9,590,58473,374.0,百仕达花园多层100平3房价格美丽！,"近地铁
新上
南北通
民水民电",531.0,52626
福田,水围,金港豪庭,2.0,2.0,74.22,580,78146,467.0,福田口岸，金港豪庭74平，两房出售，精装急售,"近地铁
新上
南
民水民电",522.0,70331
罗湖,人民南,新银座华庭,2.0,2.0,66.71,480,71953,128.0,新银座朝南大两房 送70平方大阳台 豪装 罗湖口岸 双地铁,"近地铁
新上
东南
民水民电",432.0,64758
盐田,梅沙,万科东海岸四期（海逸居）,4.0,2.0,188.4,1100,58386,,万科东海岸四期 上下四层别墅 前后独立院子,"新上
南北通
民水民电",990.0,52547
罗湖,百仕达,华达园公寓,1.0,1.0,28.09,115,40939,522.0,水贝珠宝 全新豪华装修,"近地铁
新上
北
民水民电",103.5,36845
南山,蛇口,天海豪景园,5.0,2.0,233.75,1550,66310,918.0,蛇口四海公园旁天海豪景苑业主自住看四海公园看房方便业主急售,"近地铁
南北通
民水民电
电梯房",1395.0,59679
宝安,新安,华联城市全景花园,4.0,2.0,162.0,1550,95679,303.0,华联城市全景花园，162平方4房2厅，新挂盘，南北通透，中层,"近地铁
新上
东南
民水民电",1395.0,86111
宝安,沙井,西荟城（三期）,4.0,2.0,138.0,650,47101,965.0,西荟城四期大户型 业主急卖,"近地铁
南
民水民电
电梯房",585.0,42391
宝安,沙井,鸿荣源禧园,3.0,2.0,92.08,425,46155,480.0,沙井地铁口佳漾汇商业精装三房大阳台看房方便,"近地铁
新上
东北
民水民电",382.5,41540
南山,蛇口,雍景湾花园,4.0,2.0,134.99,1680,124453,787.0,老业主 委托4房高赠送满五红本育才二小二中,"近地铁
新上
南北通
民水民电",1512.0,112008
南山,后海,蔚蓝海岸社区首期,5.0,2.0,172.54,1680,97368,113.0,深圳湾云玺旁，蔚蓝海岸首期园中园中空复式，南北通业主出国急售,"近地铁
新上
南
民水民电",1512.0,87631
光明,光明中心区,龙光玖龙台,4.0,2.0,103.0,560,54368,422.0,玖龙台四房笋盘中间楼层手慢无,"近地铁
新上
东南
民水民电",504.0,48931
光明,光明中心区,龙光玖龙台,3.0,2.0,88.0,460,52272,422.0,玖龙台三房笋盘面向花园手慢无,"近地铁
新上
东南
民水民电",414.0,47045
南山,蛇口,玫瑰园,3.0,2.0,76.5,580,75816,375.0,四海公园旁育才二小二中玫瑰园三房业主诚心出售低楼层,"近地铁
新上
南
民水民电",522.0,68234
南山,蛇口,四海公寓,1.0,1.0,40.0,288,72000,757.0,四海公寓精装1房2010年房子近四海公园,"近地铁
东南
民水民电
电梯房",259.2,64800
南山,华侨城,新天鹅堡二期,4.0,2.0,258.95,5600,216257,588.0,天鹅湖花园二期：看全湖景4+1房，豪华装修，拎包入住,"近地铁
新上
南北通
民水民电",5040.0,194631
南山,华侨城,香山美墅云颂,3.0,2.0,137.0,1540,112408,,华侨城次新房南北通透3房全新装修满五唯一看房方便,"满二年
新上
南北通
民水民电",1386.0,101167
福田,梅林,四季山水花园,4.0,2.0,181.0,1620,89502,624.0,四季山水花园 南北通透高区楼楼层  视野开阔，采光效果好,"近地铁
新上
东南
民水民电",1458.0,80552
福田,梅林,四季山水花园（二期）,4.0,2.0,155.0,1550,100000,582.0,四季山水花园二期小区出门即是地铁口9号线下梅林站,"近地铁
新上
南
民水民电",1395.0,90000
福田,香蜜湖,海德园,4.0,2.0,249.0,3000,120481,,海德园5套房，南北通透，3.6米层高，业主亏本急卖，只需契税,"南北通
民水民电
电梯房
有钥匙",2700.0,108433
南山,南油,新一代大厦,1.0,1.0,37.86,225,59429,565.0,门口是50平的大平台南北通透送5平的套内面积,"近地铁
新上
北
民水民电",202.5,53486
南山,蛇口,海上世界双玺花园一期,3.0,2.0,222.84,5000,224376,555.0,海上世界双玺花园一期，小洋房，降价出售，看房方便，可以谈,"近地铁
新上
南
民水民电",4500.0,201938
福田,莲花,深业上城,3.0,2.0,227.41,1800,79152,465.0,深业上城，新上3+1房笋盘，南北通透，业主诚心出售，价格可谈,"近地铁
新上
南北通
民水民电",1620.0,71237
福田,福田中心区,中心天元,4.0,3.0,330.0,4090,123939,366.0,福田CBD次新豪宅大平层，全新入伙未住，满2年仅需契税,"近地铁
南北通
民水民电
电梯房",3681.0,111545
罗湖,莲塘,四季御园（新世界四季御园）,3.0,2.0,78.0,500,64102,340.0,新世界四季御园，口岸物业，精装三房，朝南向，高楼层,"近地铁
新上
东南
民水民电",450.0,57692
龙岗,布吉,信义金御半山（三期信义荔景御园）,4.0,2.0,89.17,605,67847,525.0,金御半山三期客厅正出阳台横厅设计使用率高四房,"近地铁
新上
东西通
民水民电",544.5,61062
宝安,西乡,润恒尚园,5.0,2.0,129.57,798,61588,,碧海高品质次新居家小区，户型好车位充足，换房诚心出售,"新上
西南
民水民电
电梯房",718.2,55429
福田,香蜜湖,港中旅花园（一期）,4.0,2.0,178.0,2680,150561,55.0,董事长的家178平豪气横厅，大开间，你理想中的样子,"近地铁
新上
南北通
民水民电",2412.0,135505
南山,华侨城,香山美墅果岭,4.0,2.0,167.28,2080,124342,,香山美墅果岭安静4房 南北通透 高性价比 满五价格可谈,"满二年
新上
东南
民水民电",1872.0,111908
盐田,沙头角,蓝郡广场,3.0,2.0,149.0,1250,83892,607.0,蓝郡广场，品质豪宅，复试高层海景，看房方便,"近地铁
新上
东南
民水民电",1125.0,75503
宝安,桃源居,桃源居十五区,3.0,2.0,120.0,500,41666,518.0,性价比高 户型方正 近地铁口 小区较新,"近地铁
新上
南
民水民电",450.0,37499
福田,福田中心区,黄埔雅苑（三期乐悠园）,3.0,2.0,143.0,1300,90909,402.0,上新！黄埔雅苑三期，双龙抱珠，独门独户，双景观阳台，安静,"近地铁
新上
东北
民水民电",1170.0,81818
福田,梅林,四季山水花园,5.0,2.0,232.7,1980,85088,624.0,福田新世界四季山水花园南北通5房诚心出售满五,"近地铁
新上
南北通
民水民电",1782.0,76579
宝安,桃源居,桃源居十五区,4.0,2.0,153.57,688,44800,518.0,桃源居十五区，精装大四房，业主诚心出售，看房方便，价格可谈,"近地铁
新上
南
民水民电",619.2,40320
龙岗,布吉,信义金御半山（三期信义荔景御园）,3.0,2.0,74.0,430,58108,525.0,万象汇楼上，金御半山三期，高楼层，东南向，厅出阳台，拎包入住,"近地铁
新上
东南
民水民电",387.0,52297
龙华,深圳北站,圣莫丽斯花园（三期）,4.0,2.0,170.38,1100,64561,,圣莫丽斯三期，新上高层朝南四房，大阳台，视野开阔，急卖,"东南
民水民电
电梯房
拎包入住",990.0,58105
罗湖,翠竹,合正荣悦,3.0,3.0,86.24,750,86966,410.0,【新上房源 满两年 税费少 配套完善 业主诚心放卖,"近地铁
新上
南北通
民水民电",675.0,78269
福田,上下沙,金域蓝湾,3.0,2.0,163.79,1198,73142,722.0,"万科金域蓝湾,高层，大平面，南向，全海景，红树林景观，保养好","近地铁
南
民水民电
电梯房",1078.2,65828
罗湖,黄贝岭,深业东岭花园（二期）,2.0,2.0,70.0,460,65714,435.0,深业东岭二期东南朝向高层 满五税少 翠园本部未 用业主急售,"近地铁
新上
东南
民水民电",414.0,59143
宝安,新安,中粮大悦城,4.0,2.0,120.0,1300,108333,494.0,宝中4房急售，看房方便,"近地铁
新上
东南
民水民电",1170.0,97500
宝安,新安,宝民花园(二十四区商住楼),3.0,2.0,87.7,330,37628,622.0,大悦城旁带150多平私家露台总价330万,"近地铁
新上
东
民水民电",297.0,33865
福田,香蜜湖,锦庐花园,3.0,2.0,87.0,1198,137701,224.0,锦庐花园实用3房，装修保养非常好，业主急卖，价好谈带车位,"近地铁
新上
北
民水民电",1078.2,123931
南山,后海,蔚蓝海岸社区三期,4.0,2.0,161.8,1850,114338,293.0,老客户换房急售华润云玺旁，蔚蓝海岸三期一梯一户四房，景观安静,"近地铁
新上
南北通
民水民电",1665.0,102904
罗湖,新秀,东方都会大厦,1.0,,31.84,130,40829,633.0,自家亲戚房子，只讲价格，不用讲道理，有兴趣来聊,"近地铁
东
民水民电
电梯房",117.0,36746
福田,香蜜湖,锦庐花园,6.0,2.0,183.0,4500,245901,224.0,锦庐花园六房复式，精装，南北向，上下共三层，户型好，视野开阔,"近地铁
新上
东南
民水民电",4050.0,221311
南山,蛇口,临海揽山御园,3.0,2.0,116.0,1270,109482,,蛇口临海揽山 背山面海全屋新装修三房拎包住,"新上
南
民水民电
电梯房",1143.0,98534
宝安,沙井,西荟城（一期）,4.0,2.0,150.64,538,35714,827.0,沙井西荟城，大面积4房，南北通透，配套齐全，装修漂亮,"近地铁
南北通
民水民电
电梯房",484.2,32143
福田,保税区,华尔登府邸,3.0,2.0,155.97,790,50650,744.0,加福广场，住宅，高楼层。价格可谈,"近地铁
西南
民水民电
电梯房",711.0,45585
盐田,沙头角,东部阳光,4.0,2.0,153.9,550,35737,,沙头角地铁口物业跃式,"西南
民水民电
电梯房",495.0,32163
盐田,盐田港,倚山时代,2.0,2.0,33.37,150,44950,,倚山时代 原装大两房 高楼层 带20平私人露台,"东北
民水民电
电梯房
精装修",135.0,40455
南山,深圳湾,颐安阅海台,2.0,2.0,60.0,850,141666,346.0,颐安阅海60平实用100平精装复式2加1房，南北通透带阳台,"近地铁
新上
南
民水民电",765.0,127499
南山,蛇口,雍景湾花园,3.0,2.0,89.01,1250,140433,787.0,招商雍景湾位于蛇口人文发源地四海公园东,"近地铁
新上
南
民水民电",1125.0,126390
罗湖,黄贝岭,深业东岭花园（一期）,1.0,1.0,42.0,247,58809,435.0,深业东岭一期荀盘，业主急售，红本满五年，翠园未用,"近地铁
新上
西
民水民电",222.3,52928
罗湖,翠竹,金翠园,3.0,2.0,86.87,770,88638,527.0,深中未用，金翠园荀盘，业主自住，随时看房，停车位充足,"近地铁
新上
南
民水民电",693.0,79774
宝安,新安,佳华书苑雅阁,2.0,2.0,70.41,558,79250,678.0,佳华书苑同乐出口洪浪公园近地铁商业沃尔玛安静舒适,"近地铁
东南
民水民电
电梯房",502.2,71325
宝安,新安,宝民花园(二十四区商住楼),3.0,2.0,104.0,449,43173,622.0,宝民花园大悦城商业综合体精装修大三房拎包入住双地铁,"近地铁
南
民水民电
拎包入住",404.1,38856
南山,蛇口,水湾小区,1.0,,31.78,300,94398,204.0,水湾小区，南北通透，精典小户型，近地铁口，育才一小三中，安静,"近地铁
南北通
民水民电
拎包入住",270.0,84958
罗湖,莲塘,四季御园（新世界四季御园）,3.0,2.0,83.33,460,55202,340.0,口岸楼上大三房看房方便价格好沟通,"近地铁
新上
南
民水民电",414.0,49682
宝安,新安,中洲中央公园,3.0,2.0,163.87,828,50527,430.0,中洲华府精装修三房双地铁口灵芝公园大悦城商业综合体,"近地铁
东北
民水民电
精装修",745.2,45474
南山,蛇口,雍景湾花园,4.0,2.0,178.0,2080,116853,787.0,雍景湾大平层少有放卖育才二小二中近四海公园业主急售,"近地铁
东南
民水民电
电梯房",1872.0,105168
南山,蛇口,雍景湾花园,4.0,2.0,178.0,2080,116853,787.0,雍景湾大四房两卫东南向育才二小二中车位足业主急售,"近地铁
南
民水民电
电梯房",1872.0,105168
宝安,沙井,星河荣御,2.0,2.0,69.7,180,25824,,星河荣御 精装修两房 近京基百纳天虹商场 商业医疗等配套完善,"新上
南
民水民电
电梯房",162.0,23242
宝安,沙井,万科星城名邸,3.0,2.0,99.11,410,41368,,万科星城业主急卖，楼层好看花园周边配套丰富小区绿化号,"西南
民水民电
精装修",369.0,37231
宝安,沙井,万科翡丽郡（一期）,4.0,2.0,126.0,450,35714,,万科翡丽郡业主诚心卖看房方便,"新上
东西通
民水民电
电梯房",405.0,32143
宝安,沙井,丽沙花都,2.0,2.0,76.33,260,34062,,丽沙花都业主急卖两房看房方便小区绿化好朝南看花园中间楼层,"南
民水民电
电梯房
拎包入住",234.0,30656
宝安,碧海,泰华阳光海,5.0,2.0,169.86,1450,85364,255.0,阳光海湾花园 豪装 4层 房子保养好 业主诚售,"近地铁
新上
南北通
民水民电",1305.0,76828
宝安,宝安中心区,花样年花郡家园,1.0,1.0,36.03,290,80488,419.0,花样年花珺家园近地铁周边配套成熟,"近地铁
新上
南
民水民电",261.0,72439
宝安,沙井,棕榈堡花园,4.0,2.0,135.0,600,44444,,采光充足，中高楼层，适合居家,"新上
南
民水民电
电梯房",540.0,40000
宝安,福永,会展湾东城广场,2.0,2.0,83.25,245,29429,461.0,会展湾东城楼下环境好看房有密码诚心出售满两年税费少,"近地铁
新上
南
民水民电",220.5,26486
宝安,福永,会展湾东城广场,2.0,2.0,84.0,245,29166,461.0,会展湾东城朝南看花园业主诚心卖新城区看房有密码,"近地铁
新上
南
民水民电",220.5,26249
罗湖,莲塘,四季御园（新世界四季御园）,3.0,2.0,83.6,488,58373,340.0,四季御园 莲塘口岸物业 地铁口 业主自己住 看房方便,"近地铁
新上
北
民水民电",439.2,52536
宝安,沙井,棕榈堡花园,4.0,2.0,138.54,600,43308,,棕榈堡花园138平4房，房子满5年，朝南向,"新上
南
民水民电
电梯房",540.0,38977
宝安,沙井,万科翡逸郡（二期）,3.0,2.0,88.0,350,39772,986.0,万科翡逸郡业主诚心卖看房方便,"近地铁
新上
南北通
民水民电",315.0,35795
宝安,福永,凤凰花苑,3.0,2.0,88.77,550,61957,,凤凰新天户型方正朝向好看房方便,"新上
南
民水民电
电梯房",495.0,55761
宝安,沙井,京基御景珑庭,3.0,2.0,96.0,418,43541,915.0,附近有大型商超，生活购物方便，富有生活气息,"近地铁
新上
南
民水民电",376.2,39187
南山,前海,赤湾生活小区,3.0,2.0,95.0,450,47368,,赤湾生活小区，背山面海，三房，业主急售,"南
民水民电",405.0,42631
南山,西丽,润城花园,2.0,2.0,83.0,650,78313,353.0,润城花园户型方正朝向好看房方便近地铁商圈配套成熟,"近地铁
南
民水民电
电梯房",585.0,70482
宝安,翻身,海滨广场,7.0,2.0,198.0,780,39393,377.0,海滨广场看房方便户型近 地铁靠近商圈生活配套成熟,"近地铁
新上
西南
民水民电",702.0,35454
宝安,新安,中洲华府（二期）,5.0,2.0,248.0,2600,104838,353.0,中洲华府双龙抱珠户型，看花园小区，价格有空间,"近地铁
新上
南
民水民电",2340.0,94354
宝安,新安,勤诚达22世纪二期,3.0,2.0,89.0,900,101123,193.0,3房户型 户型方正 使用率高 费用少 近地铁 价格可谈,"近地铁
新上
南
民水民电",810.0,91011
宝安,新安,华联城市全景花园,1.0,1.0,48.0,350,72916,303.0,华联宝中小户型急售,"近地铁
新上
东
民水民电",315.0,65624
罗湖,莲塘,四季御园（新世界四季御园）,3.0,2.0,83.6,430,51435,340.0,豪华装修，3房两厅，拎包入住,"近地铁
东北
民水民电
电梯房",387.0,46292
福田,宝安南,鸿翔花园,3.0,2.0,191.37,1265,66102,299.0,罗湖大花园排行榜四房两厅改成了三房看小区花园,"近地铁
南北通
民水民电
电梯房",1138.5,59492
宝安,新安,宝雅花园,3.0,2.0,101.6,600,59055,667.0,宝雅花园，书包房，位置好，诚心出售随时看房,"近地铁
新上
东南
民水民电",540.0,53150
宝安,新安,宝河大厦,2.0,2.0,72.8,450,61813,270.0,地铁口方便出行房子急售,"近地铁
东南
民水民电
电梯房",405.0,55632
福田,石厦,裕康时尚名居,1.0,1.0,39.66,320,80685,315.0,红岭+荔园书包未占用，红本，看房方便，一房一厅，价格可谈,"近地铁
南
民水民电
电梯房",288.0,72616
宝安,福永,龙翔山庄,9.0,2.0,305.0,2080,68196,,真正的景观好房 动静结合 悠然自得,"南
民水民电
电梯房
带家电",1872.0,61376
福田,宝安南,鸿翔花园,3.0,2.0,114.76,850,74067,299.0,罗湖大花园社区读桂园中小区带游泳池,"近地铁
西北
民水民电
电梯房",765.0,66660
福田,石厦,裕康时尚名居,1.0,1.0,39.5,310,78481,315.0,裕康时尚名居-40平的一房一厅-封闭式小区,"近地铁
北
民水民电
电梯房",279.0,70633
宝安,新安,丽景城,3.0,2.0,96.81,425,43900,42.0,宝中3房急售，看房方便,"近地铁
新上
南
民水民电",382.5,39510
宝安,沙井,拾悦城,4.0,2.0,101.3,380,37512,410.0,业主诚心出售,"近地铁
新上
南
民水民电",342.0,33761
宝安,新安,华联城市全景花园,1.0,1.0,48.0,300,62500,303.0,宝中小户型急售，看房方便,"近地铁
新上
南
民水民电",270.0,56250
南山,前海,诺德假日花园,2.0,2.0,66.5,550,82706,435.0,诺德假日花园7栋朝东 看花园高楼层视野开阔满五年业主低价出售,"近地铁
新上
南
民水民电",495.0,74435
宝安,沙井,博林君瑞,3.0,2.0,89.31,430,48146,,空间布局有致 和谐有序 清新空气自由穿行,"新上
南
民水民电
电梯房",387.0,43331
宝安,沙井,中熙香莎公馆,3.0,2.0,89.19,360,40363,,香莎公馆 精致户型 享受无限阳光生活,"新上
南
民水民电
电梯房",324.0,36327
福田,香蜜湖,兰江山第,5.0,2.0,298.3,3000,100569,,万科瑧山道298平大平层5加1房，三面采光，安静看山景,"新上
南北通
民水民电
电梯房",2700.0,90512
罗湖,翠竹,金丽豪苑,2.0,1.0,63.15,360,57007,319.0,380万急售 精装2房 带翠北加深中 近双地铁,"近地铁
西南
民水民电
电梯房",324.0,51306
盐田,沙头角,御景翠峰,1.0,1.0,29.78,168,56413,701.0,次新小区，地铁口物业，1房，1站到罗湖,"近地铁
新上
南
民水民电",151.2,50772
宝安,宝安中心区,高发西岸花园（三期）,8.0,3.0,297.64,4700,157908,353.0,前海空中别墅 诚心出售 全新毛坯 未入住 欢迎来电咨询,"近地铁
新上
南
民水民电",4230.0,142117
罗湖,布心,松泉公寓,1.0,,32.0,178,55625,520.0,翠园东晓在隔壁，满五年看房方便，低总价上车盘,"近地铁
南
民水民电
带家电",160.2,50062
罗湖,翠竹,翠竹苑,2.0,2.0,38.27,380,99294,326.0,户型南北通透，生活配套齐全。,"近地铁
东北
民水民电
电梯房",342.0,89365
南山,科技园,大冲新城花园,1.0,1.0,50.0,330,66000,461.0,大冲新城花园两房急售,"近地铁
新上
南
民水民电",297.0,59400
盐田,沙头角,碧桐湾,2.0,2.0,64.0,220,34375,296.0,沙头角口岸  碧桐湾  两房  看海景  性价比高税  好房,"近地铁
新上
东南
民水民电",198.0,30938
宝安,宝安中心区,深业新岸线（三期）,3.0,2.0,122.0,980,80327,569.0,深业新岸线三期，满五年，赠送面积大，客厅出阳台朝南看花园,"近地铁
新上
东南
民水民电",882.0,72294
盐田,盐田港,金港盛世华庭,6.0,2.0,186.98,900,48133,969.0,盐田中金港盛世的复试大宅,"近地铁
新上
南北通
民水民电",810.0,43320
盐田,梅沙,万科东海岸四期（海逸居）,5.0,4.0,247.0,1800,72874,,万科东海岸别墅，海景联排，已预留电梯位，满五年,"南
民水民电
有钥匙",1620.0,65587
坪山,坪山中心区,龙光玖云著大楼,2.0,2.0,51.0,82,16078,295.0,项目位于坪山区，离坪山高铁站很近,"近地铁
新上
北
民水民电",73.8,14470
罗湖,万象城,中海天钻,3.0,2.0,100.75,799,79305,399.0,蔡屋围，中海天钻100平米三房，东南朝向业主诚心出售。,"近地铁
新上
南
民水民电",719.1,71374
罗湖,黄贝岭,凤凰印象,1.0,1.0,41.3,216,52300,381.0,此房仅卖200万，读螺岭，地段好，租金可达4500以上,"近地铁
新上
北
民水民电",194.4,47070
罗湖,百仕达,东乐花园(罗湖),3.0,2.0,87.0,285,32758,393.0,急售  东乐花园  近地铁户型方正  价格可谈,"近地铁
新上
南
民水民电",256.5,29482
罗湖,莲塘,名骏豪庭,2.0,2.0,67.09,245,36518,703.0,新出好房67平厅出阳台诚心出售245万红本惟一税费少,"近地铁
新上
北
民水民电",220.5,32866
龙岗,坂田,第五园（六期）,5.0,3.0,159.7,1100,68879,991.0,稀，一楼三层复式+独立双车位，前后花园,"近地铁
南
民水民电
电梯房",990.0,61991
罗湖,布心,太阳新城,3.0,2.0,93.0,490,52688,228.0,太阳正南大三房，依山傍水，水贝口，IBC商业,"近地铁
新上
东南
民水民电",441.0,47419
盐田,梅沙,万科东海岸三期（云山居）,3.0,2.0,164.84,530,32152,,万科东海岸精装3房满五唯一看海景业主有心出售,"新上
东南
民水民电
电梯房",477.0,28937
南山,前海,星海名城（六期）,3.0,2.0,127.0,980,77165,829.0,资源丰富，小区内自带三所幼儿园，同时还拥有北京大学附属小學和,"近地铁
新上
南北通
民水民电",882.0,69448
福田,梅林,嘉鑫阳光雅居,2.0,2.0,69.0,500,72463,553.0,嘉鑫阳光高层精装2房、享受生态负氧离子、看山景,"近地铁
新上
西南
民水民电",450.0,65217
宝安,宝安中心区,高发西岸花园（一期）,2.0,2.0,78.99,748,94695,196.0,高发西岸花园，78平方2房2厅，送大入户花园，宝中核心区,"近地铁
南
民水民电
电梯房",673.2,85226
宝安,西乡,招商果岭,2.0,1.0,76.03,450,59187,,经典方正两居室  无浪费空间  布局合理  采光通风效果好,"新上
东西通
民水民电
电梯房",405.0,53268
罗湖,莲塘,梧桐山新居（一期）,2.0,2.0,76.2,285,37401,448.0,梧桐新居精装2房红本惟一税费少售285万,"近地铁
新上
北
民水民电",256.5,33661
宝安,新安,流塘阳光花园,3.0,2.0,86.6,615,71016,301.0,户型方正 小区稀有放卖户型 红本看房方便,"近地铁
新上
西南
民水民电",553.5,63914
南山,前海,阳光棕榈园（三期）,2.0,2.0,76.38,798,104477,845.0,南山前海阳光棕榈园三期，精装2房，满五年，近地铁口，诚心出售,"近地铁
新上
东南
民水民电",718.2,94029
盐田,梅沙,万科东海岸四期（致远居）,4.0,2.0,180.0,1080,60000,,万科东海岸全家海景复式5房,"新上
东
民水民电
电梯房",972.0,54000
龙岗,龙岗中心城,恒裕嘉城花园,4.0,2.0,89.0,320,35955,497.0,恒裕嘉城 精装4房 南北通透 独门独户 中高楼层 近地铁,"近地铁
新上
南北通
民水民电",288.0,32360
盐田,梅沙,万科东海岸四期（海逸居）,4.0,2.0,223.0,1200,53811,,带装修联排别墅诚意出售价格可谈,"南
民水民电
拎包入住
可上网",1080.0,48430
罗湖,翠竹,怡泰大厦,2.0,1.0,59.23,260,43896,339.0,怡泰大厦（罗湖），近地铁口，性价比高，周边配套齐全,"近地铁
新上
东
民水民电",234.0,39506
宝安,碧海,泰华阳光海,3.0,2.0,126.86,1000,78827,255.0,300米宽楼间距高层，视野开阔、采光通风好。户型舒适度高，绝,"近地铁
新上
南北通
民水民电",900.0,70944
罗湖,百仕达,东乐花园(罗湖),2.0,1.0,81.89,290,35413,393.0,位置安静楼层好精装，拎包即住！业主诚心卖，好房推荐,"近地铁
新上
南
民水民电",261.0,31872
盐田,沙头角,君临海域（二期）,4.0,2.0,206.0,980,47572,395.0,君临海域小区，价格可谈，配套齐全，交通便利,"近地铁
新上
东南
民水民电",882.0,42815
福田,益田村,益田村,3.0,2.0,79.0,475,60126,144.0,福田芯 总价低三房 南北通透 宜居小区 有天有地 出行方便,"近地铁
新上
南北通
民水民电",427.5,54113
罗湖,翠竹,怡泰大厦,2.0,1.0,59.33,300,50564,339.0,翠竹外国语就在楼下，满五年中间楼层，看房方便,"近地铁
东北
民水民电
电梯房",270.0,45508
罗湖,翠竹,合正荣悦,3.0,2.0,87.24,700,80238,410.0,合正荣悦一手单位毛坯。价格空间大可谈， 翠竹,"近地铁
新上
南
民水民电",630.0,72214
龙岗,龙岗中心城,恒裕嘉城花园,4.0,2.0,89.0,345,38764,497.0,恒裕嘉城 精装4房 南北通透 使用面积大 环境好,"近地铁
新上
南北通
民水民电",310.5,34888
龙岗,龙岗中心城,恒裕嘉城花园,3.0,2.0,70.41,190,26984,497.0,业主向市场妥协！地铁口刚降价房源，精装，满五年急售，价格私聊,"近地铁
新上
南
民水民电",171.0,24286
宝安,宝安中心区,壹方中心·玖誉(三期),4.0,2.0,176.0,2800,159090,250.0,壹方玖誉花园.鸿荣源巨资打造豪宅.户型方正南北通透.看房方便,"近地铁
新上
东南
民水民电",2520.0,143181
龙岗,龙岗中心城,金地龙城中央,3.0,2.0,79.78,190,23815,519.0,市场已缓慢回暖，业主诚心出售，满五年，地铁口，看房可安排！,"近地铁
新上
南
民水民电",171.0,21434
罗湖,翠竹,合正荣悦,3.0,2.0,86.32,750,86886,410.0,合正荣悦精装3房翠竹外国语车位充足,"近地铁
新上
南
民水民电",675.0,78197
罗湖,翠竹,怡泰大厦,2.0,1.0,59.77,215,35971,339.0,怡泰大厦，翠竹未用，南向2房，车位充足，临近地铁,"近地铁
新上
东北
民水民电",193.5,32374
龙岗,龙岗中心城,公园大地花园,4.0,2.0,172.0,1380,80232,953.0,公园大地花园中间客厅出阳台大4房 少有盘 业主急售 价可谈,"近地铁
新上
南北通
民水民电",1242.0,72209
龙华,龙华中心,壹成中心花园(九区),5.0,2.0,139.19,798,57331,,花园中间位置，南北通高实用大五房，价优诚售,"新上
东南
民水民电
电梯房",718.2,51598
罗湖,布心,淘金山湖景花园二期,3.0,2.0,176.39,1180,66897,856.0,附近就是公园，非常适合老人孩子去散步,"近地铁
新上
南北通
民水民电",1062.0,60207
罗湖,翠竹,金丽豪苑,1.0,1.0,40.03,360,89932,319.0,好房推荐  小区交易频繁总价低     此房业主全权委托我,"近地铁
新上
北
民水民电",324.0,80939
罗湖,新秀,东方都会大厦,1.0,1.0,35.16,160,45506,633.0,京基东方都会新秀地铁站一房一厅实用精装东南向,"近地铁
新上
东
民水民电",144.0,40955
南山,前海,前海时代CEO公馆,4.0,2.0,210.9,2300,109056,650.0,地铁前海时代广场，满二税少，业主诚心售,"近地铁
新上
南北通
民水民电",2070.0,98150
宝安,沙井,万科翡丽郡（一期）,5.0,2.0,135.48,560,41334,,如果要观望，我建议你看完这个房子后再观望，一定不会让您失望,"新上
南
民水民电
精装修",504.0,37201
宝安,沙井,丽沙花都,3.0,2.0,97.65,320,32770,,经典三房 南北户型！全明！精装修！两证齐全！,"新上
南北通
民水民电
拎包入住",288.0,29493
南山,华侨城,新天鹅堡二期,2.0,2.0,130.91,3000,229165,588.0,高层 湖景海景特价房！天鹅湖花园大两房，业主急卖！,"近地铁
新上
南
民水民电",2700.0,206248
福田,益田村,益田村,2.0,2.0,61.0,382,62622,144.0,益田村，精装，总价低,"近地铁
新上
南北通
民水民电",343.8,56360
福田,香蜜湖,万科瑧山府,4.0,2.0,231.0,4200,181818,294.0,香蜜湖次新房大户型南北通,"近地铁
新上
南北通
民水民电",3780.0,163636
南山,华侨城,香山里花园(一期),5.0,2.0,176.88,1650,93283,,华侨城香山里安静户型4房，另带保姆间，底价由惊喜,"新上
南
民水民电
电梯房",1485.0,83955
宝安,沙井,万科星城上郡,3.0,2.0,81.14,295,36356,,好的房子不是用来欣赏的 是用来享受的,"新上
南
民水民电
电梯房",265.5,32720
南山,前海,卓越前海一号,5.0,2.0,285.0,2800,98245,372.0,前海壹号豪华五房 全新家电 黄金楼层 不买你会损失哦,"近地铁
东南
民水民电
拎包入住",2520.0,88420
南山,华侨城,天鹅堡二期,4.0,2.0,230.94,2580,111717,,天鹅堡二期。全新装修房子,"东南
民水民电
电梯房
拎包入住",2322.0,100545
南山,华侨城,纯水岸十五期,3.0,2.0,253.0,3500,138339,,纯水岸十五期，低总价的四房，安静舒适,"新上
南
民水民电",3150.0,124505
南山,华侨城,香山美墅果岭,4.0,2.0,203.31,2580,126899,,香山美墅花园 南北通透全新毛坯5房 满五维一 价格好商量,"新上
南北通
民水民电
有钥匙",2322.0,114209
福田,红树湾,中信红树湾花城南区,2.0,1.0,93.68,1500,160119,467.0,中信红树湾高层景观好！ 安静精装特价房,"近地铁
西北
民水民电
电梯房",1350.0,144107
福田,香蜜湖,兰江山第,4.0,2.0,176.0,1760,100000,,福田半山豪宅，精装房诚意出售！,"南北通
民水民电
电梯房
精装修",1584.0,90000
福田,香蜜湖,东海花园（一期）,3.0,2.0,123.34,1580,128101,464.0,东海花园3+1房东南向中楼层看房方便,"近地铁
新上
东南
民水民电",1422.0,115291
罗湖,黄贝岭,深业东岭花园（二期）,2.0,2.0,68.29,410,60038,435.0,花园式小区 地铁口物业 户型方正 厅出阳台 看房方便,"近地铁
新上
西北
民水民电",369.0,54034
宝安,西乡,香缇湾花园,4.0,2.0,89.0,660,74157,251.0,宝中碧海 四房复式 带近50平花园 只有一个契税 诚意出售,"近地铁
新上
南
民水民电",594.0,66741
盐田,沙头角,东埔海景花园（二期）,4.0,2.0,115.0,728,63304,723.0,固定车位全海景红本在满五年看中可谈,"近地铁
新上
东
民水民电",655.2,56974
宝安,宝安中心区,壹方中心·玖誉(二期),5.0,2.0,173.0,2480,143352,250.0,壹方玖誉项目位于深圳前海自贸区，是前海首席旗舰级综合体。,"近地铁
新上
东南
民水民电",2232.0,129017
罗湖,莲塘,东方.尊峪花园,3.0,2.0,125.0,650,52000,832.0,万科开发精装出售户型方正,"近地铁
新上
西
民水民电",585.0,46800
南山,西丽,宝能城花园,4.0,2.0,89.93,1400,155676,207.0,经理推荐！宝能城花园户型方正商圈配套全齐住家舒适,"近地铁
南
民水民电
电梯房",1260.0,140108
龙岗,大运,颐安都会中央花园（二期）,3.0,2.0,76.0,350,46052,280.0,颐安二期，刚需户型，中间楼层，大运枢纽，急卖,"近地铁
新上
南
民水民电",315.0,41447
龙岗,龙岗中心城,鸿威的森林,5.0,2.0,144.32,480,33259,,看公园，环境优美，南北通透，诚心出售，随时看房,"南
民水民电
电梯房
精装修",432.0,29933
龙岗,坂田,第五园（五期）,4.0,2.0,143.03,780,54534,,坂田第五园五期 红本再手四房高楼层看山景看水库 业主急售,"新上
南北通
民水民电
电梯房",702.0,49081
龙华,红山,水榭春天花园（六期A区）,3.0,2.0,88.32,760,86050,506.0,深高北书包！优质厅出阳台，红本在手诚售景观房,"近地铁
新上
南
民水民电",684.0,77445
福田,上下沙,花好园,6.0,2.0,108.66,1688,155346,249.0,花好园，顶楼复式，送花园，五房，楼下9号线地铁口，车公庙对面,"近地铁
南
民水民电
电梯房",1519.2,139811
宝安,碧海,碧海富通城（一期）,3.0,2.0,113.0,610,53982,,业主诚心卖，南北对流，客厅出大阳台,"新上
民水民电
精装修",549.0,48584
宝安,西乡,圣淘沙,3.0,2.0,76.05,680,89414,210.0,生活配套好房,"近地铁
新上
东南
民水民电",612.0,80473
福田,香蜜湖,兰江山第,4.0,2.0,161.0,1580,98136,,香蜜湖半山的大四房风景优美,"新上
东南
民水民电
精装修",1422.0,88322
宝安,宝安中心区,西城上筑花园,3.0,2.0,82.37,810,98336,470.0,西城上筑，精装修三房，高层视野无遮挡，满五年税费少,"近地铁
新上
北
民水民电",729.0,88502
宝安,碧海,广兴源圣拿威,1.0,1.0,33.15,238,71794,812.0,双地铁口物业正规一房一厅满五年诚心卖,"近地铁
新上
南
民水民电",214.2,64615
罗湖,新秀,东方都会大厦,1.0,1.0,35.18,155,44059,633.0,罗湖双地铁口上车盘 精装朝南户型 看房方便 价格看中可谈,"近地铁
新上
东
民水民电",139.5,39653
龙岗,布吉,佳兆业可园（六期）,2.0,2.0,77.71,300,38605,760.0,可园满五年  精装修  拎包入住  看房方便,"近地铁
新上
北
民水民电",270.0,34744
罗湖,东门,东门天地大厦,2.0,2.0,66.0,399,60454,72.0,东门商业地段，桂圆未用,"近地铁
南
民水民电
电梯房",359.1,54409
罗湖,翠竹,泊林花园,1.0,1.0,46.55,230,49409,334.0,交通便利，诚心出售，有钥匙,"近地铁
新上
东
民水民电",207.0,44468
罗湖,人民南,冠懋金色都汇（金色都汇）,2.0,1.0,69.0,450,65217,121.0,高层边角单位采光好，业主诚心卖,"近地铁
新上
南
民水民电",405.0,58695
福田,梅林关,星河丹堤花园,4.0,2.0,273.0,2300,84249,516.0,星河丹堤   F区   看湖景   275中空大复式  出售,"近地铁
新上
西南
民水民电",2070.0,75824
宝安,宝安中心区,西城上筑花园,3.0,2.0,101.48,918,90461,470.0,宝中 朝南三房  通风采光好 户型方正,"近地铁
新上
南北通
民水民电",826.2,81415
龙岗,坂田,佳兆业城市广场（一期）,3.0,2.0,87.82,415,47255,534.0,佳兆业城广高层大三房业主换房急售可议价看房方便,"近地铁
新上
南
民水民电",373.5,42530
罗湖,翠竹,逸翠园,2.0,2.0,65.63,415,63233,578.0,业主有心卖，配套齐全，采光通透，谈价空间大，租金高,"近地铁
西
民水民电
电梯房",373.5,56910
南山,西丽,深云村,3.0,2.0,90.0,760,84444,189.0,深云村精装3房，朝南向，中间楼层，采光佳，书包在未用,"近地铁
新上
东南
民水民电",684.0,76000
罗湖,莲塘,金色年华家园,3.0,1.0,75.0,410,54666,490.0,交通便 利购物方便 户型实用,"近地铁
新上
南
民水民电",369.0,49199
罗湖,百仕达,旭飞华达园,1.0,1.0,35.65,190,53295,510.0,随时可以看房，住家安静，降价41万，费用少,"近地铁
新上
北
民水民电",171.0,47966
罗湖,东门,东门天地大厦,2.0,1.0,69.0,330,47826,72.0,随时可以看房，住家安静，降价13万，费用少,"近地铁
南北通
民水民电
电梯房",297.0,43043
罗湖,翠竹,怡泰大厦,3.0,2.0,120.09,550,45798,339.0,翠竹外国语旁边！人民医院对面！精装3房 近地铁 业主诚心卖！,"近地铁
新上
西南
民水民电",495.0,41218
盐田,梅沙,万科东海岸三期（云山居）,5.0,2.0,256.0,1000,39062,,万科东海岸三期云山居新上架房子，随时都可以安排看房,"新上
东南
民水民电
电梯房",900.0,35156
盐田,梅沙,万科东海岸三期（云山居）,3.0,2.0,146.66,650,44320,,万科东海岸新上架房源，满五年费用少，业主诚心出售,"新上
南
民水民电
电梯房",585.0,39888
南山,前海,阳光棕榈园（三期）,1.0,1.0,39.46,335,84896,845.0,阳光棕榈园 商品房 电梯房 交通便利 高楼层视野好,"近地铁
新上
西南
民水民电",301.5,76406
盐田,梅沙,万科东海岸四期（致远居）,4.0,2.0,283.0,1200,42402,,大梅沙东海岸房源,"新上
南
民水民电
电梯房",1080.0,38162
龙华,龙华中心,壹成中心花园(六区),4.0,2.0,88.68,440,49616,,壹成高楼层四房业主自住装修,"新上
南
民水民电
电梯房",396.0,44654
福田,香蜜湖,东海国际公寓,1.0,2.0,77.42,880,113665,409.0,东海国际公寓，新上一房一厅，总价低，业主急卖，价格空间大,"近地铁
民水民电
电梯房
精装修",792.0,102298
罗湖,洪湖,鹏大厦,1.0,1.0,36.61,335,91505,248.0,深中书包未锁定 鹏大厦 总价低小户型 业主有心卖,"近地铁
新上
北
民水民电",301.5,82354
盐田,梅沙,万科东海岸四期（达观居）,2.0,2.0,88.82,500,56293,,万科精装2房，南北通透，高楼层，视野开阔，无遮挡山海景,"新上
南
民水民电
电梯房",450.0,50664
宝安,碧海,华丰前海湾（二期）,3.0,2.0,89.0,700,78651,748.0,华丰前海湾 看海景 配套齐全 业主很诚心卖,"近地铁
新上
南
民水民电",630.0,70786
罗湖,布心,今日家园,2.0,2.0,61.51,310,50398,241.0,今日家园62平米金典小复式2房1厅翠园书包房,"近地铁
新上
西北
民水民电",279.0,45358
罗湖,翠竹,翠竹苑,3.0,2.0,113.86,580,50939,361.0,近期入手，翠竹外国语3房，满5年价格还能谈，高楼层，采光通透,"近地铁
新上
东北
民水民电",522.0,45845
宝安,桃源居,桃源居世外桃源,3.0,2.0,113.26,600,52975,387.0,桃源居新品（电梯4房）南北通 高层景观 视野好,"近地铁
新上
民水民电
电梯房",540.0,47678
福田,百花,长城大厦(三花园),3.0,2.0,127.0,1100,86614,312.0,房子业主自住保养好，户型方正，光线好,"近地铁
新上
南北通
民水民电",990.0,77953
福田,百花,南天大厦（二期）,3.0,2.0,89.0,1000,112359,279.0,房子空着，随时入住，满五年，周边配套完善,"近地铁
新上
南北通
民水民电",900.0,101123
宝安,宝安中心区,壹方中心·玖誉(三期),4.0,2.0,174.65,2500,143143,250.0,壹方玖誉花园.前海塔尖圈层豪宅.户型方正南北通透.看房方便,"近地铁
新上
东南
民水民电",2250.0,128829
罗湖,莲塘,东方.尊峪花园,4.0,2.0,181.73,1100,60529,832.0,万科东方尊峪 高层大平层  改善户型，看梧桐山景  天然氧吧,"近地铁
新上
南
民水民电",990.0,54476
福田,景田,缔梦园（一期）,1.0,1.0,40.25,240,59627,150.0,景田地铁口精装一房一厅自住投资皆可,"近地铁
新上
南
民水民电",216.0,53664
罗湖,莲塘,名骏豪庭,1.0,1.0,43.0,158,36744,703.0,高楼层，景观无遮挡，小区安静舒适，居家气氛浓厚，停车位充足,"近地铁
新上
北
民水民电",142.2,33070
盐田,盐田港,中海半山溪谷花园,2.0,2.0,70.63,208,29449,829.0,半山溪谷小区出入口，全南向72平大2房，中间楼层，业诚心出售,"近地铁
新上
南
民水民电",187.2,26504
宝安,桃源居,桃源居十一区,4.0,2.0,110.46,540,48886,461.0,桃源居户型方正采光好送面积多，两梯一户少有房源,"近地铁
新上
南北通
民水民电",486.0,43997
罗湖,翠竹,嘉多利花园,2.0,2.0,72.72,550,75632,598.0,深中高端小区  住家首选  再－几十个，业主全权委托,"近地铁
新上
西南
民水民电",495.0,68069
罗湖,翠竹,金丽豪苑,3.0,2.0,106.95,620,57971,319.0,深中+翠北，红本，满五年唯.一，费用少,"近地铁
新上
东南
民水民电",558.0,52174
罗湖,黄贝岭,深业东岭花园（二期）,3.0,2.0,103.75,919,88578,435.0,近地铁，大三房，室内豪装，拎包入住，180度山景，居家好房，,"近地铁
新上
西北
民水民电",827.1,79720
盐田,梅沙,东部华侨城天麓（三区）,4.0,2.0,250.0,2000,80000,,华侨城天麓别墅,"新上
南北通
民水民电",1800.0,72000
盐田,梅沙,万科东海岸三期（云山居）,3.0,2.0,80.63,400,49609,,为万科精装复式，拎包即住，诚意出售,"南
民水民电
电梯房
精装修",360.0,44648
盐田,沙头角,倚山花园（二期）,2.0,2.0,74.69,280,37488,632.0,大花园 少有电梯小高层 朝南采光通透 诚意出售,"近地铁
新上
西南
民水民电",252.0,33739
盐田,沙头角,君临海域（一期）,3.0,2.0,78.67,600,76267,418.0,居住环境舒适。小区安静,"近地铁
西南
民水民电
电梯房",540.0,68640
盐田,梅沙,万科东海岸四期（商业别墅）,4.0,3.0,163.97,1280,78063,,万科东海岸别墅，上下3层带天台花园，前后院子，住家适合,"新上
南
民水民电
带家电",1152.0,70257
宝安,桃源居,桃源居六区,3.0,2.0,84.53,380,44954,837.0,桃源居新小区车位多视野很好送面积多,"近地铁
东南
民水民电
电梯房",342.0,40459
宝安,宝安中心区,壹方中心·玖誉(三期),3.0,2.0,95.0,1290,135789,250.0,新上架房源业主诚心出售看房提前约,"近地铁
新上
东北
民水民电",1161.0,122210
龙岗,布吉,龙珠花园（B区）,2.0,2.0,58.47,140,23943,502.0,三地铁口，经典两房，户型方正，满五唯一，税费少，诚心出售！,"近地铁
新上
东
民水民电",126.0,21549
盐田,沙头角,倚山花园（三期）,3.0,2.0,88.84,315,35457,632.0,倚山花园，东南向3房，看山海景，阳台大，急售，看房方便,"近地铁
新上
东北
民水民电",283.5,31911
盐田,沙头角,君临海域（二期）,3.0,2.0,81.57,410,50263,395.0,君临海域小区，价格可谈，配套齐全，交通便利,"近地铁
南
民水民电
电梯房",369.0,45237
罗湖,布心,翡翠园山湖居一期,2.0,2.0,64.08,360,56179,383.0,业主急卖，随时可以看房，居家首选,"近地铁
新上
南
民水民电",324.0,50561
罗湖,翠竹,龙屋,3.0,2.0,87.88,550,62585,550.0,房产证在手，无按揭，迅速过户，免除赎楼费用,"近地铁
南
民水民电
拎包入住",495.0,56326
宝安,新安,中洲华府（二期）,4.0,2.0,150.0,1350,90000,353.0,4房户型 通风采光好 使用率高 配套成熟 价格可谈,"近地铁
新上
南北通
民水民电",1215.0,81000
罗湖,洪湖,源兴居,2.0,2.0,81.69,580,71000,325.0,源兴居洪湖地铁站旁，交通便利,"近地铁
南
民水民电
电梯房",522.0,63900
宝安,宝安中心区,幸福海岸（二期）,4.0,2.0,156.0,1300,83333,299.0,南北通大户型，高楼层超赞景观视野，大客厅大主卧，宝体站地铁口,"近地铁
新上
南北通
民水民电",1170.0,75000
罗湖,百仕达,百仕达花园一期,7.0,2.0,307.66,2100,68257,196.0,周边有大型超市，生活便利，适合居家,"近地铁
新上
东南
民水民电",1890.0,61431
罗湖,黄贝岭,靖轩豪苑,2.0,2.0,69.71,495,71008,315.0,费用少，降价20万，住家安静，配套成熟，大社区,"近地铁
西南
民水民电
电梯房",445.5,63907
罗湖,黄贝岭,深业东岭花园（一期）,2.0,2.0,62.0,350,56451,435.0,东岭急售两房，仅卖295万，翠园本部，地铁口,"近地铁
新上
东
民水民电",315.0,50806
福田,梅林关,星河丹堤花园,3.0,2.0,93.0,690,74193,516.0,新装修大两房，独门独户，住家安静，业主诚心卖,"近地铁
东北
民水民电
电梯房",621.0,66774
罗湖,百仕达,旭飞华达园,1.0,,22.2,116,52252,510.0,水贝珠宝，单间，精装修，回报率高。,"近地铁
新上
东
民水民电",104.4,47027
龙岗,龙岗中心城,天健花园,3.0,2.0,104.97,350,33342,386.0,业主向市场妥协！地铁口刚降价房源，精装，满五年急售，价格私聊,"近地铁
新上
南
民水民电",315.0,30008
盐田,盐田港,中海半山溪谷花园,3.0,2.0,105.49,280,26542,829.0,半山豪宅低密度小区南北通透大三房住家安静小区自带幼儿园,"近地铁
新上
东南
民水民电",252.0,23888
福田,香蜜湖,香榭里花园（二期）,2.0,2.0,94.2,1188,126114,547.0,香榭里二期，新上三房，方正户型，业主诚心出售，门槛户型,"近地铁
新上
南
民水民电",1069.2,113503
罗湖,布心,松泉公寓,2.0,1.0,61.36,240,39113,520.0,业主有心卖，配套齐全，谈价空间大，采光通透，租金高,"近地铁
新上
北
民水民电",216.0,35202
罗湖,洪湖,源兴居,1.0,1.0,23.57,120,50912,325.0,业主有心卖，谈价空间大，租金高，配套齐全，采光通透,"近地铁
东北
民水民电
电梯房",108.0,45821
福田,百花,百花公寓（二期）,3.0,2.0,110.0,980,89090,399.0,"百花公寓自住三房出售,随时看房","近地铁
新上
南
民水民电",882.0,80181
罗湖,翠竹,鸿业苑,3.0,2.0,92.46,600,64892,393.0,翠园仲学初仲部 精装修三房 景观视野好 业主价格可谈,"近地铁
新上
西北
民水民电",540.0,58403
盐田,沙头角,碧桐湾,3.0,2.0,87.33,320,36642,296.0,关口物业，3房户型，高层看海，交通便利，周边配套成熟！,"近地铁
新上
西南
民水民电",288.0,32978
宝安,新安,新安湖花园（三期）,2.0,2.0,82.0,435,53048,425.0,新安湖花园三期，82平方2房2厅，设计合理布局分明，使用率高,"近地铁
新上
东南
民水民电",391.5,47743
罗湖,翠竹,翠竹苑,2.0,2.0,52.0,260,50000,326.0,中间楼层，业主有心卖，配套齐全，租金高，采光通透，谈价空间大,"近地铁
新上
民水民电
精装修",234.0,45000
龙岗,布吉,佳兆业可园（七期）,2.0,2.0,81.75,310,37920,758.0,可园南区朝南向看求水山公园2房带阳台，满五年惟一，保养新,"近地铁
新上
南
民水民电",279.0,34128
罗湖,布心,今日家园,2.0,2.0,62.42,540,86510,241.0,今日家园复试  使用率高   价格可谈,"近地铁
新上
南
民水民电",486.0,77859
罗湖,黄贝岭,深业东岭花园（二期）,1.0,1.0,55.0,340,61818,435.0,深业东岭二期 刚需两房 拎包入住 红本满五 翠园本部未用,"近地铁
新上
西北
民水民电",306.0,55636
南山,华侨城,新天鹅堡二期,2.0,2.0,131.0,2580,196946,588.0,天鹅湖花园二期|看全湖景奢侈大两房|业主百万豪装出国诚售,"近地铁
新上
南
民水民电",2322.0,177251
宝安,新安,冠城世家,3.0,2.0,130.0,700,53846,352.0,冠城世家，花园中间三房，客厅卧室全朝南，业主急卖，可以带车位,"近地铁
新上
南北通
民水民电",630.0,48461
宝安,西乡,香缇湾花园,3.0,2.0,89.0,650,73033,251.0,前海宝安丨香缇湾花园丨房源真实丨经典户型丨视野开阔丨看房方便,"近地铁
新上
东南
民水民电",585.0,65730
罗湖,黄贝岭,集浩花园,3.0,1.0,113.0,450,39823,402.0,翠园本部，集浩花园113平米，诚意出售。。,"近地铁
新上
民水民电
精装修",405.0,35841
南山,前海,鼎太风华（三期）,3.0,2.0,82.4,670,81310,859.0,新上业主急卖满五年红本价格可以谈,"近地铁
新上
北
民水民电",603.0,73179
罗湖,黄贝岭,新天地名居,1.0,1.0,38.41,210,54673,356.0,新天地无间道一房 中高层视野开阔 四地铁环绕,"近地铁
新上
西南
民水民电",189.0,49206
罗湖,黄贝岭,深业东岭花园（二期）,3.0,2.0,87.67,600,68438,435.0,东岭二期3房，精装修，业主诚售，价格可谈,"近地铁
新上
西北
民水民电",540.0,61594
罗湖,百仕达,百仕达花园一期,3.0,2.0,105.0,680,64761,461.0,百仕达新出舒适大三房业主诚心出售！！,"近地铁
新上
民水民电
电梯房",612.0,58285
福田,梅林关,星河丹堤花园,5.0,2.0,275.0,1900,69090,516.0,星河丹堤      275中空大复      式急售,"近地铁
新上
南
民水民电",1710.0,62181
福田,梅林关,星河丹堤花园,4.0,3.0,241.7,2530,104675,516.0,星河丹堤   小A区  临湖中间位别墅出售,"近地铁
新上
东西通
民水民电",2277.0,94208
龙华,龙华中心,城市明珠花园（一期）,3.0,2.0,101.0,680,67326,570.0,房子装修高端，红木家具，交通方便，业主急售,"近地铁
东南
民水民电
电梯房",612.0,60593
宝安,桃源居,桃源居十四区,3.0,2.0,97.19,428,44037,260.0,西乡3房急售，看房方便,"近地铁
新上
东南
民水民电",385.2,39633
宝安,桃源居,桃源居十六区,3.0,2.0,83.67,460,54977,543.0,桃源居16区（电梯3房）高层视野 南北通,"近地铁
新上
南
民水民电",414.0,49479
宝安,桃源居,桃源居十五区,3.0,2.0,130.08,620,47662,518.0,桃源居15区（电梯大3房可改4房）高层视野 南北通,"近地铁
新上
南北通
民水民电",558.0,42896
南山,华侨城,世纪村1期,4.0,2.0,199.0,1500,75376,606.0,急售 世纪村199平西南向看小区园林景观非常安静价格有空间,"近地铁
新上
西南
民水民电",1350.0,67838
龙岗,龙岗中心城,公园大地花园,3.0,2.0,81.0,380,46913,953.0,背靠龙城公园，配套齐全，生活便利，业主诚心出售，随时看房,"近地铁
南
民水民电
电梯房",342.0,42222
罗湖,翠竹,翠竹苑,2.0,1.0,52.2,300,57471,326.0,业主有心卖，配套齐全，谈价空间大，租金高，采光通透,"近地铁
新上
南
民水民电",270.0,51724
宝安,桃源居,桃源居三区,2.0,2.0,84.0,420,50000,285.0,3房户型 户型方正 使用率高 费用少 近地铁 价格可谈,"近地铁
新上
东南
民水民电",378.0,45000
罗湖,翠竹,逸翠园,3.0,2.0,103.0,645,62621,578.0,翠竹公园旁，实用3房，住家舒适，看房方便,"近地铁
新上
南
民水民电",580.5,56359
福田,福田口岸,金地名津,4.0,2.0,135.0,1000,74074,353.0,新上河套笋盘134平大四房南北通透纯住宅,"近地铁
新上
东南
民水民电",900.0,66667
盐田,沙头角,君临海域（一期）,2.0,2.0,69.0,270,39130,418.0,朝南海景2+1房，采光通风巨好，看房方便,"近地铁
新上
西南
民水民电",243.0,35217
盐田,梅沙,万科东海岸三期（悠翠居）,6.0,2.0,167.0,800,47904,,精装别墅，诚心出售，万科东海岸,"新上
南
民水民电
带家私",720.0,43114
罗湖,百仕达,君逸华府,1.0,1.0,44.93,300,66770,541.0,高层一房，装修保养好，满五年费用少，翠园东晓未占用,"近地铁
新上
西南
民水民电",270.0,60093
龙岗,龙岗中心城,中央悦城,4.0,3.0,164.04,500,30480,320.0,业主向市场妥协！地铁口刚降价房源，精装，满五年急售，价格私聊,"近地铁
新上
南北通
民水民电",450.0,27432
龙岗,龙岗中心城,公园大地花园,2.0,2.0,80.1,450,56179,953.0,公园大地靠后山2+1房 精装修客厅正出阳台 满五年 业主急售,"近地铁
新上
东南
民水民电",405.0,50561
龙岗,大运,阳光天健城,1.0,1.0,44.0,288,65454,396.0,阳光天健城：温馨一房一厅，户型方正实用，满五红本税少，急售,"近地铁
新上
北
民水民电",259.2,58909
南山,西丽,十五峯花园,6.0,2.0,157.0,3200,203821,477.0,十五峯藏宝复式，买一层送两层，高使用率,"近地铁
南北通
民水民电
电梯房",2880.0,183439
罗湖,翠竹,金丽豪苑,1.0,1.0,56.8,520,91549,319.0,378万急售 端头户型彩光好近双地铁 带翠北加深中,"近地铁
西
民水民电
电梯房",468.0,82394
罗湖,洪湖,鹏大厦,1.0,1.0,41.04,400,97465,248.0,深中未用，价格310W可以卖，交通便利,"近地铁
新上
北
民水民电",360.0,87718
福田,香蜜湖,翠海花园（二期）,4.0,2.0,242.0,2980,123140,94.0,翠海不常有的大平层安静采光好深高荔园双保险,"近地铁
新上
南
民水民电",2682.0,110826
罗湖,翠竹,鸿业苑,4.0,2.0,170.0,1030,60588,393.0,名豪居，业主有心卖，配套齐全，独立车位，采光通透,"近地铁
新上
南
民水民电",927.0,54529
罗湖,人民南,云景豪园,2.0,2.0,71.0,370,52112,210.0,高位站岗，现在急需出手，可改三房，急，急，急,"近地铁
新上
民水民电
电梯房",333.0,46901
龙岗,布吉,佳兆业可园（七期）,5.0,2.0,172.38,838,48613,758.0,小区中间大平层通透送的面积大,"近地铁
新上
南
民水民电",754.2,43752
罗湖,莲塘,名骏豪庭,1.0,1.0,43.0,200,46511,703.0,名骏豪庭，一房一厅，南北通，高楼层，景观好，全新装修，,"近地铁
新上
南
民水民电",180.0,41860
罗湖,百仕达,东乐花园(罗湖),2.0,2.0,77.35,345,44602,393.0,急卖，价格有很大空间,"近地铁
南
民水民电
拎包入住",310.5,40142
宝安,碧海,华丰前海湾（二期）,4.0,2.0,129.76,1180,90937,748.0,华丰前海湾 高楼层 看海景大四房 急卖 自住 次新小区,"近地铁
新上
西南
民水民电",1062.0,81843
南山,华侨城,世纪村2期,4.0,2.0,153.3,1450,94585,704.0,新上深圳湾超级总部基地旁世纪村精装四房业主诚心出售,"近地铁
西南
民水民电
电梯房",1305.0,85126
南山,华侨城,新天鹅堡三期,3.0,,123.0,1750,142276,609.0,安静精装特价！新天鹅堡三期大三房，业主急卖，看房方便,"近地铁
新上
南
民水民电",1575.0,128048
盐田,盐田港,金港盛世华庭,3.0,2.0,86.08,310,36013,969.0,大阳台精装修自己住买来不用装修地铁口,"近地铁
新上
东南
民水民电",279.0,32412
罗湖,莲塘,梧桐山新居（一期）,2.0,2.0,63.98,280,43763,448.0,梧桐山新居朝南2房户型楼层好住家安静,"近地铁
新上
西南
民水民电",252.0,39387
龙岗,大运,中海康城花园,3.0,2.0,89.0,315,35393,,中海康城花园3房2卫精装修业主急售,"新上
西南
民水民电
电梯房",283.5,31854
罗湖,百仕达,百仕达花园一期,4.0,2.0,163.23,980,60037,196.0,店董推荐好房，百仕达一期8号楼，精装修满五年，看东湖水库景观,"近地铁
新上
南
民水民电",882.0,54033
盐田,梅沙,万科东海岸四期（海逸居）,4.0,2.0,188.4,1100,58386,,万科东海岸四期 上下四层别墅 前后独立院子,"新上
南北通
民水民电",990.0,52547
罗湖,百仕达,华达园公寓,1.0,1.0,28.09,115,40939,522.0,水贝珠宝 全新豪华装修,"近地铁
新上
北
民水民电",103.5,36845
罗湖,人民南,新银座华庭,1.0,,23.0,130,56521,128.0,90万拿下这套房，首付仅需15万,"近地铁
新上
北
民水民电",117.0,50869
罗湖,莲塘,金色年华家园,4.0,2.0,89.85,490,54535,490.0,金色年华家园正规四房带空中花园少有放售安静舒适,"近地铁
新上
南
民水民电",441.0,49082
南山,南头,麒麟花园（二期）,2.0,2.0,51.2,460,89843,566.0,麒麟花园精装两房 读书方便 安静拎包入住价格可谈,"近地铁
新上
东北
民水民电",414.0,80859
罗湖,百仕达,旭飞华达园,2.0,1.0,50.0,228,45600,510.0,198万急卖,"近地铁
新上
南
民水民电",205.2,41040
罗湖,翠竹,龙丽园,2.0,2.0,69.77,460,65930,453.0,龙丽园，业主有心卖，谈价空间大，配套齐全，租金高,"近地铁
新上
东南
民水民电",414.0,59337
盐田,沙头角,壹海城（一期）,4.0,2.0,152.0,780,51315,100.0,万科壹海城了 高使用复式大宅 高楼层景观漂亮,"近地铁
新上
东南
民水民电",702.0,46184
罗湖,莲塘,东方.尊峪花园,2.0,2.0,92.54,485,52409,832.0,红本五年樓旺大两房、全屋豪装拎包入住、万科物业南向无遮挡,"近地铁
新上
南
民水民电",436.5,47168
罗湖,洪湖,源兴居,3.0,2.0,102.0,490,48039,325.0,看洪湖公园 精装3房2厅 看房方便 南北通,"近地铁
新上
民水民电
电梯房",441.0,43235
福田,皇岗口岸,皇御苑五期,2.0,2.0,74.77,545,72890,92.0,皇御苑五期，精装修两房，价格可谈，近地铁口,"近地铁
新上
西南
民水民电",490.5,65601
罗湖,黄贝岭,金城华庭,1.0,1.0,38.0,220,57894,528.0,满五唯一，费用低，过户速度快,"近地铁
新上
北
民水民电",198.0,52105
龙岗,龙岗中心城,保利上城,4.0,2.0,126.79,660,52054,835.0,保利上城 精装4房 南北通透 双阳台 书包有效 满五年少税,"近地铁
新上
南北通
民水民电",594.0,46849
龙岗,坂田,第五园（八期）,4.0,3.0,140.78,1000,71032,810.0,超笋，买一层，送一层，看山看水，万科叠墅,"近地铁
新上
南北通
民水民电",900.0,63929
罗湖,百仕达,华达园公寓,1.0,1.0,42.0,132,31428,522.0,水贝珠宝商圈，沃尔玛楼下，小面积住宅，业主急卖，价格可以谈,"近地铁
新上
南
民水民电",118.8,28285
罗湖,翠竹,怡泰大厦,3.0,2.0,120.0,470,39166,339.0,翠竹外国语小雪 南北通四房 地铁口物业 业主急售 价格可谈,"近地铁
新上
南
民水民电",423.0,35249
罗湖,人民南,阳光新干线家园,2.0,2.0,62.39,265,42474,224.0,豪装大两房，全新随时可看,"近地铁
新上
东
民水民电",238.5,38227
福田,梅林,梅林一村,3.0,2.0,98.03,650,66306,382.0,梅林一村 位于深圳市梅林水库南面，依山傍水,"近地铁
新上
东南
民水民电",585.0,59675
宝安,碧海,康达尔山海上园(二期),3.0,2.0,88.0,580,65909,,精装三房业主诚心出售看房方便,"新上
南北通
民水民电
电梯房",522.0,59318
福田,红树湾,红树西岸,3.0,2.0,184.73,2300,124506,446.0,红树西岸3栋，安静四房，业主降800万，优质笋盘,"近地铁
新上
南北通
民水民电",2070.0,112055
罗湖,洪湖,鹏大厦,1.0,1.0,23.0,400,173913,248.0,不要名额买罗湖 深中次新房 地铁口小区 配套齐全 车位充足,"近地铁
新上
南
民水民电",360.0,156522
宝安,碧海,碧海富通城（一期）,3.0,2.0,91.11,535,58720,,缤纷世界花园精装三房正南朝向,"新上
南
民水民电
精装修",481.5,52848
龙岗,龙岗中心城,中央悦城,4.0,2.0,144.37,640,44330,320.0,业主向市场妥协！地铁口刚降价房源，精装，满五年急售，价格私聊,"近地铁
新上
东西通
民水民电",576.0,39897
宝安,松岗,中海西岸华府北区,3.0,2.0,126.24,600,47528,380.0,中海西岸华府北区 126㎡3房 全新精装 随时看房,"近地铁
南
民水民电
电梯房",540.0,42775
罗湖,人民南,友谊大厦,2.0,1.0,46.93,173,36863,235.0,罗湖口岸友谊大厦两房出售，精装修拎包入住金光华商圈,"近地铁
东南
民水民电
电梯房",155.7,33177
盐田,梅沙,万科东海岸四期（达观居）,1.0,1.0,60.0,192,32000,,端头位 ， 三面采光，看瀑布，看海，大阳台，可改两房,"新上
东北
民水民电
电梯房",172.8,28800
罗湖,百仕达,翠苑大厦,3.0,2.0,82.0,350,42682,498.0,百仕达片区  电梯房 满五年  价格可谈,"近地铁
新上
东南
民水民电",315.0,38414
罗湖,百仕达,旭飞华达园,2.0,1.0,40.37,195,48303,510.0,精装两房.业主诚心出售.近田贝地铁站.生活便利,"近地铁
新上
东
民水民电",175.5,43473
南山,桃园,香瑞园,2.0,2.0,87.12,620,71166,513.0,佳兆业香瑞园南向安静可做三房诚心出售安静外地发展才卖,"近地铁
新上
南
民水民电",558.0,64049
宝安,沙井,中熙香莎公馆,4.0,2.0,130.95,670,51164,,少有放卖的户型，前后大露台,"新上
东南
民水民电
电梯房",603.0,46048
龙岗,大运,中海康城花园,3.0,2.0,89.0,350,39325,,中海康城新出诚心出售三房，满五年安静采光好,"新上
东南
民水民电
精装修",315.0,35392
宝安,沙井,万科翡丽郡（一期）,3.0,2.0,88.0,330,37500,,wa万科翡丽郡一期成熟社区车位足,"新上
西
民水民电
电梯房",297.0,33750
福田,景田,东方玫瑰花园（一期）,5.0,2.0,178.19,1580,88669,404.0,东方玫瑰花园高层景观四房诚意出售,"近地铁
新上
南
民水民电",1422.0,79802
罗湖,翠竹,翠拥华庭,2.0,2.0,73.2,420,57377,477.0,翠拥华庭业主急卖，谈价空间大，配套齐全，租金高，采光通透,"近地铁
新上
东南
民水民电",378.0,51639
罗湖,布心,彩世界家园,2.0,2.0,72.17,350,48496,543.0,290万急售 总价低 大花园社区 近公园,"近地铁
南
民水民电
电梯房",315.0,43646
宝安,宝安中心区,君逸世家花园,1.0,1.0,46.58,295,63331,185.0,君逸世家 宝体地铁口 沃尔玛 业主诚心放卖,"近地铁
西南
民水民电
电梯房",265.5,56998
罗湖,莲塘,名骏豪庭,1.0,2.0,43.0,210,48837,703.0,名骏豪庭小区，价格可谈，配套齐全，交通便利,"近地铁
新上
北
民水民电",189.0,43953
龙岗,龙岗中心城,新亚洲花园,3.0,2.0,97.38,288,29574,,新亚洲花园 背靠龙城公园 居家环境好 天虹旁,"新上
南
民水民电
电梯房",259.2,26617
福田,景田,缔梦园（三期TT国际公寓),1.0,1.0,39.72,280,70493,170.0,福田景田TT新出小户型一房一厅装修保养好交通便捷业主急售,"近地铁
新上
北
民水民电",252.0,63444
罗湖,黄贝岭,深业东岭花园（二期）,2.0,2.0,68.35,430,62911,435.0,罗湖必看楼盘，大社区华园精装修看山景，翠园本部可用,"近地铁
新上
西北
民水民电",387.0,56620
罗湖,布心,松泉公寓,1.0,1.0,37.77,210,55599,520.0,水贝IBC珠宝总部、IBC购物商场、天河城购物商场,"近地铁
新上
南
民水民电",189.0,50039
罗湖,洪湖,鹏大厦,1.0,1.0,41.04,400,97465,248.0,翠竹深中洪湖地铁口次新楼盘万科物业鹏大厦精装修一房厅出大阳台,"近地铁
新上
东南
民水民电",360.0,87718
盐田,盐田港,金港盛世华庭,1.0,2.0,45.65,158,34611,969.0,金港盛世，地铁口，顶层复式，使用率高，诚意出售，价格可谈,"近地铁
新上
东北
民水民电",142.2,31150
龙岗,坂田,第五园（五期）,4.0,2.0,149.08,750,50308,,上新，三面采光，位置安静150平4房+大入户,"新上
南北通
民水民电
精装修",675.0,45277
罗湖,莲塘,鹏兴花园（五期）,3.0,1.0,72.69,440,60531,632.0,鹏兴花园五期，复式，三房二厅二卫，正南向，高楼层，安静,"近地铁
新上
南
民水民电",396.0,54478
龙岗,大运,颐安都会中央花园（二期）,3.0,2.0,84.0,528,62857,280.0,大运地铁口，精装修三房华师大附属大运，客厅正出阳台,"近地铁
新上
南北通
民水民电",475.2,56571
南山,华侨城,世纪村4期,4.0,2.0,279.0,1900,68100,731.0,世纪村中空复式挑高客厅高尔夫全景诚售看房方便,"近地铁
新上
西
民水民电",1710.0,61290
南山,科技园,华润城润府一期,2.0,2.0,82.0,960,117073,,润府一期2房，户型方正通透，采光充足，业主换房甩卖,"新上
东北
民水民电
精装修",864.0,105366
宝安,宝安中心区,壹方中心·玖誉(二期),4.0,2.0,148.0,2080,140540,250.0,壹方玖誉新上盘148平百万豪装价格有惊喜满五年只有契税,"近地铁
新上
东南
民水民电",1872.0,126486
宝安,沙井,中熙香莎公馆,4.0,2.0,127.75,650,50880,,【四房精选】香莎公馆，精装大四房，南北通透,"新上
南北通
民水民电
电梯房",585.0,45792
罗湖,百仕达,东乐花园(罗湖),3.0,2.0,87.0,420,48275,393.0,东乐花园，业主急卖，谈价空间大，配套齐全，租金高,"近地铁
新上
南
民水民电",378.0,43448
龙岗,布吉,慢城（三期）,2.0,2.0,82.0,340,41463,,石芽岭地铁站慢城三期精装电梯南向大两房可改三房满五车位足,"新上
南
民水民电
电梯房",306.0,37317
福田,皇岗口岸,皇御苑五期,3.0,1.0,84.23,620,73607,92.0,皇御苑五期，精装修两房，诚心出售，近地铁口,"近地铁
东北
民水民电
电梯房",558.0,66246
罗湖,百仕达,新港鸿花园,4.0,2.0,168.04,1000,59509,429.0,好房新上，新港鸿花园，精装修满五年，业主诚意出售,"近地铁
新上
北
民水民电",900.0,53558
龙华,民治,龙岸花园,6.0,2.0,156.0,880,56410,353.0,急卖笋盘捡漏好房仅契税急卖价格随缘出，通透户型套内200平,"近地铁
新上
南
民水民电",792.0,50769
福田,香蜜湖,宝能城市公馆（一、二期）,4.0,2.0,135.87,1850,136159,501.0,香蜜湖次新房 宝能公馆 高实用率 车位充足 近公园地铁车,"近地铁
新上
南北通
民水民电",1665.0,122543
罗湖,翠竹,逸翠园,2.0,2.0,65.63,350,53329,578.0,靠山物业小区 环境好 业主诚意出售 有车位 价格可谈,"近地铁
新上
西南
民水民电",315.0,47996
龙华,上塘,金地上塘道花园,1.0,1.0,45.44,252,55457,774.0,保养好，豪装拎包入装，双地铁口，业主诚意卖看房方便,"近地铁
新上
西北
民水民电",226.8,49911
龙岗,坂田,四季花城(六期南区),4.0,2.0,125.72,522,41520,535.0,万科四季花城 电梯四房 中间楼层 位置安静,"近地铁
新上
东西通
民水民电",469.8,37368
罗湖,翠竹,翠竹苑,3.0,2.0,71.91,310,43109,542.0,翠竹苑旁边小区，71.91平，正规3房，便宜出售,"近地铁
新上
南北通
民水民电",279.0,38798
罗湖,翠竹,怡泰大厦,2.0,1.0,59.0,239,40508,339.0,210万急售 2房总价低 近地铁 带翠竹学..位,"近地铁
新上
东
民水民电",215.1,36457
盐田,沙头角,倚山花园（三期）,3.0,2.0,81.0,410,50617,632.0,新世界倚山花园 精装3房 大花园社区 空气好 安静 配套完善,"近地铁
东南
民水民电
电梯房",369.0,45555
龙岗,坂田,第五园(七期璞悦山),4.0,2.0,175.0,980,56000,,坂田第五园七期 四房精装修南北通透高楼层采光好 业主诚意急售,"南
民水民电
电梯房
精装修",882.0,50400
罗湖,莲塘,名骏豪庭,2.0,2.0,67.0,309,46119,703.0,全新精装两房 厅出阳台 看小区花园 生活配套齐全 诚心卖,"近地铁
新上
北
民水民电",278.1,41507
罗湖,百仕达,百仕达花园一期,4.0,2.0,169.72,950,55974,461.0,新上好房，百仕达一期花园，豪华装修，双线地铁口小区,"近地铁
新上
南
民水民电",855.0,50377
南山,前海,鼎太风华（七期）,2.0,2.0,55.41,400,72189,375.0,前海鼎太风华社区七期 精装2房 业主诚心售,"近地铁
新上
西南
民水民电",360.0,64970
盐田,梅沙,万科东海岸二期(齐山居),2.0,2.0,78.24,255,32592,,万科精装2房，高楼层，视野开阔，海景很靓,"新上
南
民水民电
电梯房",229.5,29333
罗湖,百仕达,新港鸿花园,4.0,2.0,139.16,612,43978,549.0,新港鸿大平层，业主诚心出售，免个税,"近地铁
新上
东南
民水民电",550.8,39580
罗湖,百仕达,万事达名苑,2.0,2.0,69.26,360,51978,491.0,万事达名苑 东南向高层2房2厅 看翠竹山全山景,"近地铁
新上
东南
民水民电",324.0,46780
龙岗,大运,中海康城花园,3.0,2.0,89.0,345,38764,,中海康城精装三房，全新装修，方便看房,"新上
西南
民水民电
电梯房",310.5,34888
宝安,碧海,碧海富通城（一期）,2.0,2.0,73.0,425,58219,,住家装修3房2 厅，南北通透,"新上
东西通
民水民电",382.5,52397
南山,前海,前海时代,2.0,2.0,79.03,820,103758,650.0,前海自贸区桂湾片区前海时代，精装2房，近地铁口，诚心出售,"近地铁
新上
南
民水民电",738.0,93382
宝安,西乡,招商果岭,2.0,2.0,71.0,365,51408,,招商果岭高楼层精装两房，朝南看海景，一个点契税，急卖！,"新上
南
民水民电
电梯房",328.5,46267
南山,华侨城,假日湾华庭,3.0,2.0,124.2,860,69243,480.0,华侨城世界之窗地铁口精装3房2厅，满五唯一税费少南向安静诚售,"近地铁
新上
西南
民水民电",774.0,62319
宝安,宝安中心区,花样年花乡,1.0,1.0,40.4,465,115099,564.0,近地铁一号线宝体站和沃尔玛等，生活交通较便利，住家氛围一般,"近地铁
东北
民水民电
电梯房",418.5,103589
宝安,宝安中心区,金泓凯旋城,3.0,2.0,115.0,890,77391,352.0,凯旋城精装修3房,"近地铁
新上
东北
民水民电",801.0,69652
宝安,宝安中心区,宏发领域,3.0,2.0,110.0,1388,126181,212.0,宏发领域花园.前海塔尖圈层豪宅.地段优越.户型方正南北通透,"近地铁
新上
南
民水民电",1249.2,113563
罗湖,洪湖,鹏大厦,1.0,1.0,36.61,420,114722,248.0,翠竹深中洪湖地铁口万科物业次新楼盘鹏大厦精装一房近社区图书馆,"近地铁
新上
东北
民水民电",378.0,103250
罗湖,百仕达,百仕达花园二期,3.0,2.0,98.97,528,53349,436.0,新上！百仕达二期99平三房两卫，红本满5年，电梯高层南北通透,"近地铁
新上
南
民水民电",475.2,48014
宝安,碧海,碧海富通城（三期）,1.0,1.0,46.2,320,69264,942.0,富通城 2梯4户 看海景小户型 仅有契税,"近地铁
新上
北
民水民电",288.0,62338
龙华,民治,春华四季园（一期）,4.0,2.0,148.25,1080,72849,824.0,春华四季园临湖大复试装修保养好拎包入住四房急售仅契税,"近地铁
东西通
民水民电
电梯房",972.0,65564
福田,百花,百花公寓（二期）,3.0,2.0,111.0,1250,112612,399.0,百花公寓二期精装3房，拎包入住,"近地铁
新上
东南
民水民电",1125.0,101351
龙华,红山,水榭春天花园（二期）,3.0,2.0,77.6,560,72164,761.0,红山双地铁口，水榭春天精装修三房，高楼层，采光充足,"近地铁
新上
南
民水民电",504.0,64948
龙岗,龙岗中心城,万象天成（盛龙花园二期）,2.0,2.0,70.5,170,24113,760.0,业主急卖，精装两房，南向看花园，随时看房,"近地铁
新上
东
民水民电",153.0,21702
福田,梅林,嘉鑫阳光雅居,1.0,1.0,39.1,310,79283,553.0,嘉鑫阳光精致1房、高层看山景、拎包入住,"近地铁
新上
北
民水民电",279.0,71355
福田,香蜜湖,浩铭财富广场,2.0,1.0,53.03,598,112766,178.0,香蜜湖财富广场B座，新上两房，总价低，深高+深外,"近地铁
新上
北
民水民电",538.2,101489
罗湖,黄贝岭,深业东岭花园（二期）,2.0,1.0,74.0,460,62162,435.0,深业东岭花园二期，精装东南两房，户型方正，价格可谈，诚售,"近地铁
新上
东南
民水民电",414.0,55946
罗湖,莲塘,鹏兴花园（二期）,2.0,2.0,60.0,299,49833,238.0,精装大两房户型实用看房方便价格好沟通,"近地铁
新上
南
民水民电",269.1,44850
罗湖,人民南,新银座华庭,2.0,1.0,48.0,220,45833,128.0,新银座，业主诚心出售。,"近地铁
新上
南
民水民电",198.0,41250
宝安,沙井,中熙香莎公馆,3.0,2.0,82.33,310,37653,,沙井中熙香莎公馆精装3房户型方正实用业主诚售价格可谈。,"新上
南
民水民电
电梯房",279.0,33888
罗湖,翠竹,翠竹苑,2.0,1.0,47.86,240,50146,326.0,翠竹苑，南向2方，业主急卖，谈价空间大，配套齐全，租金高,"近地铁
新上
东南
民水民电",216.0,45131
罗湖,黄贝岭,凤凰印象,1.0,1.0,41.0,240,58536,381.0,凤凰印象 精装一房 户型方正实用 满5税少 业主诚心卖,"近地铁
新上
南
民水民电",216.0,52682
宝安,沙井,鸿荣源禧园,5.0,2.0,144.2,680,47156,480.0,地铁口，置换首选精装修,"近地铁
新上
南
民水民电",612.0,42440
龙岗,大运,阳光天健城,4.0,2.0,142.0,930,65492,396.0,阳光天健城：独门独户，双龙抱珠，满五红本税少，高楼层采光好,"近地铁
新上
南
民水民电",837.0,58943
罗湖,黄贝岭,凤凰印象,1.0,1.0,41.25,230,55757,381.0,凤凰印象高层南向，带螺岭，安静舒适，近地铁，看山景,"近地铁
新上
南
民水民电",207.0,50181
龙岗,坂田,第五园（二期）,2.0,1.0,40.93,220,53750,941.0,一房一厅，电梯洋房，朝南向，万科品质,"近地铁
新上
南北通
民水民电",198.0,48375
龙岗,坂田,第五园(七期璞悦山),4.0,2.0,223.24,1550,69432,,一梯一户，半山豪宅，万科璞悦山，看山看水,"南北通
民水民电
电梯房
拎包入住",1395.0,62489
盐田,沙头角,倚山花园（三期）,3.0,2.0,89.0,480,53932,632.0,新世界倚山花园三期，山海园林，地铁口物业，东南向，精装修3房,"近地铁
新上
东南
民水民电",432.0,48539
龙岗,布吉,中海怡翠山庄,2.0,2.0,70.66,216,30568,667.0,上水径地铁口中海大两房，客厅出阳台，满五年急售，价好谈,"近地铁
新上
南
民水民电",194.4,27511
罗湖,东门,东门168,2.0,2.0,61.43,330,53719,499.0,华润未来城旁，双螺岭，双地铁，业主是我朋友，诚意出售,"近地铁
新上
南
民水民电",297.0,48347
南山,华侨城,天鹅堡二期,4.0,2.0,230.0,2978,129500,,天鹅堡二期，230平，看园景，满5年，诚心出售,"西南
民水民电
电梯房
拎包入住",2680.2,116550
罗湖,百仕达,百仕达花园二期,2.0,2.0,73.5,400,54421,436.0,百仕达花园二期  3地铁口 拎包入住 精装2房,"近地铁
南
民水民电
电梯房",360.0,48979
南山,前海,阳光棕榈园（二期）,2.0,2.0,70.1,481,68616,544.0,前海阳光棕榈园 精装2房 近地铁口 诚心出售,"近地铁
新上
北
民水民电",432.9,61754
南山,前海,中海阳光玫瑰园,2.0,2.0,71.76,650,90579,570.0,前海中海阳光玫瑰园 精装2房,"近地铁
新上
南
民水民电",585.0,81521
南山,西丽,十五峯花园,4.0,2.0,162.22,1480,91234,477.0,十五峯精装4房，南北通透户型，中高层视野好,"近地铁
新上
南北通
民水民电",1332.0,82111
龙岗,大运,颐安都会中央花园（二期）,3.0,2.0,83.78,380,45356,280.0,大运4条地铁线，华南师范书包，星河COCO商场，小区Z笋盘,"近地铁
新上
南北通
民水民电",342.0,40820
盐田,沙头角,上东湾,2.0,2.0,87.0,660,75862,266.0,赠送35 平，上东湾。东南向精装4房，拎包入住，车位充足,"近地铁
西南
民水民电
电梯房",594.0,68276
盐田,沙头角,上东湾,3.0,2.0,86.01,436,50691,266.0,口岸物业，精装4房，高层视野开阔，看房方便，车位充足,"近地铁
西南
民水民电
电梯房",392.4,45622
罗湖,洪湖,鹏大厦,2.0,1.0,46.51,390,83852,248.0,翠竹深中洪湖地铁口万科物业次新楼盘鹏大厦一房一厅朝南配套齐全,"近地铁
南
民水民电
电梯房",351.0,75467
龙岗,龙岗中心城,麓园,3.0,2.0,89.0,390,43820,586.0,看山景的穴区房，业主诚心卖,"近地铁
新上
南
民水民电",351.0,39438
盐田,沙头角,上东湾,2.0,1.0,43.66,300,68712,266.0,上东湾，精装2房，口岸物业，次新房，车位充足,"近地铁
新上
东南
民水民电",270.0,61841
罗湖,百仕达,旭飞华达园,1.0,,26.6,100,37593,510.0,华达园二期单间、户型方正、珠宝双圈、商业配套齐全、看房方便,"近地铁
新上
西
民水民电",90.0,33834
福田,福田口岸,金地名津,3.0,2.0,86.87,600,69068,353.0,福田口岸金地名津,"近地铁
新上
东南
民水民电",540.0,62161
龙岗,布吉,桂芳园（五期）,3.0,2.0,91.32,298,32632,492.0,3号线大芬站桂芳园大型社区标准三房两卫双阳台配套沃尔玛商超,"近地铁
西南
民水民电
电梯房",268.2,29369
宝安,碧海,康达尔山海上园(二期),4.0,2.0,135.57,880,64911,,碧海笋盘丨山海上园丨业主急售丨全明格局丨动静分区丨使用率高,"新上
南北通
民水民电
电梯房",792.0,58420
福田,红树湾,红树西岸,3.0,2.0,267.14,4500,168450,446.0,看海景看湿地公园景观,"近地铁
新上
南北通
民水民电",4050.0,151605
宝安,新安,勤诚达22世纪(和园),3.0,2.0,83.8,768,91646,220.0,勤诚达精装修三房  赠送46平大平台,"近地铁
新上
北
民水民电",691.2,82481
罗湖,新秀,华清园,3.0,2.0,74.32,290,39020,424.0,华清园公园旁诚心售卖,"近地铁
新上
北
民水民电",261.0,35118
罗湖,莲塘,东方.尊峪花园,4.0,2.0,182.0,990,54395,832.0,万科东方尊峪  改善大平层 南北通 看梧桐山 吸负氧离子,"近地铁
新上
南北通
民水民电",891.0,48956
龙岗,布吉,慢城（一期）,8.0,2.0,130.74,950,72663,,慢城精装修小洋楼前庭后院带花园买一层得两层花园中间安静舒适,"新上
南北通
民水民电
电梯房",855.0,65397
龙岗,坂田,第五园(九期紫悦山),3.0,2.0,88.5,480,54237,,正南向，高楼层，视野好，看山景89平3房2卫,"新上
东南
民水民电
电梯房",432.0,48813
罗湖,洪湖,鹏大厦,1.0,1.0,30.24,330,109126,248.0,翠竹深中洪湖地铁口万科物业鹏大厦次新楼盘精装修朝南一房一厅,"近地铁
新上
南
民水民电",297.0,98213
宝安,碧海,前城滨海花园,3.0,2.0,118.39,980,82777,115.0,西乡大仟里三房二卫东南向,"近地铁
新上
南
民水民电",882.0,74499
宝安,西乡,合正汇一城,3.0,2.0,85.62,620,72412,66.0,前海宝安丨合正汇一城丨房源真实丨经典户型丨视野开阔丨看房方便,"近地铁
新上
西北
民水民电",558.0,65171
宝安,碧海,广兴源圣拿威,4.0,2.0,176.0,1600,90909,812.0,广兴源圣拿威花园.住宅品质高档.户型方正实用.居家氛围好，,"近地铁
新上
南
民水民电",1440.0,81818
龙岗,龙岗中心城,龙岗鸿基花园,2.0,2.0,78.0,300,38461,306.0,店长力荐：带电梯，万科广场就在楼下，地铁站3分，低总稼上车,"近地铁
北
民水民电
电梯房",270.0,34615
宝安,西乡,润恒尚园,3.0,2.0,99.25,665,67002,,润恒尚园诚心出售，近地铁，举步即达碧海湾公园，附近沃尔玛商超,"新上
南
民水民电
电梯房",598.5,60302
龙岗,龙岗中心城,百合盛世（二期）,4.0,2.0,89.61,300,33478,,教科院附属 4房装修保养好 满5红本看房约,"新上
南
民水民电
电梯房",270.0,30130
罗湖,百仕达,旭飞华达园,2.0,1.0,49.47,240,48514,510.0,旭飞华达园户型方正采光通风佳业主诚心卖价格可谈有意联系我,"近地铁
新上
南
民水民电",216.0,43663
宝安,新安,丽景城,3.0,2.0,111.8,650,58139,42.0,丽锦城精装三房,"近地铁
东南
民水民电
拎包入住",585.0,52325
罗湖,翠竹,金丽豪苑,1.0,1.0,36.76,330,89771,319.0,新）金丽豪苑全新装修，业主自住，看房方便3-0-8，等您来,"近地铁
新上
南
民水民电",297.0,80794
罗湖,黄贝岭,汇鑫花园,2.0,1.0,68.0,360,52941,335.0,汇鑫花园小高层两房户型方正实用出门就是地铁,"近地铁
新上
北
民水民电",324.0,47647
龙岗,龙岗中心城,公园大地花园,4.0,2.0,169.0,1000,59171,953.0,公园大地后山方正户型实用300平，业主诚心卖看房方便,"近地铁
新上
南北通
民水民电",900.0,53254
盐田,沙头角,蓝郡广场,3.0,2.0,149.0,1300,87248,607.0,蓝郡广场，高层看海复式，前后大阳台，独门独户，实用率超高,"近地铁
新上
东南
民水民电",1170.0,78523
罗湖,人民南,双城世纪大厦,1.0,1.0,48.09,230,47826,256.0,黄金户型，租金高达5500元，业主有心卖，还价即卖,"近地铁
新上
东南
民水民电",207.0,43043
盐田,沙头角,倚山花园（二期）,3.0,2.0,107.0,450,42056,632.0,倚山花园小高层，居住安静正规三房，诚售,"近地铁
新上
东
民水民电",405.0,37850
罗湖,黄贝岭,凤凰印象,3.0,2.0,122.78,759,61817,381.0,凤凰印象精装大三房，三地铁口，近关口，近螺岭，,"近地铁
新上
南
民水民电",683.1,55635
罗湖,翠竹,嘉湖新都,2.0,1.0,50.0,450,90000,340.0,新上！深中未用 嘉湖新都 朝南 方正两房 采光好,"近地铁
新上
南
民水民电",405.0,81000
龙华,上塘,荟港尊邸2期,4.0,2.0,129.28,650,50278,76.0,港铁优质4房，花园中间，通透双阳台,"近地铁
新上
南
民水民电",585.0,45250
龙岗,龙岗中心城,万科天誉花园（二期）,3.0,2.0,89.0,460,51685,372.0,万科天誉2期！看花园装修保养好！南北通透！谈价找我有惊喜！,"近地铁
新上
东
民水民电",414.0,46516
宝安,西乡,香缇湾花园,3.0,2.0,89.0,780,87640,251.0,双地铁口大三房，看房随时,"近地铁
新上
南
民水民电",702.0,78876
宝安,西乡,招商果岭,2.0,2.0,74.62,450,60305,,碧海湾高尔夫旁，招商果岭刚需二室，随时看,"新上
东南
民水民电
电梯房",405.0,54274
龙岗,坂田,德润荣君府,3.0,2.0,89.0,525,58988,346.0,坂田地铁口，次新房，高使用率，业主诚心卖,"近地铁
新上
南
民水民电",472.5,53089
福田,福田中心区,彩福大厦,1.0,1.0,49.01,330,67333,98.0,福田CBD东向大一房，地铁环绕，配套成熟租金高，满五红本税少,"近地铁
东
民水民电
电梯房",297.0,60600
罗湖,翠竹,龙屋,3.0,2.0,90.02,560,62208,550.0,精装3房直接拎包入住，业主急急急,"近地铁
新上
南北通
民水民电",504.0,55987
宝安,宝安中心区,壹方中心·玖誉(三期),4.0,2.0,174.8,2580,147597,250.0,壹方玖誉高楼层看摩天轮海景豪华装修超高实用率拎包住入,"近地铁
新上
东南
民水民电",2322.0,132837
龙岗,布吉,信义假日名城(四期锦绣园),3.0,2.0,91.64,380,41466,711.0,百鸽笼地铁信义3加1房(赠50平花园)急售！看房方便,"近地铁
新上
南
民水民电",342.0,37319
罗湖,莲塘,东方.尊峪花园,3.0,2.0,143.0,750,52447,832.0,东方尊峪三房带入户花园，开窗见绿天然氧吧,"近地铁
南北通
民水民电
带家电",675.0,47202
罗湖,翠竹,嘉多利花园,3.0,2.0,121.65,1080,88779,598.0,周边配套任齐全,"近地铁
东西通
民水民电
电梯房",972.0,79901
罗湖,百仕达,华达园公寓,1.0,,29.06,100,34411,522.0,80万南向急卖,"近地铁
新上
南
民水民电",90.0,30970
龙岗,龙岗中心城,鸿威的森林,4.0,2.0,144.3,368,25502,,急售，价格可谈，随时可以看房,"南
民水民电
电梯房
精装修",331.2,22952
龙岗,龙岗中心城,保利上城,3.0,2.0,78.27,240,30663,835.0,急售，深中龙外有效，保利上城，三房装修好，,"近地铁
新上
东北
民水民电",216.0,27597
南山,华侨城,假日湾华庭,3.0,2.0,128.0,900,70312,480.0,假日湾高层特价房！精装通透3+1房，业主急卖！,"近地铁
新上
西南
民水民电",810.0,63281
南山,华侨城,锦绣花园二期,3.0,2.0,177.45,1500,84530,399.0,锦绣花园高层特价房！精装通透4房，业主急卖！,"近地铁
新上
西南
民水民电",1350.0,76077
南山,桃园,香瑞园,6.0,2.0,282.86,2800,98988,513.0,南向前排无遮挡复式满五年看大草坪诚心卖价格可以谈,"近地铁
新上
北
民水民电",2520.0,89089
罗湖,人民南,新银座华庭,1.0,,24.0,130,54166,128.0,罗湖口岸新银座 业主急售 双地铁,"近地铁
新上
北
民水民电",117.0,48749
宝安,碧海,碧海富通城（五期）,2.0,1.0,45.71,320,70006,725.0,宝安碧海丨富通城丨房源真实丨经典户型丨视野开阔丨看房方便,"近地铁
新上
东
民水民电",288.0,63005
南山,南头,豪方天际花园,3.0,2.0,74.62,598,80139,226.0,豪方天际花园 精装3房 近公园近园丁书包,"近地铁
新上
南
民水民电",538.2,72125
福田,香蜜湖,安峦公馆,3.0,2.0,127.0,2100,165354,70.0,香蜜湖四房上车 业主急卖  满五唯一税费少地铁口物业价格好谈,"近地铁
新上
南
民水民电",1890.0,148819
龙岗,龙岗中心城,保利上城,3.0,2.0,78.48,260,33129,835.0,保利高性价比小三房高楼层看花园安静，业主诚心出售价格可谈,"近地铁
新上
西
民水民电",234.0,29816
罗湖,翠竹,嘉湖新都,1.0,1.0,31.98,350,109443,340.0,嘉湖新都住宅读深中水田地铁洪湖站，旁边京基KKTIAN,"近地铁
新上
民水民电
电梯房",315.0,98499
罗湖,莲塘,鹏兴花园（一期）,3.0,2.0,102.0,450,44117,233.0,诚意出售房源价格空间很大看房方便,"近地铁
新上
南
民水民电",405.0,39705
罗湖,百仕达,君逸华府,3.0,2.0,97.5,610,62564,541.0,翠园未用，百仕达三期花园，精装修满五年，业主诚意出售,"近地铁
新上
北
民水民电",549.0,56308
罗湖,黄贝岭,深业东岭花园（二期）,2.0,2.0,70.25,450,64056,435.0,新上：东岭二期大两房，高楼层，东南向，长阳台户型，急出可面聊,"近地铁
新上
东南
民水民电",405.0,57650
盐田,沙头角,壹海城（二期）,4.0,2.0,211.4,850,40208,190.0,端头大平层 诚意出售,"近地铁
东南
民水民电
电梯房",765.0,36187
福田,上下沙,京基滨河时代广场,3.0,2.0,156.15,1300,83253,399.0,东南安静，阳光充足，户型方正，,"近地铁
新上
南
民水民电",1170.0,74928
宝安,松岗,中海西岸华府北区,2.0,2.0,87.67,256,29200,380.0,中海西岸华府精装两房业主诚心卖,"近地铁
南
民水民电
电梯房",230.4,26280
盐田,沙头角,上东湾,3.0,2.0,88.33,520,58870,266.0,上东湾小区，价格可谈，配套齐全，交通便利,"近地铁
新上
西南
民水民电",468.0,52983
龙岗,布吉,英郡年华花园（三期）,1.0,1.0,56.0,108,19285,276.0,丹竹头地铁连廊，精装单身公寓，正南朝向，看园林，安静，车位足,"近地铁
新上
南
民水民电",97.2,17356
罗湖,布心,阳光明居,3.0,2.0,93.0,660,70967,459.0,紧邻围岭生态公园，内设户外园林式泳池儿童游戏场,"近地铁
新上
南
民水民电",594.0,63870
龙华,上塘,金地上塘道花园,3.0,2.0,89.63,430,47975,774.0,户型方正，双地铁口，优质笋盘看房方便,"近地铁
新上
南
民水民电",387.0,43178
南山,华侨城,香山美墅花园,4.0,2.0,186.04,2400,129004,,华侨城，香山美墅，186平原始4+1房，端头独立户，底价惊喜,"新上
西南
民水民电
电梯房",2160.0,116104
盐田,沙头角,倚山花园（二期）,3.0,2.0,102.25,480,46943,632.0,倚山花园小区，价格可谈，配套齐全，交通便利,"近地铁
新上
西南
民水民电",432.0,42249
盐田,沙头角,壹海城（二期）,4.0,2.0,185.0,1000,54054,190.0,新小区大平层4房2卫,"近地铁
南
民水民电
电梯房",900.0,48649
罗湖,人民南,新银座华庭,2.0,1.0,56.29,268,47610,128.0,罗湖口岸，国贸，金光华—新银座，业主工作调动，自住急卖,"近地铁
新上
南
民水民电",241.2,42849
福田,香蜜湖,翠海花园（二期）,5.0,2.0,194.32,2399,123456,94.0,翠海花园五房双阳台中楼层景观视野好,"近地铁
新上
南北通
民水民电",2159.1,111110
南山,前海,泛海拉菲花园（二期）,3.0,2.0,83.39,1150,137906,201.0,前海泛海拉菲花园 荔湾地铁口 精装3房 业主诚心卖,"近地铁
南
民水民电
电梯房",1035.0,124115
南山,前海,泛海拉菲花园（一期）,3.0,2.0,75.77,700,92384,233.0,前海泛海拉菲花园 荔湾地铁口 精装3房 业主诚心卖,"近地铁
新上
东南
民水民电",630.0,83146
宝安,桃源居,桃源居十五区,3.0,2.0,87.31,390,44668,518.0,桃源居电梯小三房，两年前的新装修，全屋品牌电器，可拎包即住,"近地铁
新上
南
民水民电",351.0,40201
罗湖,布心,碧岭华庭,4.0,2.0,145.88,688,47162,480.0,笋盘新上好房，碧岭华庭，中间楼层，环山而住,"近地铁
新上
南
民水民电",619.2,42446
福田,上下沙,金域蓝湾,3.0,2.0,112.12,1030,91865,722.0,金域蓝湾三期高层 看海户型好，业主诚心出售,"近地铁
新上
南
民水民电",927.0,82678
罗湖,翠竹,龙丽园,2.0,1.0,86.0,520,60465,453.0,深中  近地铁  精装三房  现房出售,"近地铁
新上
东西通
民水民电",468.0,54418
盐田,沙头角,壹海城（一期）,4.0,2.0,152.0,1200,78947,100.0,壹海城，精装修，保养好。享受成熟壹海城配套，看房电话,"近地铁
南北通
民水民电
电梯房",1080.0,71052
宝安,新安,都市翠海华苑,1.0,1.0,38.13,380,99659,108.0,户型方正 通风采光好 近地铁 配套成熟,"近地铁
新上
东
民水民电",342.0,89693
罗湖,新秀,新秀村（南区）,2.0,2.0,73.0,230,31506,485.0,急售房源，降价26万，随时可以看房，居家首选,"近地铁
新上
南北通
民水民电",207.0,28355
南山,南头,豪方天际花园,4.0,2.0,123.43,1280,103702,226.0,豪方天际花园 近地铁及公园 配套完善,"近地铁
新上
南北通
民水民电",1152.0,93332
宝安,西乡,金港华庭,2.0,2.0,63.66,360,56550,710.0,业主急售，西乡沃尔玛楼上，精装2房,"近地铁
新上
东北
民水民电",324.0,50895
宝安,新安,中洲华府（二期）,5.0,2.0,166.0,1388,83614,353.0,中洲华府二期大户型诚意出售近灵芝站,"近地铁
新上
东南
民水民电",1249.2,75253
罗湖,莲塘,四季御园（新世界四季御园）,3.0,2.0,74.32,473,63643,340.0,新世界四季御园，精装三房，诚意出售，看房方便,"近地铁
新上
南
民水民电",425.7,57279
龙岗,龙岗中心城,保利上城,3.0,2.0,88.0,400,45454,835.0,深中书包，吉祥地铁站和爱联地铁站，万科商圈，还价就卖。,"近地铁
新上
南
民水民电",360.0,40909
宝安,宝安中心区,壹方中心·玖誉(三期),3.0,2.0,95.0,1160,122105,250.0,壹方玖誉三期  宜居3房  诚心出售  欢迎来电咨询,"近地铁
新上
北
民水民电",1044.0,109894
罗湖,翠竹,金丽豪苑,2.0,2.0,62.0,480,77419,319.0,深圳忠学初忠部 精装修三房 拎包入住 地铁口物业 价格可谈,"近地铁
新上
西南
民水民电",432.0,69677
罗湖,黄贝岭,深业东岭花园（一期）,1.0,1.0,41.85,245,58542,435.0,翠园本部东岭高层人车分流车位足价格可谈,"近地铁
新上
西
民水民电",220.5,52688
罗湖,新秀,新秀村,2.0,2.0,68.4,205,29970,299.0,业主是我老乡资金周转急售看房方便价格有惊喜,"近地铁
新上
南
民水民电",184.5,26973
福田,香蜜湖,香荔花园,4.0,2.0,147.0,1580,107482,102.0,新降价房源，香荔花园南向看海景四房，诚心出售，深高+东海,"近地铁
新上
西南
民水民电",1422.0,96734
龙华,龙华中心,壹成中心花园(七区),3.0,2.0,77.12,440,57053,,壹成七区豪华装修3房满五唯一看房方便,"新上
南
民水民电
电梯房",396.0,51348
宝安,碧海,碧海富通城（三期）,2.0,1.0,40.46,360,88976,942.0,近地铁，交通方便。,"近地铁
新上
南
民水民电",324.0,80078
南山,华侨城,假日湾华庭,4.0,2.0,168.0,1450,86309,480.0,假日湾高层景观好特价！南北通透，业主急卖！,"近地铁
新上
东南
民水民电",1305.0,77678
罗湖,翠竹,龙屋,4.0,2.0,93.05,480,51585,550.0,龙屋  深中大四大房业主诚心卖房子 保养好,"近地铁
新上
南北通
民水民电",432.0,46426
龙岗,龙岗中心城,万象天成（盛龙花园二期）,2.0,2.0,58.0,168,28965,760.0,业主向市场妥协！地铁口刚降价房源，精装，满五年急售，价格私聊,"近地铁
新上
南北通
民水民电",151.2,26068
福田,香蜜湖,香荔花园,3.0,2.0,86.38,900,104190,102.0,精装3房 南北通透 东实和深高 看房方便,"近地铁
新上
南北通
民水民电",810.0,93771
盐田,梅沙,万科东海岸二期(云山居),1.0,1.0,61.0,283,46393,,万科东海岸二期，安静可改2房，满五年，门槛有私家露营地可用,"西南
民水民电
电梯房
带家私",254.7,41754
盐田,沙头角,壹海城（一期）,4.0,2.0,156.36,880,56280,100.0,沙头角：壹海城一期地铁口4房物业，成熟地段配套，方便看房,"近地铁
南
民水民电
电梯房",792.0,50652
罗湖,翠竹,愉天小区,2.0,1.0,41.11,420,102164,335.0,满五唯一，税费优惠，节省购房资金,"近地铁
新上
南
民水民电",378.0,91948
盐田,沙头角,御景翠峰,3.0,2.0,79.0,380,48101,701.0,沙头角：御景翠峰地铁口精装3房物业，成熟地段配套，方便看房,"近地铁
新上
南
民水民电",342.0,43291
南山,深圳湾,恒裕滨城花园（二期）,5.0,2.0,227.27,7000,308003,166.0,高楼层，全海景，大阳台，看房方便,"近地铁
新上
南北通
民水民电",6300.0,277203
罗湖,翠竹,翠华花园,3.0,2.0,65.32,350,53582,253.0,翠华花园双名书包，实用三房方正，红本满五年税费少急售价格可谈,"近地铁
新上
南
民水民电",315.0,48224
福田,上下沙,金海湾花园,2.0,2.0,85.87,760,88505,645.0,金海湾花园，大两房，客厅出阳台，采光好，装修保养好，拎包入住,"近地铁
新上
南
民水民电",684.0,79654
龙岗,布吉,百合星城（二期）,3.0,2.0,107.56,468,43510,332.0,南北通透大社区安静实用装修保养好,"近地铁
新上
南北通
民水民电",421.2,39159
福田,上下沙,金海湾花园,3.0,2.0,128.2,1100,85803,645.0,金海湾花园，业主换房出售，大三房两卫，红本，红树林公园,"近地铁
新上
西南
民水民电",990.0,77223
宝安,沙井,拾悦城,4.0,2.0,111.56,550,49300,410.0,业主急售拾悦里雅居双地铁京基百纳沃尔玛新沙天虹朝向好南山前海,"近地铁
南北通
民水民电
电梯房",495.0,44370
罗湖,东门,东门168,1.0,1.0,39.95,220,55068,499.0,东门168.红本在手.业主诚心卖.价格空间大,"近地铁
新上
东
民水民电",198.0,49561
罗湖,翠竹,逸翠园,4.0,2.0,114.46,799,69806,578.0,业主有心卖，翡翠星空，翠竹大四房，花园社区，翠竹山公园的家,"近地铁
新上
东南
民水民电",719.1,62825
罗湖,翠竹,怡泰大厦,2.0,2.0,67.0,270,40298,339.0,业主有心卖，配套齐全，翠竹两房，谈价空间大，租金高,"近地铁
新上
西
民水民电",243.0,36268
罗湖,黄贝岭,凤凰印象,1.0,1.0,41.26,235,56955,381.0,欠款已清，房产证在手，随时网签过户，免除赎楼费用,"近地铁
新上
北
民水民电",211.5,51260
宝安,西乡,招商果岭,3.0,2.0,87.93,550,62549,,招商果岭精装三房诚心出售看房方便,"新上
南
民水民电
电梯房",495.0,56294
福田,香蜜湖,东海花园（一期）,4.0,2.0,136.23,1700,124788,464.0,东海花园 136平四房 装修保养好 南向采光好,"近地铁
新上
西南
民水民电",1530.0,112309
盐田,盐田港,中海半山溪谷花园,3.0,2.0,108.37,400,36910,829.0,梧桐半山上，大花园社区，近地铁口，高楼层，精装三房，南北通透,"近地铁
南
民水民电
电梯房",360.0,33219
龙华,民治,龙岸花园,4.0,2.0,169.0,1100,65088,353.0,龙岸花园新上大平层装修保养好无需打动业主因出国所以诚卖仅契税,"近地铁
新上
南
民水民电",990.0,58579
龙岗,坂田,嘉御豪园(信义嘉御山),4.0,2.0,169.83,1298,76429,553.0,信义嘉御山 次新小区 中间楼层 视野好 配套完善 诚售,"近地铁
新上
南
民水民电",1168.2,68786
福田,皇岗,汇港名苑,4.0,3.0,78.0,700,89743,136.0,汇港名苑，高赠送，套内使用面积高达140平，豪华装修，,"近地铁
新上
民水民电
电梯房",630.0,80769
南山,前海,诺德假日花园,2.0,2.0,66.0,480,72727,435.0,诺德假日花园 精装2房 环境好 生活配套纯熟 适宜生活居住,"近地铁
新上
东
民水民电",432.0,65454
罗湖,新秀,新秀村（南区）,3.0,2.0,106.0,368,34716,485.0,新秀村南区低楼层自住红本在手满5年,"近地铁
新上
南北通
民水民电",331.2,31244
盐田,沙头角,君临海域（一期）,3.0,2.0,78.66,300,38138,418.0,君临海域 精装3房 红本在手 近海山地铁站 壹海城旁交通便利,"近地铁
新上
东南
民水民电",270.0,34324
罗湖,莲塘,梧桐山新居（二期）,3.0,2.0,99.0,720,72727,448.0,全新精装顶楼复士 带露台花园 靠梧桐山 环境舒适空气好,"近地铁
新上
西南
民水民电",648.0,65454
罗湖,莲塘,梧桐山新居（二期）,1.0,1.0,24.0,135,56250,448.0,梧桐山下大社区 电梯小高层 近罗外 环境舒适 好出租,"近地铁
北
民水民电
电梯房",121.5,50625
宝安,碧海,华丰前海湾（一期）,3.0,2.0,89.0,660,74157,814.0,华丰前海湾三房二卫东南向,"近地铁
新上
南
民水民电",594.0,66741
龙岗,龙岗中心城,万科清林径,2.0,2.0,79.0,160,20253,,业主急卖  精装大两房 公摊面积少看房方便,"新上
北
民水民电
电梯房",144.0,18228
龙岗,大运,中海康城花园,5.0,3.0,171.76,1600,93153,,中海康城花园 小区稀有顶楼复式 上下4层 带私家天台 满五年,"新上
东南
民水民电
电梯房",1440.0,83838
龙岗,大运,中海康城花园,4.0,2.0,163.22,680,41661,,中海康城花园 全新装修可拎包入住 花园中间南北通透 户型方正,"新上
南北通
民水民电
电梯房",612.0,37495
南山,华侨城,纯水岸十五期,5.0,2.0,227.59,3900,171360,,华侨城纯水岸15期，小高层全新豪装4房，急啊,"东南
民水民电
电梯房
带家私",3510.0,154224
罗湖,翠竹,愉天小区,2.0,1.0,43.1,390,90487,335.0,295随时可签，以改好两房，愉天小区，翠北+深中，装修好,"近地铁
新上
南
民水民电",351.0,81438
宝安,碧海,华丰前海湾（二期）,3.0,2.0,88.74,620,69867,748.0,华丰前海湾 一线海景资源次新小区急卖看房提前约环境好拎包入住,"近地铁
新上
东南
民水民电",558.0,62880
宝安,桃源居,桃源居十一区,2.0,2.0,84.0,430,51190,461.0,桃源居大社区户型方正采光好真实在卖,"近地铁
新上
东南
民水民电",387.0,46071
龙岗,坂田,第五园(九期紫悦山),4.0,2.0,124.0,780,62903,,站德高望得远，紫悦山124平4房2卫，一脚油门直达罗湖，福田,"新上
南北通
民水民电
电梯房",702.0,56613
盐田,盐田港,金港盛世华庭,3.0,2.0,95.83,390,40697,969.0,地铁口物业，高使用率，高楼层，户型方正,"近地铁
新上
东南
民水民电",351.0,36627
罗湖,翠竹,泊林花园,2.0,2.0,68.32,360,52693,334.0,泊林花园，花园社区，南向两房，谈价空间大，拎包入住,"近地铁
新上
西
民水民电",324.0,47424
罗湖,翠竹,嘉多利花园,5.0,2.0,310.8,2800,90090,598.0,嘉多利小高层顶楼复式出售【深中+锦田】有心卖，可谈,"近地铁
新上
南北通
民水民电",2520.0,81081
盐田,盐田港,金港盛世华庭,2.0,1.0,54.46,180,33051,969.0,盐田金港盛世精装大两房前无遮档红本在手地铁口旁业主诚心卖,"近地铁
新上
东
民水民电",162.0,29746
龙岗,龙岗中心城,中央悦城,4.0,2.0,129.57,310,23925,320.0,悦城花园南北通透大四房，中高楼层视野好，地铁口，满五急售,"近地铁
南北通
民水民电
电梯房",279.0,21532
宝安,新安,勤诚达22世纪(和园),3.0,2.0,80.89,800,98899,220.0,3房户型 通风采光好 使用率高 配套成熟 价格可谈,"近地铁
新上
西南
民水民电",720.0,89009
龙岗,龙岗中心城,佳兆业水岸新都,4.0,2.0,118.0,330,27966,790.0,佳兆业水岸新都 两层复式四房 仙田外国语 近地铁口 环境好,"近地铁
新上
西北
民水民电",297.0,25169
南山,科技园,名家富居,3.0,2.0,125.0,1200,96000,397.0,南山荔香公园附近名家富居大三房朝南,"近地铁
新上
东南
民水民电",1080.0,86400
盐田,盐田港,中海半山溪谷花园,3.0,2.0,89.0,270,30337,829.0,天然氧吧半山溪谷近地铁周边配套齐全业主诚卖,"近地铁
新上
东北
民水民电",243.0,27303
南山,前海,前海时代,2.0,2.0,87.0,900,103448,650.0,前海自贸区桂湾片区前海时代，精装2房，近地铁口，诚心出售,"近地铁
南
民水民电
电梯房",810.0,93103
宝安,碧海,碧海富通城（四期）,1.0,1.0,35.28,280,79365,872.0,宝安碧海富通城精装1房诚意出售价格可谈,"近地铁
新上
南
民水民电",252.0,71428
龙岗,龙岗中心城,鸿威的森林,4.0,2.0,89.0,290,32584,,鸿威的森林业主诚售看房方便满5唯1,"南
民水民电
电梯房
精装修",261.0,29326
罗湖,新秀,新秀村（南区）,2.0,2.0,82.0,252,30731,485.0,新秀村(南区) 交通便利 小三居  医疗配套成熟,"近地铁
新上
南北通
民水民电",226.8,27658
罗湖,百仕达,新港鸿花园,3.0,2.0,100.35,450,44843,549.0,新港鸿花园 近水贝珠宝 近地铁 生活配套完善 住家舒适,"近地铁
新上
东北
民水民电",405.0,40359
罗湖,黄贝岭,金城华庭,1.0,1.0,39.0,210,53846,528.0,罗湖金城华庭 商品房 近医院 南北通透 电梯房 商业配套齐全,"近地铁
新上
东
民水民电",189.0,48461
罗湖,新秀,东方都会大厦,1.0,1.0,36.0,248,68888,633.0,京基物业 新秀地铁 罗外加持 全新精致1房 急售,"近地铁
新上
东南
民水民电",223.2,61999
罗湖,黄贝岭,新天地名居,2.0,2.0,68.24,390,57151,356.0,精装修两房 三地铁环绕 花园社区 满五年税费少,"近地铁
新上
南
民水民电",351.0,51436
罗湖,翠竹,贝丽花园,3.0,2.0,89.36,420,47000,369.0,贝丽花园  自住3房  价格可大刀  看房方便,"近地铁
新上
南北通
民水民电",378.0,42300
盐田,沙头角,碧桐湾,1.0,1.0,38.0,148,38947,296.0,碧桐湾小区，价格可谈，配套齐全，交通便利,"近地铁
东
民水民电
电梯房",133.2,35052
盐田,沙头角,倚山花园（二期）,2.0,2.0,77.0,245,31818,632.0,倚山花园二期 泰式园林大社区 小高层 可改三房 户型方正,"近地铁
东南
民水民电
电梯房",220.5,28636
龙岗,龙岗中心城,公园大地花园,5.0,3.0,275.52,2600,94367,953.0,公园大地花园真复式！高赠送采光事业非常优质！诚谈价找我有惊喜,"近地铁
新上
南北通
民水民电",2340.0,84930
罗湖,洪湖,鹏大厦,1.0,1.0,31.0,295,95161,248.0,豪华装修，拎包入住，业主非常急卖，价格非常炸裂,"近地铁
新上
南
民水民电",265.5,85645
罗湖,莲塘,梧桐山新居（一期）,2.0,2.0,56.7,260,45855,448.0,梧桐山下 仙湖植物园旁实用2房 近地铁站交通便利,"近地铁
新上
南北通
民水民电",234.0,41270
罗湖,莲塘,四季御园（新世界四季御园）,4.0,2.0,152.38,888,58275,340.0,口岸物业，精装大平层，毛坯房想怎么装修都行,"近地铁
新上
南北通
民水民电",799.2,52448
龙岗,龙岗中心城,龙园大观花园（一期）,4.0,2.0,89.18,300,33639,,业主向市场妥协！地铁口刚降价房源，精装，满五年急售，价格私聊,"新上
南
民水民电
电梯房",270.0,30275
罗湖,黄贝岭,靖轩豪苑,3.0,2.0,87.87,580,66006,315.0,南北通透 三房两卫看水库黄贝岭公园景观价格可谈,"近地铁
新上
西北
民水民电",522.0,59405
福田,皇岗口岸,皇御苑五期,2.0,2.0,84.23,660,78356,92.0,皇御苑五期，精装修两房，红本在手，满五唯一，近地铁口,"近地铁
新上
东北
民水民电",594.0,70520
南山,华侨城,世纪村4期,1.0,1.0,50.0,480,96000,731.0,世纪村花园，标准1房1厅，高层南向采光视野开阔，满五年税少,"近地铁
新上
东
民水民电",432.0,86400
南山,前海,鼎太风华（三期）,3.0,2.0,115.45,1150,99610,859.0,鼎太风华四期两梯两户南北通透的大三房，看花园位置安静，价可谈,"近地铁
新上
南北通
民水民电",1035.0,89649
福田,福田中心区,彩福大厦,3.0,2.0,120.42,650,53977,98.0,福田CBD旁，近卓悦商圈，下楼即地铁口，业主诚心出售,"近地铁
西北
民水民电
电梯房",585.0,48579
龙岗,龙岗中心城,佳兆业水岸新都,4.0,2.0,94.0,460,48936,790.0,佳兆业水岸新都 二楼带平台 带阁楼 精装四房 仙田外国语,"近地铁
新上
西北
民水民电",414.0,44042
罗湖,翠竹,愉天小区,2.0,1.0,42.0,365,86904,335.0,诚意出售 ！愉天小区精装一房一厅，【翠北+深中】看房方便可谈,"近地铁
新上
北
民水民电",328.5,78214
罗湖,翠竹,金丽豪苑,1.0,1.0,53.91,350,64923,319.0,金丽豪苑，业主诚心出售，看房方便,"近地铁
新上
南
民水民电",315.0,58431
罗湖,百仕达,新港鸿花园,4.0,2.0,143.79,620,43118,549.0,新港鸿业主急售，精装拎包入住  大户型，看房方便，,"近地铁
东
民水民电
电梯房",558.0,38806
罗湖,布心,松泉公寓,1.0,1.0,37.19,185,49744,520.0,1字头！业主有心卖！翠园东晓上车盘 低总价,"近地铁
新上
民水民电",166.5,44770
罗湖,翠竹,翠竹苑,2.0,2.0,67.09,320,47697,310.0,竹园居温馨两房业主诚心卖,"近地铁
新上
民水民电
精装修",288.0,42927
龙岗,布吉,佳兆业可园（四期）,3.0,2.0,98.24,500,50895,697.0,装修保养好的温馨家园,"近地铁
新上
西南
民水民电",450.0,45806
盐田,沙头角,君临海域（一期）,3.0,2.0,78.48,210,26758,418.0,君临海域小三房性价比高，总价低楼下海滨栈道,"满二年
近地铁
新上
东南",189.0,24082
宝安,宝安中心区,君逸世家花园,4.0,2.0,186.58,1680,90041,185.0,业主委托房源，南北通透，带入户花园,"近地铁
新上
东南
民水民电",1512.0,81037
南山,南头,豪方天际花园,4.0,2.0,124.61,1150,92287,226.0,南山豪方天际花园 次新房 高实用 精装3房,"近地铁
新上
南北通
民水民电",1035.0,83058
龙岗,布吉,信义金御半山（一期）,4.0,2.0,89.0,560,62921,527.0,业主诚心出售中间楼层采光好,"近地铁
新上
东南
民水民电",504.0,56629
龙岗,龙岗中心城,紫薇花园,3.0,2.0,100.0,300,30000,,紫薇花园   精装修   高层  南北通透  急售,"新上
南
民水民电
精装修",270.0,27000
罗湖,布心,今日家园,2.0,2.0,61.52,308,50065,241.0,今日家园高层。南向两房,"近地铁
新上
西南
民水民电",277.2,45058
宝安,松岗,松河瑞园（一期）,4.0,2.0,101.0,440,43564,360.0,业主急售松河瑞园近溪头地铁站107国道精装修朝向好拎包入住,"近地铁
新上
南
民水民电",396.0,39208
南山,前海,鼎太风华（一期）,8.0,,161.58,1438,88996,933.0,前海鼎太风华社区 精装6房 业主诚心售,"近地铁
新上
南北通
民水民电",1294.2,80096
宝安,碧海,广兴源圣拿威,5.0,2.0,175.94,1250,71046,812.0,买来拎包入住，满五年没个税，业主诚意出售,"近地铁
新上
南
民水民电",1125.0,63941
龙岗,龙岗中心城,保利上城,5.0,2.0,180.01,900,49997,835.0,保利上城 一本证大平层 户型方正实用 南北通透 满五年少税,"近地铁
新上
东西通
民水民电",810.0,44997
福田,水围,金港豪庭,1.0,1.0,47.0,300,63829,467.0,业主低价出售，一房一厅，过渡房源,"近地铁
新上
北
民水民电",270.0,57446
罗湖,人民南,新银座华庭,2.0,2.0,69.0,325,47101,128.0,罗湖管控与，二房一厅，业主诚心出售，,"近地铁
新上
南
民水民电",292.5,42391
罗湖,翠竹,合正荣悦,2.0,2.0,50.18,335,66759,410.0,新上笋盘！合正荣悦府，业主全权委托，东南向，翠竹小毕业,"近地铁
新上
东南
民水民电",301.5,60083
福田,红树湾,中信红树湾花城南区,4.0,2.0,238.0,3000,126050,467.0,中信南区4+1房，南北通高使用率，看中可谈急售,"近地铁
新上
南北通
民水民电",2700.0,113445
宝安,桃源居,桃源居世外桃源,4.0,2.0,88.0,320,36363,387.0,桃源居社区座落在深圳宝安,"近地铁
东
民水民电
电梯房",288.0,32727
宝安,宝安中心区,金泓凯旋城,5.0,2.0,180.0,1900,105555,352.0,宝安金泓凯旋城大五房,"近地铁
新上
东南
民水民电",1710.0,95000
宝安,宝安中心区,熙龙湾（二期）,4.0,2.0,159.88,2900,181386,347.0,欢乐港湾摩天轮海景大平层，送100平米,"近地铁
南北通
民水民电
精装修",2610.0,163247
罗湖,百仕达,百仕达花园一期,3.0,2.0,103.0,645,62621,374.0,业主诚意出售，中高楼层，南北通透，看房提前预约即可,"近地铁
新上
南
民水民电",580.5,56359
宝安,新安,勤诚达22世纪(和园),4.0,2.0,150.59,1860,123514,220.0,4房户型 户型方正 使用率高 费用少 近地铁 价格可谈,"近地铁
新上
南
民水民电",1674.0,111163
龙岗,坂田,第五园（五期）,3.0,2.0,127.0,590,46456,,朝南向，双龙抱珠，安静大三房，满五税少,"新上
南
民水民电
电梯房",531.0,41810
龙岗,龙岗中心城,佳兆业水岸新都,2.0,2.0,64.83,180,27764,790.0,佳兆业水岸新都 精装两房 朝南向 仙田外国语 近地铁口,"近地铁
新上
南
民水民电",162.0,24988
坪山,坪山中心区,京基御景印象家园（四期）,4.0,2.0,89.0,218,24494,,14号线锦龙地铁口京基四期，业主诚心出售，价格可谈,"新上
北
民水民电
电梯房",196.2,22045
盐田,沙头角,倚山花园（三期）,1.0,1.0,33.49,165,49268,632.0,倚山花园精装1房急售,"近地铁
新上
北
民水民电",148.5,44341
龙岗,龙岗中心城,公园大地花园,7.0,3.0,174.96,1350,77160,953.0,公园大地 花园中间 小高层 南北通透 实用近230平 满五年,"近地铁
南北通
民水民电
精装修",1215.0,69444
罗湖,洪湖,鹏大厦,1.0,1.0,36.57,370,101175,248.0,地铁口物业精装一房一厅书包房,"近地铁
新上
北
民水民电",333.0,91058
罗湖,翠竹,愉天小区,1.0,1.0,49.11,355,72286,335.0,深中小两房   交通方便总价低  业主诚心出售 价格可谈,"近地铁
新上
东南
民水民电",319.5,65057
福田,香蜜湖,香荔花园,3.0,2.0,108.0,1170,108333,102.0,香蜜湖香荔花园3房业主诚心出售,"近地铁
新上
北
民水民电",1053.0,97500
罗湖,布心,今日家园,2.0,2.0,62.0,400,64516,241.0,精装两房，采光好，满5年，翠园东晓可用，出门即到地铁站,"近地铁
新上
北
民水民电",360.0,58064
福田,上下沙,京基滨河时代广场,1.0,,33.14,180,54315,479.0,京基滨河时代广场，商务公寓，总价低，租金高，交通方便，可看房,"近地铁
新上
东北
民水民电",162.0,48884
罗湖,人民南,云景豪园,2.0,1.0,66.16,270,40810,210.0,春风路 云景豪园（总价2字头）买南向2房 业主诚心出售,"近地铁
新上
东南
民水民电",243.0,36729
龙华,龙华中心,壹成中心花园(六区),4.0,2.0,87.94,538,61178,,壹成六区 精装4房 满五年 空置 诚心出售 看房方便,"新上
东南
民水民电
电梯房",484.2,55060
宝安,碧海,康达尔山海上园(二期),4.0,2.0,151.86,950,62557,,康达尔山海上城花园.社区品质好。户型双阳台方正实用.生活便利,"新上
南
民水民电
电梯房",855.0,56301
盐田,沙头角,君临海域（一期）,5.0,2.0,244.2,1300,53235,418.0,君临海域 四房 全南山海美景 大平层双龙抱珠百万居众豪装,"近地铁
东南
民水民电
电梯房",1170.0,47912
宝安,沙井,中熙香莎公馆,3.0,2.0,89.57,480,53589,,中熙香莎公馆精装三房业主诚心卖,"新上
南
民水民电
电梯房",432.0,48230
盐田,沙头角,瀚海翠庭,3.0,2.0,116.7,525,44987,249.0,关口物业，瀚海翠庭,"近地铁
新上
西南
民水民电",472.5,40488
罗湖,洪湖,鹏大厦,2.0,2.0,37.0,380,102702,248.0,翠竹深中次新楼盘鹏大厦万科物业安静小两房近洪湖地铁站配套齐全,"近地铁
新上
东
民水民电",342.0,92432
罗湖,布心,阳光明居,3.0,2.0,74.17,460,62019,459.0,阳光明居朝南三房新装修，急售，价格好谈,"近地铁
新上
南
民水民电",414.0,55817
福田,梅林,嘉鑫阳光雅居,1.0,1.0,40.0,340,85000,553.0,"嘉鑫阳光雅居位于 塘朗山，旁边  环境优美宁静享受大自然,","近地铁
新上
西北
民水民电",306.0,76500
罗湖,百仕达,新港鸿花园,4.0,2.0,145.1,640,44107,549.0,满五唯一，税费优惠，节省购房资金,"近地铁
新上
南
民水民电",576.0,39696
宝安,碧海,碧海富通城（三期）,2.0,2.0,49.42,480,97126,942.0,富通城小两房业主诚意出售交通购物都很方便,"近地铁
南
民水民电
电梯房",432.0,87413
宝安,碧海,碧海富通城（三期）,1.0,1.0,38.86,300,77200,942.0,富通城小两房业主诚意出售,"近地铁
新上
东北
民水民电",270.0,69480
罗湖,洪湖,鹏大厦,2.0,1.0,37.09,330,88972,248.0,7号线地铁口物业 深中忠雪初忠部 租金高 业主换房,"近地铁
新上
西
民水民电",297.0,80075
盐田,沙头角,君临海域（一期）,3.0,2.0,78.66,350,44495,418.0,（高层端头海景3房）遥望香港 滨海栈道 君临海域,"近地铁
新上
西南
民水民电",315.0,40046
南山,南头,麒麟花园（二期）,3.0,2.0,107.56,780,72517,566.0,南山麒麟书包  双地铁口  出行便利,"近地铁
新上
南
民水民电",702.0,65265
龙岗,龙岗中心城,满京华喜悦里,4.0,2.0,89.0,290,32584,350.0,喜悦里精装4房，看房方便，满5年，双语教课，看花园，益居家,"近地铁
新上
北
民水民电",261.0,29326
南山,南头,麒麟花园（三期）,3.0,2.0,103.49,850,82133,678.0,南山麒麟书包,"近地铁
新上
南
民水民电",765.0,73920
宝安,桃源居,桃源居十一区,3.0,2.0,98.0,590,60204,461.0,桃源居精装三房，满五年红本，朝南看花园，采光好，位置安静,"近地铁
新上
南
民水民电",531.0,54184
罗湖,莲塘,名骏豪庭,3.0,2.0,85.21,390,45769,703.0,名骏豪庭，三房二厅，全新豪装，高楼层，景观很好，,"近地铁
新上
北
民水民电",351.0,41192
南山,前海,阳光棕榈园（三期）,1.0,1.0,39.46,320,81094,845.0,阳光棕榈园三期，精装1房，满五年，近地铁口，诚心出售,"近地铁
新上
西
民水民电",288.0,72985
宝安,碧海,碧海富通城（三期）,3.0,2.0,114.0,718,62982,942.0,富通城三期，高曾送高层看海，采光好满五唯一费用少业主诚 心卖,"近地铁
新上
东南
民水民电",646.2,56684
福田,香蜜湖,东海花园（一期）,3.0,2.0,121.64,1450,119204,464.0,成交热门小区东海花园，管家式服务，业主置换诚心出售，看房方便,"近地铁
新上
南
民水民电",1305.0,107284
南山,前海,泛海拉菲花园（二期）,6.0,2.0,174.43,1770,101473,201.0,前海泛海拉菲花园 荔湾地铁口 精装6房 业主诚心卖,"近地铁
新上
南北通
民水民电",1593.0,91326
南山,前海,阳光棕榈园（一期）,3.0,2.0,111.82,750,67072,150.0,南山前海阳光棕榈园 精装大3房 业主诚售,"近地铁
新上
东南
民水民电",675.0,60365
罗湖,新秀,东方都会大厦,2.0,1.0,61.0,300,49180,633.0,住家安静，降价30万，费用少，随时可以看房,"近地铁
新上
北
民水民电",270.0,44262
宝安,新安,丽景城,4.0,2.0,96.65,560,57941,42.0,复式 超高使用率 通风采光好 满五 费用少,"近地铁
新上
北
民水民电",504.0,52147
罗湖,布心,碧岭华庭,2.0,2.0,73.81,330,44709,480.0,碧岭华庭两房采光好小区舒适,"近地铁
新上
南
民水民电",297.0,40238
罗湖,洪湖,鹏大厦,2.0,1.0,37.09,350,94365,248.0,翠竹深中次新楼盘精装两房朝东近洪湖地铁口水贝社区图书馆配套齐,"近地铁
新上
东
民水民电",315.0,84928
龙岗,布吉,佳兆业可园（五期）,2.0,2.0,74.44,338,45405,677.0,可园南区精美两房，东南朝向，楼层适宜推窗即景,"近地铁
新上
东南
民水民电",304.2,40864
罗湖,翠竹,怡泰大厦,2.0,1.0,67.0,300,44776,339.0,现房出售，精装两房，业主诚售，拎包入住,"近地铁
新上
东南
民水民电",270.0,40298
宝安,碧海,华丰前海湾（一期）,4.0,2.0,143.31,1200,83734,814.0,华丰一期 海景 大4房 仅有契税 价格有空间,"近地铁
新上
西北
民水民电",1080.0,75361
罗湖,布心,淘金山湖景花园一期,4.0,2.0,149.8,850,56742,745.0,淘金山核心美宅，温馨3室，点击一次 幸福一生,"近地铁
新上
东南
民水民电",765.0,51068
罗湖,莲塘,鹏兴花园（一期）,3.0,2.0,102.0,420,41176,233.0,家门口地铁站 可谈价、300米到华润万家和學骁，少有在卖楼层,"近地铁
新上
南
民水民电",378.0,37058
盐田,沙头角,倚山花园（三期）,3.0,2.0,89.06,400,44913,632.0,泰式园林，大花园社区，精装三房，高楼层看梧桐山景,"近地铁
新上
东北
民水民电",360.0,40422
宝安,沙井,万科翡丽郡（一期）,4.0,2.0,127.15,550,43255,,沙井万科翡丽郡一期 精装修4房急售 满五年 朝南,"新上
南
民水民电
电梯房",495.0,38930
龙岗,布吉,百合星城（二期）,3.0,2.0,106.2,430,40489,332.0,百合星城 地铁口 户型好 实用率高 住家首选 价可谈,"近地铁
南北通
民水民电
电梯房",387.0,36440
龙岗,龙岗中心城,万科清林径,5.0,2.0,198.0,700,35353,,主专清林径 保真保看 共约230方大平层 业主诚意出售,"新上
南北通
民水民电
拎包入住",630.0,31818
罗湖,莲塘,名骏豪庭,1.0,1.0,42.57,200,46981,703.0,户型方正一房一厅，社区有10栋,"近地铁
北
民水民电
电梯房",180.0,42283
盐田,梅沙,万科东海岸四期（海逸居）,5.0,,223.12,1600,71710,,万科东海岸联排单边精装别墅诚意出售,"新上
民水民电",1440.0,64539
南山,前海,前海时代,2.0,2.0,49.36,568,115072,650.0,前海时代精装小2房，满5惟一，桂湾高端配套，车位多,"近地铁
新上
东
民水民电",511.2,103565
宝安,新安,华联城市全景花园,1.0,,48.0,300,62500,303.0,一房一厅 小户型 低总价 费用少 价格可谈,"近地铁
新上
南
民水民电",270.0,56250
宝安,桃源居,桃源居十六区,2.0,2.0,66.0,295,44696,543.0,桃源居精装两房，户型方正，看花园景观，住家好房子，安静,"近地铁
新上
南北通
民水民电",265.5,40226
盐田,沙头角,君临海域（二期）,4.0,2.0,159.0,680,42767,395.0,闹中取静适合居住,"近地铁
新上
东南
民水民电",612.0,38490
南山,前海,阳光棕榈园（一期）,3.0,2.0,110.0,1000,90909,150.0,阳光棕榈园精装大三房景观采光好,"近地铁
新上
北
民水民电",900.0,81818
南山,前海,泛海拉菲花园（一期）,4.0,2.0,88.83,1200,135089,233.0,前海泛海拉菲花园 荔湾地铁口 精装4房 业主诚心卖,"近地铁
南
民水民电
电梯房",1080.0,121580
南山,前海,阳光棕榈园（一期）,3.0,2.0,112.62,735,65263,150.0,前海阳光棕榈园 精装大3房 业主诚售,"近地铁
新上
北
民水民电",661.5,58737
罗湖,布心,今日家园,2.0,2.0,61.54,295,47936,241.0,双地铁物业今日家园精装跃式两房翠园东晓护航诚心出售价钱可谈,"近地铁
新上
西北
民水民电",265.5,43142
福田,红树湾,中信红树湾花城北区,2.0,2.0,90.84,1380,151915,592.0,中信红树湾北区，全新装修南北通透，业主自住，看房随时方便,"近地铁
新上
南
民水民电",1242.0,136724
龙岗,布吉,百合星城（一期）,2.0,2.0,78.0,300,38461,332.0,百合星城 地铁口 户型好 实用率高 住家首选 价可谈,"近地铁
新上
南
民水民电",270.0,34615
龙岗,龙岗中心城,万象天成（盛龙花园二期）,3.0,2.0,112.31,380,33834,760.0,高楼层精装修拎包入住诚心出售价格可谈,"近地铁
新上
东南
民水民电",342.0,30451
罗湖,百仕达,君逸华府,2.0,2.0,78.78,520,66006,541.0,好房新上，百仕达三期花园，精装修满五年，业主诚意出售,"近地铁
新上
南
民水民电",468.0,59405
宝安,宝安中心区,深业新岸线（二期）,5.0,2.0,141.38,1098,77663,273.0,深业新岸线141平方5房看花园全景,"近地铁
新上
西南
民水民电",988.2,69897
宝安,沙井,博林君瑞,3.0,2.0,88.96,408,45863,,博林君瑞精装三房，望小区园林，安静舒适，业主诚心卖,"新上
东南
民水民电
电梯房",367.2,41277
南山,华侨城,锦绣花园二期,5.0,2.0,325.0,3200,98461,399.0,锦绣花园二期顶楼复式 6房 使用面积高 看房方便 价格好谈,"近地铁
新上
南
民水民电",2880.0,88615
宝安,桃源居,桃源居世外桃源,3.0,2.0,120.03,550,45821,387.0,西乡4房急售，看房方便,"近地铁
新上
南北通
民水民电",495.0,41239
福田,皇岗口岸,皇御苑A区,2.0,2.0,70.0,380,54285,376.0,皇御苑一期，精装修两房，高层，红本，急售，近地铁口,"近地铁
新上
西北
民水民电",342.0,48856
罗湖,百仕达,东乐花园(罗湖),2.0,2.0,76.18,300,39380,393.0,东乐花园70年产权南北通透户型方正,"近地铁
新上
南
民水民电",270.0,35442
宝安,沙井,中熙香莎公馆,3.0,2.0,88.8,350,39414,,香莎公馆，采光非常充足，业主房子保养的非常好，楼层很好,"南
民水民电
电梯房
精装修",315.0,35473
福田,福田口岸,金地名津,2.0,1.0,54.0,280,51851,353.0,好房推荐金地名津业主城心卖看房约,"近地铁
新上
北
民水民电",252.0,46666
南山,华侨城,天鹅堡一期,4.0,2.0,219.45,2500,113921,,天鹅堡，可以做4+1房，大花园，居家首选,"东南
民水民电
电梯房
精装修",2250.0,102529
福田,红树湾,中信红树湾花城北区,5.0,2.0,233.54,3300,141303,592.0,中信红树湾业主急卖，精装保养好，看房方便,"近地铁
西南
民水民电
精装修",2970.0,127173
南山,深圳湾,太古城花园（北区一期）,3.0,2.0,116.87,1530,130914,202.0,太古城北区，东南3房，户型使用率高，居家舒适，业主诚心卖,"近地铁
新上
东南
民水民电",1377.0,117823
宝安,宝安中心区,熙龙湾（二期）,4.0,2.0,128.98,2100,162815,347.0,送大入户花园，熙龙湾二期，128平方4房2厅，高楼层视野开阔,"近地铁
南北通
民水民电
电梯房",1890.0,146534
宝安,碧海,前城滨海花园,4.0,2.0,149.99,1500,100006,115.0,碧海宏发前城滨海花园丨业主诚售丨房东置换丨使用率高丨看房方便,"近地铁
东
民水民电",1350.0,90005
福田,景田,缔梦园（三期TT国际公寓),2.0,1.0,56.0,460,82142,170.0,景田地铁物业TTl际公寓两房出售,"近地铁
新上
南
民水民电",414.0,73928
龙岗,龙岗中心城,保利上城,4.0,2.0,152.41,980,64300,835.0,保利上城 全新中式装修 可拎包入住 南北通透双阳台 价格可谈,"近地铁
新上
南
民水民电",882.0,57870
罗湖,黄贝岭,金城华庭,2.0,1.0,64.7,350,54095,528.0,金城华庭，花园小区，户型方正，朝南安静，价格可谈,"近地铁
新上
东南
民水民电",315.0,48686
龙岗,龙岗中心城,保利上城,5.0,2.0,135.84,800,58892,835.0,保利上城 双龙抱珠户型 正南朝向 高楼层 视野开阔 中式装修,"近地铁
西南
民水民电
电梯房",720.0,53003
龙岗,龙岗中心城,保利上城,3.0,2.0,88.0,488,55454,835.0,保利上城 地铁口刚需3房 豪华装修可拎包入住 诚心售价格可谈,"近地铁
新上
东南
民水民电",439.2,49909
龙岗,龙岗中心城,公园大地花园,5.0,2.0,164.57,1200,72917,953.0,公园大地 小区稀有顶楼6米挑高中空客厅 可拎包入住 满五年,"近地铁
新上
南
民水民电",1080.0,65625
宝安,碧海,康达尔山海上园(二期),3.0,2.0,86.0,540,62790,,19年次新小区，住家精装三房，降价急售,"新上
南
民水民电
电梯房",486.0,56511
罗湖,翠竹,金丽豪苑,2.0,2.0,97.87,600,61305,319.0,金丽豪苑 深中，翠北  三房  业主诚心卖,"近地铁
新上
南
民水民电",540.0,55174
罗湖,百仕达,旭飞华达园,1.0,1.0,39.03,160,40994,510.0,新上好房诚售，价格有惊喜，采光好居住舒适，交通便利,"近地铁
新上
东
民水民电",144.0,36895
龙岗,布吉,中海怡翠山庄,4.0,2.0,144.0,700,48611,667.0,中海怡翠三层复式房，带空中花园，户型大气居家舒适,"近地铁
新上
南
民水民电",630.0,43750
龙华,民治,春华四季园（一期）,4.0,2.0,100.0,548,54800,824.0,春华四季园，100平3+2房，南北通透，采光视野非常好，诚售,"近地铁
新上
南
民水民电",493.2,49320
罗湖,布心,今日家园,3.0,2.0,68.0,500,73529,241.0,诚心卖 今日家园 布心地铁口物业 翠园东晓,"近地铁
新上
东南
民水民电",450.0,66176
罗湖,莲塘,梧桐山新居（二期）,1.0,1.0,24.0,140,58333,448.0,高楼层，景观无遮挡，小区安静舒适，停车位充足,"近地铁
北
民水民电
电梯房",126.0,52500
宝安,宝安中心区,高发西岸花园（一期）,2.0,1.0,78.66,650,82634,196.0,第五大道高发西岸花园精装2房，楼下就是11号线宝安站,"近地铁
新上
民水民电
电梯房",585.0,74371
罗湖,布心,太阳新城,2.0,1.0,67.0,360,53731,228.0,太阳新城，业主急卖，配套齐全，租金高，采光通透,"近地铁
新上
东南
民水民电",324.0,48358
罗湖,莲塘,鹏兴花园（一期）,2.0,2.0,80.0,335,41875,233.0,精装大两房看房方便价格好沟通,"近地铁
新上
南
民水民电",301.5,37688
罗湖,翠竹,金翠园,3.0,2.0,87.65,820,93553,527.0,难得的3房2卫户型，业主非常急卖，看中还可以谈,"近地铁
新上
南
民水民电",738.0,84198
盐田,沙头角,君临海域（一期）,2.0,2.0,66.59,268,40246,418.0,君临海域 实用两房 房子保养的不错 业主有心卖 车位充足,"近地铁
新上
东
民水民电",241.2,36221
南山,华侨城,香山美墅云邸,4.0,2.0,177.0,3188,180112,,香山美墅云邸安静舒适看房方便,"新上
南北通
民水民电
电梯房",2869.2,162101
罗湖,百仕达,百仕达花园二期,3.0,2.0,119.56,700,58548,436.0,百仕达二期安静四房装修保养好,"近地铁
新上
南
民水民电",630.0,52693
宝安,碧海,泰华阳光海,3.0,2.0,104.07,835,80234,255.0,送大入户花园可改房间，104平方3房2厅，泰华阳光海湾花园,"近地铁
新上
南北通
民水民电",751.5,72211
宝安,宝安中心区,深业新岸线（三期）,4.0,2.0,150.03,1250,83316,569.0,全新豪华装修，150平方4房2厅，深业新岸线三期，高楼层通透,"近地铁
新上
西南
民水民电",1125.0,74984
福田,梅林,四季山水花园（二期）,5.0,2.0,176.28,1600,90764,582.0,四季山水二期高层南北通4+1房景观视野好车位充足看房方便,"近地铁
新上
南北通
民水民电",1440.0,81688
宝安,碧海,前城滨海花园,3.0,2.0,88.67,760,85711,115.0,新上架房源次新小区看房提前约价格可谈,"近地铁
新上
东南
民水民电",684.0,77140
龙岗,龙岗中心城,龙园大观花园（二期）,4.0,2.0,113.37,460,40575,,龙园大观，地铁口，宽敞四房，位置安静，满五年急售,"新上
西北
民水民电
电梯房",414.0,36518
福田,福田口岸,港城华庭,3.0,2.0,70.0,410,58571,387.0,港城华庭69平带赠送露台，业主诚心出售价格可谈,"近地铁
新上
北
民水民电",369.0,52714
罗湖,翠竹,翠拥华庭,3.0,2.0,95.69,550,57477,477.0,精装三房）业主诚心出售，欢迎实地看房，业主是我老乡价格好谈,"近地铁
新上
东北
民水民电",495.0,51729
罗湖,黄贝岭,凤凰印象,1.0,1.0,41.25,230,55757,381.0,凤凰印象，2.5.8三地铁物业，百米螺岭书包，生活交通便利,"近地铁
新上
北
民水民电",207.0,50181
龙岗,坂田,四季花城(七期南区),5.0,2.0,106.71,589,55196,450.0,新上！钥匙在手电梯小高层顶复，高使用约165平,"近地铁
新上
南北通
民水民电",530.1,49676
龙岗,坂田,四季花城(二期北区),2.0,2.0,64.0,290,45312,169.0,坂田四季花城 大型社区 双地铁 电梯 中间楼层 位置安静,"近地铁
新上
北
民水民电",261.0,40781
南山,华侨城,世纪村3期,5.0,2.0,360.0,6800,188888,848.0,"世纪村三层顶楼大复式带天台精装特价房,业主急卖，看房方便","近地铁
西
民水民电
电梯房",6120.0,169999
罗湖,万象城,中海天钻,3.0,2.0,121.41,950,78247,399.0,高楼层开阔景观三房 业主急售,"近地铁
新上
西南
民水民电",855.0,70422
宝安,桃源居,桃源居三区,2.0,2.0,79.73,330,41389,285.0,桃源居户型方正零地铁口，书包房  诚意出售,"近地铁
新上
民水民电
电梯房",297.0,37250
宝安,桃源居,桃源居十四区,5.0,2.0,126.0,1200,95238,260.0,桃源居地铁口复式，满五年，业主有心卖，看房方便,"近地铁
新上
南北通
民水民电",1080.0,85714
福田,水围,金港豪庭,2.0,2.0,56.0,330,58928,467.0,红本满五的房出售,"近地铁
新上
东北
民水民电",297.0,53035
南山,华侨城,香山里花园(二期),4.0,2.0,176.0,1700,96590,,香山里二期4+1房双套间，厅出阳台，业主诚心卖,"新上
南北通
民水民电
电梯房",1530.0,86931
宝安,西乡,香缇湾花园,3.0,2.0,79.5,650,81761,251.0,香缇湾花园精装三房高层景观好,"近地铁
新上
西南
民水民电",585.0,73585
罗湖,百仕达,东乐花园(罗湖),3.0,2.0,76.0,300,39473,393.0,东乐花园3房南向采光通风好空置急售,"近地铁
新上
南北通
民水民电",270.0,35526
宝安,西乡,金港华庭,2.0,2.0,63.02,325,51570,710.0,宝安西乡 金港华庭 精装两房 诚心出售,"近地铁
新上
东北
民水民电",292.5,46413
罗湖,翠竹,愉天小区,2.0,1.0,43.0,400,93023,335.0,"愉天小区，业主有心卖,配套齐全,租金高，采光通透","近地铁
新上
南
民水民电",360.0,83721
宝安,桃源居,桃源居六区,5.0,2.0,233.0,1580,67811,837.0,桃源居首府小高层复式格局，拓展80平赠送空间使用率高，诚售,"近地铁
新上
南北通
民水民电",1422.0,61030
南山,华侨城,世纪村1期,4.0,2.0,167.18,1300,77760,606.0,世纪村安静大阳台  急卖  议价空间大  看房方便,"近地铁
新上
西南
民水民电",1170.0,69984
罗湖,人民南,云景豪园,2.0,1.0,71.03,305,42939,210.0,云景精装3房，业主自住，看房方便,"近地铁
新上
西北
民水民电",274.5,38645
盐田,梅沙,万科东海岸三期（悠翠居）,4.0,2.0,206.49,850,41164,,万科精装别墅，可以看海景，拎包即住,"新上
民水民电
带家私
精装修",765.0,37048
罗湖,翠竹,翠竹苑,2.0,1.0,47.38,248,52342,326.0,近期入手这套，配套齐全，采光通透，租金高，谈价空间大,"近地铁
西南
民水民电
电梯房",223.2,47108
宝安,碧海,华丰前海湾（二期）,4.0,2.0,89.0,760,85393,748.0,碧海湾高端小区。环境优美，管理严格，南北通4房，看花园全景,"近地铁
新上
南
民水民电",684.0,76854
罗湖,人民南,阳光新干线家园,2.0,1.0,62.0,255,41129,224.0,罗湖洼地！首付42万买2房 还是花园小区 价格还能谈,"近地铁
新上
东北
民水民电",229.5,37016
宝安,新安,中洲华府（二期）,3.0,2.0,117.0,1200,102564,353.0,中洲华府二期，正南朝向，精装修大三房，双地铁口欢迎咨询,"近地铁
新上
南
民水民电",1080.0,92308
宝安,桃源居,桃源居十五区,3.0,2.0,111.49,550,49331,518.0,桃源居新小区送面积多，采光好可以捉四房，书包房,"近地铁
新上
南北通
民水民电",495.0,44398
龙岗,龙岗中心城,保利上城,1.0,1.0,107.0,320,29906,835.0,急售，保利上城，精装红本房产证，深中有效，看房方便,"近地铁
新上
南
民水民电",288.0,26915
罗湖,莲塘,梧桐山新居（二期）,2.0,2.0,58.31,265,45446,448.0,小区安静舒适，停车位充足，环境优美，周边配套齐全,"近地铁
新上
西南
民水民电",238.5,40901
宝安,桃源居,桃源居三区,3.0,2.0,110.36,460,41681,285.0,桃源居大社区近书包房近地铁口采光好,"近地铁
新上
南北通
民水民电",414.0,37513
福田,皇岗口岸,皇御苑五期,2.0,2.0,74.77,550,73558,92.0,皇御苑五期，精装修两房，红本在手，满五唯一，近地铁口,"近地铁
新上
南
民水民电",495.0,66202
罗湖,百仕达,旭飞华达园,1.0,,27.27,160,58672,510.0,华达园一期单身公寓  价格好谈  看房方便,"近地铁
西南
民水民电
电梯房",144.0,52805
罗湖,百仕达,旭飞华达园,2.0,1.0,58.0,250,43103,510.0,华达园  水贝住家两房   近地铁,"近地铁
南
民水民电
电梯房",225.0,38793
盐田,盐田港,中海半山溪谷花园,3.0,2.0,89.57,300,33493,829.0,半山溪谷 豪华装修  业主急售拎包入住,"近地铁
新上
南北通
民水民电",270.0,30144
龙岗,龙岗中心城,万象天成（盛龙花园二期）,3.0,2.0,89.0,240,26966,760.0,万象天成，龙岗河绿道，三馆一城，,"近地铁
新上
南
民水民电",216.0,24269
南山,前海,星海名城（二期）,2.0,1.0,78.96,550,69655,754.0,近地铁山姆万象前海小区内设有两个游泳池自带三所幼儿园,"近地铁
新上
东
民水民电",495.0,62690
宝安,桃源居,桃源居六区,6.0,2.0,302.6,2300,76007,837.0,桃源居首府看平峦山大复式，满五年唯1红本，税少，精装修拎包住,"近地铁
新上
南北通
民水民电",2070.0,68406
福田,红树湾,中信红树湾花城北区,4.0,2.0,235.0,4000,170212,592.0,"中信红树湾安静精装特价房,业主急卖，看房方便","近地铁
西南
民水民电
电梯房",3600.0,153191
龙岗,龙岗中心城,龙园大观花园（二期）,4.0,2.0,119.75,390,32567,,龙园大观，大四房，业主诚心出售，随时可以看房,"新上
东西通
民水民电
电梯房",351.0,29310
龙岗,龙岗中心城,麓园,4.0,2.0,129.0,630,48837,586.0,深中有效，看山景园林安静大四房，精装2房，看房方便,"近地铁
新上
南
民水民电",567.0,43953
福田,皇岗口岸,皇御苑B区,2.0,2.0,64.07,420,65553,294.0,皇御苑二期，精装修两房，诚心出售，近地铁口,"近地铁
新上
西北
民水民电",378.0,58998
宝安,桃源居,桃源居三区,2.0,2.0,54.18,300,55370,285.0,桃源居近地铁口，满五年近书包房，采光好,"近地铁
东
民水民电
电梯房",270.0,49833
龙岗,布吉,中海怡翠山庄,2.0,2.0,68.0,218,32058,667.0,中海怡翠山庄二房，精装，南北向，户型好，视野好,"近地铁
新上
南
民水民电",196.2,28852
龙岗,龙岗中心城,远洋新干线二期(君域花园),3.0,2.0,89.0,310,34831,467.0,双语书包，地铁口，央企大社区，看房方便，楼层家，税费少,"近地铁
新上
东南
民水民电",279.0,31348
南山,前海,泛海拉菲花园（一期）,2.0,2.0,77.74,650,83612,233.0,前海泛海拉菲花园 荔湾地铁口 精装2房 业主诚心卖,"近地铁
新上
南北通
民水民电",585.0,75251
福田,石厦,皇庭世纪花园,3.0,2.0,92.12,800,86843,327.0,红本满五唯一，舒适大三房豪华装修，西南向视野开阔,"近地铁
新上
南
民水民电",720.0,78159
宝安,宝安中心区,福中福商业城（二期）,2.0,2.0,80.92,455,56228,528.0,福中福商业城花园.碧海片区老豪宅.地段好.户型实用.急卖,"近地铁
东南
民水民电
拎包入住",409.5,50605
福田,上下沙,花好园,2.0,2.0,58.18,440,75627,249.0,花好园地铁口两房 南向总价低，价格可谈,"近地铁
东南
民水民电
拎包入住",396.0,68064
盐田,梅沙,万科东海岸二期(齐山居),2.0,2.0,78.0,290,37179,,万科东海岸安静2房，停车位充足，满五年少税费,"新上
南
民水民电
电梯房",261.0,33461
罗湖,翠竹,翠竹苑,2.0,1.0,47.38,205,43267,326.0,翠竹苑两房带阳台翠竹书包,"近地铁
新上
西北
民水民电",184.5,38940
福田,香蜜湖,东海国际公寓,2.0,2.0,121.0,1100,90909,409.0,香蜜湖景观无遮挡，业主诚心放售,"近地铁
新上
北
民水民电",990.0,81818
宝安,宝安中心区,金泓凯旋城,4.0,2.0,144.34,1100,76208,352.0,送大入户花园，144平方4房2厅，金泓凯旋城，南北通，前海,"近地铁
新上
西南
民水民电",990.0,68587
宝安,碧海,碧海富通城（三期）,4.0,2.0,142.25,1100,77328,942.0,送入户花园，142平方4房2厅，碧海富通城三期，赠送面积多,"近地铁
新上
南
民水民电",990.0,69595
龙华,观澜,和黄懿花园(观澜),4.0,2.0,183.78,820,44618,,和黄懿花园联排别墅位置好业主诚心卖,"南北通
民水民电
拎包入住
可上网",738.0,40156
南山,前海,鼎太风华（七期）,1.0,1.0,51.61,390,75566,375.0,鼎太风华 9号线 园林社区 精装修 安静 降价100万 急售,"近地铁
新上
北
民水民电",351.0,68009
南山,南头,豪方天际花园,4.0,2.0,142.6,1350,94670,226.0,豪方天际花园近地铁及公园近南山农批市场周边配套完善,"近地铁
新上
南
民水民电",1215.0,85203
南山,西丽,深云村,3.0,2.0,90.0,680,75555,189.0,深云安静3房，看园林景观，精装修，保养好,"近地铁
新上
西北
民水民电",612.0,68000
罗湖,百仕达,百仕达花园五期(乐湖),5.0,2.0,162.15,1180,72772,768.0,百仕达乐湖大户型急售，店长力推,"近地铁
新上
东北
民水民电",1062.0,65495
宝安,宝安中心区,西城上筑花园,2.0,2.0,78.2,639,81713,470.0,前海宝中地铁口，品质大社区2房，诚心出售，看房方便,"近地铁
新上
北
民水民电",575.1,73542
南山,华侨城,新天鹅堡三期,3.0,2.0,123.0,1750,142276,609.0,新天鹅堡三期，朝南景观3房，装修保养非常好，可拎包入住，地铁,"近地铁
新上
东南
民水民电",1575.0,128048
龙岗,龙岗中心城,龙园大观花园（一期）,4.0,2.0,121.88,415,34049,,龙园大观，精装四房，南北通透双阳台，随时可以看房,"新上
南北通
民水民电
电梯房",373.5,30644
龙岗,龙岗中心城,龙园大观花园（二期）,4.0,2.0,114.0,360,31578,,龙园大观，大四房，只需契税，随时可以看房,"南北通
民水民电",324.0,28420
宝安,新安,丽景城,2.0,2.0,71.66,340,47446,42.0,宝中大2房急售，看房方便,"近地铁
新上
东
民水民电",306.0,42701
罗湖,黄贝岭,深业东岭花园（二期）,1.0,1.0,53.0,459,86603,435.0,深业东岭，花园次新小区，高楼层，户型方正，翠园，地铁口,"近地铁
新上
西北
民水民电",413.1,77943
南山,前海,泛海拉菲花园（二期）,4.0,2.0,142.91,1200,83968,201.0,建筑和园林为历时弥香的法式风格，环景观泳池和欧式景观亭布置,"近地铁
新上
东西通
民水民电",1080.0,75571
宝安,宝安中心区,丽晶国际,6.0,2.0,248.35,1980,79726,324.0,宝中壹方城旁，大气中空顶复，带私家天台花园，百份150实用率,"近地铁
新上
东南
民水民电",1782.0,71753
宝安,西乡,润恒尚园,3.0,2.0,121.61,675,55505,,润恒尚园花园.一线高尔夫海景豪宅.户型方正毛坯新房.看房方便,"新上
东南
民水民电
电梯房",607.5,49954
龙岗,龙岗中心城,万科清林径,3.0,2.0,87.41,388,44388,,万科清林径 小区环境优美 业主急售 满五 只有一个点的契税,"新上
南
民水民电",349.2,39949
罗湖,百仕达,新港鸿花园,4.0,2.0,117.1,560,47822,549.0,新港鸿花园4房，精装，业主诚心卖，楼层佳,"近地铁
新上
南
民水民电",504.0,43040
福田,上下沙,金域蓝湾,5.0,2.0,252.96,2800,110689,722.0,万科金域蓝湾三期，顶楼复式，送花园，景观视野全海景，,"近地铁
南
民水民电
电梯房",2520.0,99620
福田,上下沙,花好园,1.0,1.0,39.8,290,72864,249.0,花好园，中层，采光好，客厅出阳台，户型方正，看房方便,"近地铁
新上
南
民水民电",261.0,65578
罗湖,翠竹,泊林花园,3.0,2.0,90.35,660,73049,334.0,泊林花园，精装修三房，东南朝向，采光好，业主自住，保养好,"近地铁
新上
南
民水民电",594.0,65744
罗湖,笋岗,嘉宝田花园,2.0,1.0,68.0,450,66176,564.0,嘉宝田花园，精装修两房，,"近地铁
新上
西北
民水民电",405.0,59558
龙岗,布吉,慢城（三期）,2.0,2.0,81.26,335,41225,,石芽岭地铁站石芽岭公园慢城三期精装电梯大两房可改三房看房方便,"新上
南
民水民电
电梯房",301.5,37102
南山,华侨城,新天鹅堡三期,3.0,2.0,122.85,1798,146357,609.0,天鹅湖花园三期，高层看海景，业主诚心卖,"近地铁
新上
东南
民水民电",1618.2,131721
南山,前海,鼎太风华（一期）,3.0,2.0,94.2,745,79087,933.0,"南山前海鼎太风华社区,精装3房，诚心出售","近地铁
新上
南北通
民水民电",670.5,71178
宝安,新安,流塘阳光花园,2.0,2.0,71.07,430,60503,301.0,精装修东南朝向2+1房，可改小3房，满5年诚售可议价,"近地铁
新上
东南
民水民电",387.0,54453
宝安,新安,都市翠海华苑,2.0,2.0,52.69,480,91098,108.0,带宝中，52平方2房，都市翠海华苑，70年产权住宅，灵芝地铁,"近地铁
新上
东北
民水民电",432.0,81988
盐田,梅沙,万科东海岸四期（达观居）,2.0,2.0,88.69,390,43973,,现在是买方市场，价格都好谈，满五年红本，万科东海岸，楼龄新,"新上
南
民水民电
电梯房",351.0,39576
南山,前海,鼎太风华（六期）,2.0,2.0,78.43,570,72676,582.0,前海鼎太风华大社区 精装2房 配套完善 看房方便,"近地铁
新上
南
民水民电",513.0,65408
盐田,沙头角,瀚海翠庭,2.0,2.0,63.0,260,41269,249.0,2房，瀚海翠庭,"近地铁
新上
东南
民水民电",234.0,37142
福田,香蜜湖,东海花园（二期福禄居),3.0,2.0,129.0,1600,124031,286.0,东海花园二期（小高层 南向，带法式阳台）,"近地铁
新上
东南
民水民电",1440.0,111628
罗湖,莲塘,东方.尊峪花园,4.0,2.0,136.7,658,48134,832.0,构建了一个配套完善的现代化山地小镇,"近地铁
南北通
民水民电
电梯房",592.2,43321
盐田,梅沙,万科东海岸三期（悠翠居）,4.0,2.0,167.0,780,46706,,万科联排别墅，高使用率，南北通透,"新上
南
民水民电
拎包入住",702.0,42035
龙华,龙华中心,壹成中心花园(七区),5.0,2.0,124.0,760,61290,,业主急售价格便宜位置安静看房方便,"新上
南
民水民电
电梯房",684.0,55161
福田,香蜜湖,香荔花园,2.0,2.0,66.99,760,113449,102.0,精装大两房 朝南通风采光好 低楼层 东实和深高,"近地铁
南
民水民电
精装修",684.0,102104
罗湖,莲塘,东方.尊峪花园,2.0,2.0,91.81,460,50103,832.0,大两房，全新装修，位置安静，价格实惠,"近地铁
新上
北
民水民电",414.0,45093
罗湖,莲塘,东方.尊峪花园,2.0,2.0,92.54,450,48627,832.0,二台地92平正南大两房，万科物业车位巨充足依山而建负氧离子高,"近地铁
新上
东南
民水民电",405.0,43764
罗湖,莲塘,东方.尊峪花园,3.0,2.0,158.0,830,52531,832.0,采光好，户型方正，南北通透,"近地铁
新上
南
民水民电",747.0,47278
罗湖,莲塘,鹏兴花园（二期）,2.0,2.0,60.79,229,37670,238.0,鹏兴花园二期 地铁物业 精装温馨2居室 华润万家配套,"近地铁
新上
北
民水民电",206.1,33903
罗湖,翠竹,翠竹苑,2.0,1.0,50.63,280,55303,326.0,翠竹苑急卖，看房方便，价格空间大，拆，进行中，翠小未占用,"近地铁
南
民水民电
电梯房",252.0,49773
盐田,沙头角,东埔海景花园（一期）,3.0,2.0,116.0,508,43793,689.0,楼下就是海看中可以谈,"近地铁
东南
民水民电
拎包入住",457.2,39414
罗湖,翠竹,翠华花园,3.0,2.0,77.0,520,67532,253.0,翠华花园 业主急售 带双重学 周边配套齐全 适合居家,"近地铁
新上
南
民水民电",468.0,60779
宝安,西乡,金港华庭,1.0,1.0,37.0,196,52972,710.0,西乡地铁口沃尔玛上盖物业 精装一房一厅诚心出售,"近地铁
新上
西北
民水民电",176.4,47675
盐田,梅沙,东部华侨城天麓（三区）,2.0,2.0,178.0,1500,84269,,天麓山下门店，专业对标天麓,"东南
民水民电",1350.0,75842
罗湖,布心,今日家园,4.0,2.0,73.11,520,71125,241.0,今日家园实用面积123平四房两厅超豪装修双地铁 翠园东湖护航,"近地铁
新上
东北
民水民电",468.0,64012
罗湖,莲塘,四季御园（新世界四季御园）,3.0,2.0,73.76,450,61008,340.0,新世界四季御园小区，价格可谈，配套齐全，交通便利,"近地铁
新上
东南
民水民电",405.0,54907
龙华,龙华中心,壹成中心花园(七区),5.0,2.0,139.89,730,52183,,龙华壹方天地，壹城七区，5房诚卖,"近地铁
南北通
民水民电
电梯房",657.0,46965
龙岗,布吉,龙园意境华府,3.0,2.0,112.0,455,40625,,龙园意境，改善型4房，满五，小区适合居家，环境舒适，户型通透,"新上
南
民水民电
电梯房",409.5,36562
南山,华侨城,假日湾华庭,3.0,2.0,136.35,1000,73340,480.0,降价预期！假日湾华庭   高层  四房  业主诚心出售,"近地铁
新上
东南
民水民电",900.0,66006
宝安,桃源居,桃源居世外桃源,3.0,2.0,132.42,680,51351,387.0,桃源居精装大四房，满五年红本，朝南看泳池，户型方正，视野开阔,"近地铁
新上
东北
民水民电",612.0,46216
盐田,梅沙,万科东海岸三期（云山居）,4.0,2.0,78.0,650,83333,,高层看海景，精装修,"新上
南
民水民电
电梯房",585.0,75000
罗湖,布心,今日家园,3.0,2.0,66.22,460,69465,241.0,双地铁物业今日家园稀有高层正南向三房视野无遮挡 翠园东晓护航,"近地铁
新上
南
民水民电",414.0,62518
盐田,盐田港,中海半山溪谷花园,2.0,2.0,73.5,200,27210,829.0,天然氧吧住家安静环境好大花园小区自带幼儿园整个小区都是小高层,"近地铁
东南
民水民电
电梯房",180.0,24489
龙岗,坂田,第五园（三期）,5.0,2.0,227.73,1680,73771,,笋，中式合院，边户别墅，使用500平，多处可加建,"新上
南
民水民电
带家电",1512.0,66394
宝安,桃源居,桃源居世外桃源,2.0,2.0,87.72,390,44459,387.0,桃源居电梯两房可改三房，满五年唯1税费少，东南朝向，急售,"近地铁
新上
西南
民水民电",351.0,40013
宝安,沙井,鸿荣源禧园,4.0,2.0,136.5,688,50402,480.0,南北通精装四房，满五年，有书包，看房提前电话预约,"近地铁
新上
南北通
民水民电",619.2,45362
福田,香蜜湖,香蜜湖水榭花都（三期）,3.0,2.0,93.83,2400,255781,541.0,香蜜湖水榭花都三房南北通透户型方正诚心出,"近地铁
新上
西南
民水民电",2160.0,230203
宝安,桃源居,桃源居十六区,4.0,2.0,120.04,520,43318,543.0,桃源居十六区：精装3房+1书房；南北通透，拎包入住；税费低,"近地铁
南北通
民水民电
电梯房",468.0,38986
盐田,沙头角,碧桐湾,1.0,1.0,38.0,110,28947,296.0,口岸物业，近地铁口，高楼层，复试两层，精装修,"近地铁
新上
东
民水民电",99.0,26052
南山,西丽,桃源村（二期）,3.0,2.0,92.88,535,57601,141.0,桃源村大社区，中间楼层，南北通透,"近地铁
新上
南
民水民电",481.5,51841
福田,皇岗口岸,皇御苑A区,2.0,2.0,78.25,418,53418,376.0,皇御苑一期，精装修两房，东南朝向，红本在手，满五年，近地铁口,"近地铁
新上
东南
民水民电",376.2,48076
龙岗,龙岗中心城,百合盛世（二期）,3.0,2.0,80.26,250,31148,,百合盛世精装朝南三房，赠送大可改四房，带教科院附属,"新上
南
民水民电
电梯房",225.0,28033
龙岗,大运,阳光天健城,3.0,2.0,97.27,650,66824,396.0,天健城97平米可做四房厅出阳台诚意出售,"近地铁
新上
南
民水民电",585.0,60142
盐田,梅沙,万科东海岸二期(齐山居),4.0,2.0,165.0,680,41212,,万科东海岸，带有50多平大露台，养花种菜轻松搞定，红本满五年,"南
民水民电
电梯房",612.0,37091
福田,红树湾,中信红树湾花城北区,4.0,2.0,240.65,3300,137128,592.0,"中信红树湾精装大四房特价房 看房方便,价格可谈","近地铁
新上
西南
民水民电",2970.0,123415
福田,红树湾,中信红树湾花城北区,4.0,2.0,235.0,2980,126808,592.0,"中信红树湾安静精装通透特价房,业主急卖，看房方便","近地铁
新上
西南
民水民电",2682.0,114127
福田,红树湾,中信红树湾花城北区,5.0,2.0,246.0,3800,154471,592.0,中信红树湾大阳台急卖 议价空间大 看房方便,"近地铁
新上
西南
民水民电",3420.0,139024
福田,红树湾,中信红树湾花城北区,4.0,2.0,235.0,3900,165957,592.0,中信红树湾，价格还有很大空间，我有业主底价,"近地铁
新上
西南
民水民电",3510.0,149361
盐田,梅沙,万科东海岸四期（达观居）,2.0,2.0,88.0,279,31704,,中低楼层全海景精装修大阳台视野开阔,"新上
东南
民水民电
电梯房",251.1,28534
宝安,宝安中心区,幸福海岸（一期）,4.0,2.0,122.94,1080,87847,231.0,幸福海岸一期 稀有户型 业主急售 价格便宜,"近地铁
新上
西南
民水民电",972.0,79062
龙岗,龙岗中心城,保利上城,3.0,2.0,88.0,420,47727,835.0,保利上城，大花园社区，精装三房，保养好 拎包入住,"近地铁
新上
南
民水民电",378.0,42954
福田,香蜜湖,东海花园（一期）,4.0,2.0,154.0,2000,129870,464.0,香蜜湖园林社区交通方便看房方便,"近地铁
新上
西北
民水民电",1800.0,116883
南山,华侨城,香山美墅云颂,4.0,2.0,175.0,2350,134285,,香山美墅  高层看高尔夫花园业主诚心卖,"新上
南北通
民水民电
电梯房",2115.0,120856
龙岗,龙岗中心城,中央悦城,4.0,2.0,141.65,400,28238,320.0,地铁口，深中兰著九年一贯制，周边配套成熟，业主诚意出售,"近地铁
新上
南
民水民电",360.0,25414
宝安,桃源居,桃源居六区,4.0,2.0,134.47,640,47594,837.0,桃源居首府：豪装高层4房，南北通安静，视野开阔，拎包入住,"近地铁
新上
南北通
民水民电",576.0,42835
坪山,坪山中心区,天峦湖花园,4.0,2.0,109.0,350,32110,,业主诚心出售，价格便宜，适合家庭居住,"新上
东北
民水民电
精装修",315.0,28899
南山,西丽,宝能城花园,4.0,2.0,89.93,868,96519,207.0,宝能城东区J座89平E户型，业主报价868可谈,"近地铁
新上
北
民水民电",781.2,86867
南山,华侨城,纯水岸十五期,9.0,2.0,520.83,12000,230401,,急售 纯水岸十五期顶层四层大复式，精装通透，业主急卖,"新上
南北通
民水民电
电梯房",10800.0,207361
盐田,沙头角,东埔海景花园（二期）,3.0,2.0,119.94,710,59196,723.0,精装修3房，东埔海景花园,"近地铁
南
民水民电
电梯房",639.0,53276
宝安,碧海,泰华阳光海,3.0,2.0,127.68,1200,93984,255.0,泰华阳光海127平三房两厅两卫,"近地铁
南
民水民电
电梯房",1080.0,84586
坪山,坪山中心区,万科金域缇香（二期）,4.0,2.0,87.85,320,36425,429.0,六馆一城，三地铁围绕，高使用四房，业主诚意出售,"近地铁
新上
南
民水民电",288.0,32782
宝安,西乡,润恒尚园,3.0,2.0,91.72,575,62690,,新出笋盘，业主降价急售，全新装修，超多收纳,"新上
东南
民水民电
电梯房",517.5,56421
宝安,新安,丽景城,4.0,2.0,96.74,550,56853,42.0,复式，96平方4房2厅，丽景城，花园中间栋，住家安静，地铁口,"近地铁
新上
东南
民水民电",495.0,51168
龙岗,布吉,龙珠花园（A区）,2.0,2.0,89.32,251,28101,459.0,龙珠花园，三条地铁口，交通方便，业主急卖，看房方便，住家舒服,"近地铁
新上
西北
民水民电",225.9,25291
罗湖,布心,松泉公寓,2.0,1.0,63.0,230,36507,520.0,此房精装，拎包入住，业主诚意出售,"近地铁
新上
南北通
民水民电",207.0,32856
福田,红树湾,中信红树湾花城北区,4.0,2.0,165.0,2000,121212,592.0,中信红树湾165平的4房保养好拎包入住,"近地铁
新上
东西通
民水民电",1800.0,109091
罗湖,莲塘,东方.尊峪花园,5.0,2.0,213.92,1500,70119,832.0,万科东方尊峪  顶楼复试  上下三层   豪华装修  送露台,"近地铁
新上
南北通
民水民电",1350.0,63107
龙岗,龙岗中心城,公园大地花园,4.0,2.0,163.0,960,58895,953.0,公园大地客厅出阳台163平大四房，满五年,"近地铁
新上
东南
民水民电",864.0,53006
福田,香蜜湖,香榭里花园（一期）,3.0,2.0,135.2,1690,125000,448.0,香榭里花园新房房源，中高楼层，东实加深高护航，业主诚心出售,"近地铁
新上
西南
民水民电",1521.0,112500
罗湖,布心,阳光明居,2.0,1.0,55.91,295,52763,459.0,稀有小高层带电梯阳光明居正南向两房 翠园东晓护航 双地铁,"近地铁
新上
北
民水民电",265.5,47487
罗湖,黄贝岭,凤凰印象,1.0,1.0,41.37,220,53178,381.0,高层，精装修，地铁口物业，螺岭小XUE就在家门口，2011年,"近地铁
新上
南
民水民电",198.0,47860
罗湖,翠竹,愉天小区,1.0,1.0,43.64,340,77910,335.0,深中，翠北，诚心出售，价可谈,"近地铁
新上
南
民水民电",306.0,70119
罗湖,布心,阳光明居,3.0,2.0,98.84,558,56454,459.0,东晓在 花园小区  业主急卖 看房方便,"近地铁
新上
东北
民水民电",502.2,50809
福田,福田口岸,港城华庭,3.0,2.0,69.7,410,58823,387.0,福田口岸河套c位港城华庭高层西南向三房两厅低总价笋盘,"近地铁
新上
民水民电
电梯房",369.0,52941
宝安,碧海,碧海富通城（一期）,3.0,2.0,110.41,600,54342,,缤纷世界花园，满五年，南北通户型，前后双阳台,"新上
东
民水民电",540.0,48908
福田,香蜜湖,东海花园（二期福禄居),4.0,2.0,163.8,2500,152625,286.0,东海花园二期 业主诚心在卖四房 安静看小区,"近地铁
新上
东北
民水民电",2250.0,137362
福田,香蜜湖,东海国际公寓,4.0,2.0,140.38,1400,99729,409.0,东海国际公寓特殊户型赠送40平看海景,"近地铁
新上
南
民水民电",1260.0,89756
宝安,新安,君成雍和园,4.0,2.0,138.0,790,57246,83.0,楼下公交站台以及12号线地铁口，雍和园是君成的经典之作视野好,"近地铁
新上
南北通
民水民电",711.0,51521
福田,红树湾,中信红树湾花城南区,5.0,2.0,230.0,3000,130434,467.0,中信红树湾安静大阳台急卖 议价空间大 看房方便,"近地铁
新上
东南
民水民电",2700.0,117391
罗湖,百仕达,翠苑大厦,3.0,2.0,92.41,360,38956,498.0,急售！价可谈！成熟社区生活便利 喜荟城商场+双地铁口,"近地铁
新上
北
民水民电",324.0,35060
南山,南头,麒麟花园（三期）,1.0,1.0,40.59,490,120719,678.0,麒麟花园三期小户型卖，高层视野好,"近地铁
新上
北
民水民电",441.0,108647
盐田,梅沙,万科东海岸四期（达观居）,2.0,2.0,88.0,238,27045,,万科高楼层2房，可改三房，视野开阔,"新上
南
民水民电
电梯房",214.2,24340
南山,南油,信和自由广场,3.0,2.0,87.21,566,64900,368.0,双地铁口物业信和自由广场三房安静不吵,"近地铁
新上
西
民水民电",509.4,58410
盐田,梅沙,东部华侨城天麓（三区）,4.0,3.0,237.92,2800,117686,,天麓三区联排别墅，装修好，带花园,"南
民水民电
带家电",2520.0,105917
盐田,梅沙,东部华侨城天麓（六区）,4.0,2.0,220.0,680,30909,,看湖景精装洋房，安静视野好，天麓六区,"新上
南
民水民电",612.0,27818
龙岗,龙岗中心城,公园大地花园,3.0,2.0,123.0,630,51219,953.0,公园大地二梯二户小高层这套中高楼层红本在手,"近地铁
新上
东南
民水民电",567.0,46097
龙岗,龙岗中心城,紫薇花园,4.0,2.0,135.0,453,33555,,业主向市场妥协！地铁口刚降价房源，精装，满五年急售，价格私聊,"新上
南
民水民电",407.7,30200
南山,前海,诺德假日花园,2.0,2.0,73.35,566,77164,435.0,诺德假日花园特殊户型正规大两房，自己住的，看房方便业主诚心卖,"近地铁
新上
东南
民水民电",509.4,69448
宝安,桃源居,桃源居十五区,5.0,2.0,192.76,1250,64847,518.0,桃源居十五区，豪装高楼层复式5房，无遮挡视野，通风采光好送露,"近地铁
南北通
民水民电
电梯房",1125.0,58362
罗湖,百仕达,东乐花园(罗湖),2.0,2.0,76.18,360,47256,393.0,东乐花园一楼带花园  花园面积写在房产证里面   价格可谈,"近地铁
南北通
民水民电
拎包入住",324.0,42530
盐田,沙头角,君临海域（一期）,2.0,1.0,65.5,290,44274,418.0,君临海域，居住环境舒适，楼下海滨栈道，看房电话,"近地铁
西南
民水民电
电梯房",261.0,39847
宝安,碧海,碧海富通城（六期）,4.0,2.0,89.0,600,67415,796.0,腾讯企鹅岛旁，碧海富通城六期，89平方精装四房，业主诚心卖,"近地铁
新上
东南
民水民电",540.0,60674
罗湖,莲塘,东方.尊峪花园,3.0,2.0,137.0,780,56934,832.0,车位充足方便看、红本在手交易快，万科物业依山而建负氧离子高、,"近地铁
新上
南
民水民电",702.0,51241
罗湖,莲塘,东方.尊峪花园,2.0,2.0,88.61,450,50784,832.0,东方尊峪，山景园林，户型方正实用,"近地铁
新上
西北
民水民电",405.0,45706
罗湖,布心,翡翠园山湖居二期,3.0,2.0,100.55,445,44256,516.0,罗湖地铁口小高层带电梯，南北通透三房,"近地铁
南
民水民电
电梯房",400.5,39830
龙岗,龙岗中心城,保利上城,5.0,2.0,180.01,800,44441,835.0,深中，保利上城180平6房两卫实用面积210平，业主诚心出售,"近地铁
新上
南北通
民水民电",720.0,39997
盐田,沙头角,壹海城（二期）,3.0,2.0,156.24,1080,69124,190.0,壹海城二期玺湾，3房，大平层,"近地铁
新上
南北通
民水民电",972.0,62212
宝安,新安,灵芝新村,3.0,2.0,85.9,490,57043,362.0,19区灵芝新村，3房，红本税少，急售,"近地铁
新上
南
民水民电",441.0,51339
宝安,桃源居,桃源居十四区,2.0,2.0,58.52,238,40669,260.0,桃源居户型方正地铁口近采光好书包房,"近地铁
北
民水民电
电梯房",214.2,36602
罗湖,莲塘,鹏兴花园（一期）,2.0,2.0,79.27,315,39737,233.0,莲塘鹏兴大社区高实用大两房出售,"近地铁
新上
南
民水民电",283.5,35763
罗湖,翠竹,翠拥华庭,2.0,2.0,70.68,400,56593,477.0,翠拥华庭2房 靠翠竹山 地铁田贝 翠竹双站 户型方正 好楼层,"近地铁
新上
东
民水民电",360.0,50934
罗湖,百仕达,东乐花园(罗湖),2.0,2.0,76.0,330,43421,393.0,70年产权，东乐花园里的安静位置，近水库晓学，满2年红本在手,"近地铁
新上
南
民水民电",297.0,39079
龙岗,龙岗中心城,天健花园,2.0,2.0,76.5,240,31372,386.0,天健花园朋友的房子（2.2.0）出，满五红本,"近地铁
新上
民水民电
精装修",216.0,28235
罗湖,新秀,东方都会大厦,2.0,1.0,50.83,285,56069,633.0,东方都会近地铁近公园南向红本在手,"近地铁
新上
东
民水民电",256.5,50462
南山,华侨城,锦绣花园二期,3.0,2.0,180.3,1350,74875,399.0,拎包入住地铁1号线大社区税少180平3房，安静诚售,"近地铁
新上
东南
民水民电",1215.0,67388
盐田,沙头角,上东湾,4.0,2.0,84.49,398,47106,266.0,上东湾小区，价格可谈，配套齐全，交通便利,"近地铁
新上
南
民水民电",358.2,42395
罗湖,百仕达,百仕达花园二期,4.0,,166.0,980,59036,436.0,百仕达二期欧式园林小区环境好费用少,"近地铁
新上
东南
民水民电",882.0,53132
南山,华侨城,天鹅堡三期,5.0,2.0,313.51,3900,124397,879.0,"大复式特价房,天鹅堡三期，业主急卖，看房方便","近地铁
新上
东南
民水民电",3510.0,111957
南山,华侨城,天鹅堡三期,5.0,2.0,242.35,3950,162987,879.0,高层特价房！天鹅堡三期精装通透房，业主急卖！,"近地铁
民水民电
电梯房
精装修",3555.0,146688
南山,华侨城,天鹅堡三期,4.0,2.0,258.54,4500,174054,879.0,"天鹅堡三期大复式特价房,带花园，业主急卖，看房方便","近地铁
新上
南
民水民电",4050.0,156649
南山,华侨城,天鹅堡三期,4.0,2.0,276.9,5000,180570,879.0,天鹅堡三期全湖景大复式特价房 业主特价急卖,"近地铁
南北通
民水民电
电梯房",4500.0,162513
南山,华侨城,天鹅堡三期,4.0,2.0,257.81,3800,147395,879.0,天鹅堡三期大复式特价房，业主急卖，看房方便,"近地铁
新上
民水民电
电梯房",3420.0,132656
南山,华侨城,香山美墅花园,4.0,2.0,188.0,3000,159574,,香山美墅次新房，满五年税费少价格可以谈,"新上
西南
民水民电
电梯房",2700.0,143617
宝安,桃源居,桃源居十六区,3.0,2.0,82.87,510,61542,543.0,桃源居精装大两房，满五年红本，朝南看花园，采光好，户型方正,"近地铁
南
民水民电
电梯房",459.0,55388
罗湖,莲塘,东方.尊峪花园,2.0,2.0,89.0,416,46741,832.0,交通便利 购物方便 户型实用,"近地铁
新上
南
民水民电",374.4,42067
南山,南头,豪方天际花园,4.0,2.0,86.19,760,88177,226.0,豪方天际花园近地铁及中山公园位置好交通便利配套完善户型好,"近地铁
新上
南
民水民电",684.0,79359
福田,百花,长城大厦(三花园),3.0,2.0,124.0,1000,80645,312.0,"70年产权,可免个税,业主诚心出售","近地铁
新上
南北通
民水民电",900.0,72580
龙华,龙华中心,锦绣江南（四期）,4.0,2.0,77.96,600,76962,,锦绣江南四期复式四房，双阳台，朝南看花园泳池，采光好，诚心出,"新上
东南
民水民电
电梯房",540.0,69266
盐田,盐田港,中海半山溪谷花园,2.0,1.0,73.0,230,31506,829.0,1.1低容积率小区 精装修2房 双阳台、,"近地铁
新上
南北通
民水民电",207.0,28355
龙岗,布吉,龙珠花园（B区）,3.0,1.0,76.37,222,29069,502.0,龙珠花园，布吉站旁，满五年，高楼层，采光好，拎包入住，急售,"近地铁
新上
东北
民水民电",199.8,26162
罗湖,翠竹,怡泰大厦,3.0,2.0,99.65,500,50175,339.0,翠竹外国语新笑区 地铁口物业 拎包入住价格可谈,"近地铁
新上
西南
民水民电",450.0,45158
龙岗,坂田,嘉御豪园(信义嘉御山),4.0,2.0,156.88,1180,75216,553.0,新上，四开间朝东南，高层大四房，看园林，看泳池,"近地铁
新上
东南
民水民电",1062.0,67694
盐田,沙头角,瀚海翠庭,2.0,2.0,69.0,260,37681,249.0,瀚海翠庭，精装修2房,"近地铁
新上
东南
民水民电",234.0,33913
龙岗,布吉,丽湖花园,3.0,2.0,85.0,320,37647,932.0,丽湖花园一楼带花园复式三房，户型方正高实用率，装修保养好,"近地铁
新上
北
民水民电",288.0,33882
南山,南头,豪方天际花园,3.0,2.0,89.0,880,98876,226.0,置换急出 公园地铁物业 四房精装南向 拎包入住 带南实分部,"近地铁
新上
南
民水民电",792.0,88988
宝安,宝安中心区,金泓凯旋城,4.0,2.0,125.0,1000,80000,352.0,前海摩天轮旁大社区高实用大4房2厅2卫2阳台 诚心卖看房方便,"近地铁
新上
东南
民水民电",900.0,72000
福田,梅林,绿景虹湾（虹湾花园）,2.0,2.0,52.0,360,69230,121.0,绿景虹湾，新上高层两房，户型实用，价格可谈，诚心出售,"近地铁
新上
西北
民水民电",324.0,62307
盐田,沙头角,上东湾,3.0,2.0,86.54,600,69332,266.0,关口物业看中可谈配套齐全,"近地铁
新上
南
民水民电",540.0,62399
龙岗,坂田,四季花城(五期北区),3.0,2.0,87.2,409,46903,677.0,万科四季花城大型社区 交通便利 低密度 配套好 急售,"近地铁
新上
南
民水民电",368.1,42213
盐田,沙头角,瀚海翠庭,2.0,2.0,70.0,230,32857,249.0,瀚海翠庭  业主急售 地段好 户型方正 适合居家主要便宜,"近地铁
新上
南
民水民电",207.0,29571
福田,上下沙,京基滨河时代广场,1.0,1.0,40.86,210,51395,479.0,京基41平一房一厅红本楼上大型商场,"近地铁
东北
民水民电
电梯房",189.0,46256
龙岗,坂田,第五园(七期璞悦山),3.0,2.0,175.0,1290,73714,,新，半山豪宅，四房三卫，万科璞悦山,"新上
南
民水民电
精装修",1161.0,66343
罗湖,布心,今日家园,3.0,2.0,61.35,390,63569,241.0,罗湖天河城旁边，复式3房，精装修出售,"近地铁
新上
西北
民水民电",351.0,57212
龙华,民治,春华四季园（一期）,4.0,2.0,78.98,580,73436,824.0,近梅林关，春华四季园，大社区，79平4房，高赠送，户型方正,"近地铁
新上
民水民电
精装修",522.0,66092
龙华,民治,春华四季园（一期）,3.0,2.0,110.0,600,54545,824.0,近8号仓，春华四季园，110平3+1房，大阳台，装修保养好,"近地铁
新上
南
民水民电",540.0,49090
福田,香蜜湖,港中旅花园（二期）,4.0,2.0,157.51,2600,165068,332.0,南北通透，深高+荔园外国语，全新装修，拎包入住,"近地铁
新上
西南
民水民电",2340.0,148561
罗湖,百仕达,百仕达花园一期,6.0,3.0,190.5,1200,62992,461.0,中空复式 价格可谈 红本满五 紧邻翠竹山公园 双地铁口,"近地铁
新上
南北通
民水民电",1080.0,56693
龙华,龙华中心,壹成中心花园(五区),4.0,2.0,86.92,475,54647,,高增送，买3房送1房,"新上
西南
民水民电
电梯房",427.5,49182
龙岗,布吉,茂业城,2.0,1.0,63.1,116,18383,532.0,茂业城 户型好 近地铁 实用率高 住家首选 价可谈,"近地铁
新上
南
民水民电",104.4,16545
盐田,沙头角,蓝郡广场,4.0,2.0,216.38,1750,80876,607.0,山海大花园 停车位充足 5房3卫,"近地铁
新上
南北通
民水民电",1575.0,72788
福田,石厦,皇都广场,2.0,1.0,68.44,270,39450,462.0,福田平安大厦精装两房业主诚心出售,"近地铁
新上
北
民水民电",243.0,35505
宝安,沙井,鸿荣源禧园,4.0,2.0,128.85,650,50446,480.0,沙井鸿荣源禧园精装修4房南北通户型,"近地铁
新上
南
民水民电",585.0,45401
宝安,桃源居,桃源居十一区,3.0,2.0,75.3,380,50464,461.0,桃源居社区座落在深圳宝安地铁口附近书包房,"近地铁
南
民水民电
电梯房",342.0,45418
罗湖,洪湖,鹏大厦,2.0,1.0,37.04,350,94492,248.0,业主诚卖深中精装小两房看洪湖公园通风视野好万科物业洪湖地铁口,"近地铁
新上
西南
民水民电",315.0,85043
罗湖,翠竹,金翠园,3.0,1.0,87.15,820,94090,527.0,金翠园，精装3房，读深中，仅卖690万,"近地铁
新上
南
民水民电",738.0,84681
宝安,新安,君成雍和园,3.0,2.0,52.0,345,66346,83.0,正地铁口宝安客运站温馨精装小3房性价比超高你值得拥有,"近地铁
新上
北
民水民电",310.5,59711
福田,皇岗口岸,皇御苑A区,2.0,2.0,78.0,480,61538,376.0,皇御苑一期，精装修两房，诚心出售，朝南，近地铁口,"近地铁
新上
东南
民水民电",432.0,55384
罗湖,黄贝岭,新天地名居,1.0,1.0,38.41,230,59880,356.0,罗湖排名书包，小户型租金高，税费少，一步过香港,"近地铁
新上
西南
民水民电",207.0,53892
龙岗,坂田,嘉御豪园(信义嘉御山),4.0,2.0,140.3,1020,72701,553.0,笋，四开间朝东南，高层视野好，满五税少,"近地铁
新上
南北通
民水民电",918.0,65431
罗湖,翠竹,翠竹苑,2.0,1.0,52.0,245,47115,326.0,翠竹苑，黄金楼层，精装修，有旧改可能，找我价格可捡漏！！！,"近地铁
新上
民水民电
电梯房",220.5,42404
罗湖,布心,松泉公寓,3.0,1.0,59.31,250,42151,520.0,"新出炉房源,，业主换房急需腾名，诚心出售","近地铁
新上
东南
民水民电",225.0,37936
盐田,沙头角,上东湾,3.0,2.0,88.29,430,48703,266.0,上东湾 沙头角关口对面 看海看山 精装四房 好楼层 税少诚售,"近地铁
新上
西南
民水民电",387.0,43833
福田,香蜜湖,港中旅花园（二期）,4.0,2.0,194.0,3800,195876,332.0,港中旅二期小高层使用率高复式，南北通透,"近地铁
新上
南北通
民水民电",3420.0,176288
福田,上下沙,金域蓝湾,4.0,2.0,158.55,1200,75685,722.0,万科金域蓝湾，带负一楼固定车位，看房方便，安静,"近地铁
新上
南
民水民电",1080.0,68116
罗湖,百仕达,东乐花园(罗湖),2.0,2.0,82.0,320,39024,393.0,朋友的房子精装大两房可以改三房,"近地铁
新上
南
民水民电",288.0,35122
罗湖,莲塘,东方.尊峪花园,4.0,2.0,182.4,888,48684,832.0,东方尊峪端头位置，罗湖市区景观，南北通透装修保养好，新上房源,"近地铁
新上
南
民水民电",799.2,43816
宝安,宝安中心区,花样年花乡,1.0,,27.8,210,75539,564.0,宝体地铁站，精装单间，总价低，急卖,"近地铁
新上
南
民水民电",189.0,67985
南山,华侨城,新天鹅堡一期,5.0,3.0,375.0,11000,293333,588.0,高层 湖景海景特价房！天鹅湖花园，业主急卖！,"近地铁
新上
南
民水民电",9900.0,264000
南山,前海,星海名城（一期）,3.0,2.0,99.65,660,66231,614.0,星海名城一期3+1房，红本满五，婚房装修保养好，安静！,"近地铁
新上
北
民水民电",594.0,59608
龙岗,布吉,慢城（三期）,2.0,1.0,54.78,198,36144,,石芽岭片区，精装两房，满五唯一，车位充足，小区自带商业幼儿园,"新上
南
民水民电
电梯房",178.2,32530
福田,香蜜湖,香域中央花园,4.0,2.0,206.47,4300,208262,216.0,香域花园，小高层206平4房，使用高，诚意出售安静,"近地铁
新上
南北通
民水民电",3870.0,187436
南山,前海,绿海名都,3.0,2.0,105.92,680,64199,360.0,绿海名都精装三房户型方正装修保养好地铁口物业诚售,"近地铁
新上
南
民水民电",612.0,57779
罗湖,洪湖,鹏大厦,1.0,1.0,23.34,330,141388,248.0,翠竹深中洪湖地铁口鹏大厦次新精装一房一厅水贝珠宝商圈配套齐全,"近地铁
新上
西南
民水民电",297.0,127249
罗湖,黄贝岭,金城华庭,1.0,1.0,35.58,190,53400,528.0,金城华庭一房出售,"近地铁
新上
北
民水民电",171.0,48060
宝安,桃源居,桃源居六区,3.0,2.0,84.48,450,53267,837.0,桃源居精装三房，满五年红本，采光好，户型方正，实用率高,"近地铁
新上
南
民水民电",405.0,47940
盐田,沙头角,君临海域（二期）,3.0,2.0,78.38,350,44654,395.0,君临海域，精装修,"近地铁
新上
南
民水民电",315.0,40189
宝安,桃源居,桃源居六区,3.0,2.0,85.22,390,45763,837.0,桃源居首府小三房高楼层，朝南看花园，清爽装修风格，满五年红本,"近地铁
新上
南
民水民电",351.0,41187
南山,前海,鼎太风华（三期）,3.0,2.0,82.4,798,96844,859.0,新上业主换房急售笋盘鼎太风华四期精装三房红本看前海,"近地铁
新上
南
民水民电",718.2,87160
南山,南头,麒麟花园（三期）,3.0,2.0,111.0,970,87387,678.0,麒麟花园三期 3房2厅 户型方正 业主出国 诚心卖,"近地铁
新上
北
民水民电",873.0,78648
罗湖,翠竹,龙屋,4.0,2.0,91.67,530,57816,550.0,龙屋带深中4..8..8..楼层好，业主急卖价格好谈也配合,"近地铁
民水民电
带家私
精装修",477.0,52034
罗湖,新秀,东方都会大厦,1.0,1.0,35.32,165,46715,633.0,东方都会 高层景观好 135W卖,"近地铁
新上
东
民水民电",148.5,42044
罗湖,新秀,东方都会大厦,1.0,,31.84,135,42399,633.0,东方都会 带泳池 中间楼层 价格可谈 业主换房 产权清晰,"近地铁
新上
东南
民水民电",121.5,38159
罗湖,翠竹,愉天小区,1.0,1.0,34.0,300,88235,335.0,业主急急急，价格随便谈，捡漏速来,"近地铁
新上
南
民水民电",270.0,79412
罗湖,黄贝岭,金城华庭,2.0,2.0,54.01,350,64802,528.0,金城华庭，精装两房，门口螺岭书包，业主价格可谈，三地铁线,"近地铁
新上
北
民水民电",315.0,58322
罗湖,布心,淘金山湖景花园一期,7.0,2.0,299.18,3200,106959,745.0,淘金山 中高楼层，看湖景，大观景大阳台,"近地铁
新上
南北通
民水民电",2880.0,96263
龙岗,布吉,慢城（三期）,2.0,2.0,74.19,320,43132,,布吉石芽岭片区，慢城三期精装两房，小区配套完善，车位充足,"新上
东南
民水民电
电梯房",288.0,38819
福田,香蜜湖,宝能城市公馆（一、二期）,4.0,2.0,188.0,3000,159574,501.0,宝能城市公馆，香蜜湖次新房，大平层四套房设计，急售,"近地铁
新上
南北通
民水民电",2700.0,143617
福田,景田,缔梦园（一期）,1.0,1.0,41.34,213,51523,150.0,业主诚心出售   地铁口物业,"近地铁
新上
北
民水民电",191.7,46371
罗湖,翠竹,嘉湖新都,1.0,1.0,35.27,320,90728,340.0,急卖嘉湖新都，深中笋盘，谈价空间大，采光通透,"近地铁
新上
南
民水民电",288.0,81655
罗湖,翠竹,嘉湖新都,1.0,1.0,35.0,325,92857,340.0,深中在线，嘉湖新都朝南住宅小户型，满五年费用少,"近地铁
新上
南
民水民电",292.5,83571
罗湖,布心,松泉公寓,2.0,2.0,57.89,200,34548,520.0,松泉公寓楼梯房带翠园，看房方便,"近地铁
北
民水民电
精装修",180.0,31093
罗湖,布心,碧岭华庭,4.0,2.0,121.08,580,47902,480.0,碧岭华庭靠山安静、采光好业主诚心卖,"近地铁
新上
南
民水民电",522.0,43112
罗湖,人民南,阳光新干线家园,1.0,1.0,40.0,156,39000,224.0,带花园社区，适合住家，满5年,"近地铁
新上
北
民水民电",140.4,35100
罗湖,翠竹,逸翠园,2.0,2.0,65.63,385,58662,578.0,价格可以谈，精装修，诚心出售，高楼层,"近地铁
新上
西南
民水民电",346.5,52796
宝安,宝安中心区,金泓凯旋城,3.0,2.0,84.0,690,82142,352.0,业主诚心在卖，适合过度期的小三房,"近地铁
新上
东南
民水民电",621.0,73928
盐田,盐田港,中海半山溪谷花园,2.0,1.0,69.63,195,28005,829.0,半山大2房，满5年，拎包入住，环境安静，居住舒适,"近地铁
新上
北
民水民电",175.5,25204
宝安,碧海,康达尔山海上园(二期),4.0,2.0,143.43,950,66234,,143平方大4房2厅，住家装修，康达尔山海上园二期，南北通透,"新上
南
民水民电
电梯房",855.0,59611
南山,南山中心区,西海湾花园,4.0,2.0,123.62,999,80812,588.0,西海湾花园安静满五年户型方正诚意出售,"近地铁
新上
南
民水民电",899.1,72731
罗湖,洪湖,源兴居,3.0,2.0,92.99,430,46241,325.0,洪湖公园的家，源兴居3房，业主急卖，配套齐全,"近地铁
北
民水民电
电梯房",387.0,41617
龙岗,龙岗中心城,万科清林径,4.0,2.0,89.0,298,33483,,万科清林径 看湖景横厅四房 只有契税业主换房诚出，看房方便,"新上
南
民水民电
电梯房",268.2,30135
宝安,宝安中心区,熙龙湾（一期）,5.0,2.0,168.9,2480,146832,327.0,满五年唯1，送双露台，东南向看花园全景,"近地铁
新上
南北通
民水民电",2232.0,132149
罗湖,翠竹,鹏城合正星园,3.0,2.0,87.0,700,80459,420.0,合正星园  深中在 少有放盘的户型 业主很急价格来电有惊喜,"近地铁
新上
北
民水民电",630.0,72413
罗湖,黄贝岭,汇鑫花园,2.0,1.0,64.57,260,40266,335.0,汇鑫花园，户型方正，地铁口物业，居家舒适，红本满五年,"近地铁
新上
北
民水民电",234.0,36239
盐田,沙头角,倚山花园（三期）,3.0,2.0,87.66,338,38558,632.0,倚山花园，朝南3房，户型方正，阳台大，诚意出售，价格可谈,"近地铁
新上
东南
民水民电",304.2,34702
福田,梅林,绿景虹湾（虹湾花园）,4.0,2.0,120.0,980,81666,121.0,福田次新楼盘，安静南北通话，地铁口物业，购物方便,"近地铁
新上
西南
民水民电",882.0,73499
福田,香蜜湖,翠海花园（一期）,3.0,2.0,91.0,1350,148351,259.0,房子在卖业主配合看房方便，南北通透采光好,"近地铁
新上
北
民水民电",1215.0,133516
坪山,坪山中心区,龙光玖云著大楼,1.0,1.0,36.24,52,14348,295.0,坪山14号线锦龙站，龙光玖云著精装一房出售,"近地铁
南
民水民电
电梯房",46.8,12913
龙岗,大运,中海康城花园,3.0,2.0,87.0,265,30459,,中海康城花园，急售，看花园，中高层，三房两厅,"新上
南北通
民水民电
精装修",238.5,27413
龙华,龙华中心,锦绣江南（二期）,6.0,3.0,163.01,830,50917,,江南风情社区，高赠送三层复式5房，看房随时,"新上
南
民水民电
电梯房",747.0,45825
宝安,桃源居,桃源居三区,3.0,2.0,106.0,470,44339,285.0,桃源居近地铁口进书包房，采光好，电梯安静,"近地铁
新上
北
民水民电",423.0,39905
南山,前海,阳光棕榈园（三期）,2.0,1.0,39.46,385,97567,845.0,南山前海中海物业大社区 阳光棕榈园小二房精装业主诚售。,"近地铁
新上
西南
民水民电",346.5,87810
宝安,桃源居,桃源居六区,3.0,2.0,143.65,730,50817,837.0,桃源居户型方正新小区交通方便送面积多,"近地铁
新上
南
民水民电",657.0,45735
宝安,桃源居,桃源居世外桃源,3.0,2.0,116.57,460,39461,387.0,桃源居近地铁口满五年税少户型方正南北通透,"近地铁
南北通
民水民电
精装修",414.0,35515
盐田,沙头角,东埔海景花园（一期）,4.0,2.0,130.22,990,76025,689.0,海景小高层带大露台4房2卫,"近地铁
新上
东南
民水民电",891.0,68422
龙岗,大运,中海康城花园,3.0,2.0,87.0,308,35402,,全新装修双阳台保养好可上中文书包,"新上
东
民水民电
电梯房",277.2,31862
南山,前海,阳光棕榈园（三期）,3.0,2.0,105.69,780,73800,845.0,前海大社区阳光棕榈园 精装大3房 诚心出售 满两年税费少,"近地铁
新上
北
民水民电",702.0,66420
罗湖,莲塘,四季御园（新世界四季御园）,3.0,2.0,72.46,456,62931,340.0,关口物业 精装小三房 带大露台方便晾晒休息 朝南向 通风亮堂,"近地铁
新上
南
民水民电",410.4,56638
宝安,碧海,碧海富通城（六期）,3.0,2.0,89.2,650,72869,796.0,碧海富通城高性价比三房业主急售,"近地铁
新上
南北通
民水民电",585.0,65582
龙岗,龙岗中心城,百合盛世（二期）,4.0,2.0,87.13,320,36726,,业主向市场妥协！地铁口刚降价房源，精装，满五年急售，价格私聊,"新上
南北通
民水民电
电梯房",288.0,33053
龙岗,布吉,百合星城（二期）,3.0,2.0,117.48,550,46816,332.0,百合星城二期，近三号5，14号线，线地铁口，商业齐全,"近地铁
新上
南
民水民电",495.0,42134
龙岗,坂田,第五园（八期）,3.0,2.0,115.96,550,47430,810.0,三面采光，看公园，看水库，万科八期大三房,"近地铁
新上
南
民水民电",495.0,42687
宝安,宝安中心区,丽晶国际,4.0,2.0,125.0,1100,88000,324.0,宝中精装4房  可拎包入住  近地铁西南朝向看花园,"近地铁
新上
南
民水民电",990.0,79200
罗湖,莲塘,金色年华家园,3.0,2.0,75.16,420,55880,490.0,厅出阳台小三房采光好，满两年税少，近地铁站配套齐全,"近地铁
新上
北
民水民电",378.0,50292
龙岗,布吉,信义假日名城(六期溢芳园),3.0,2.0,100.0,365,36500,693.0,溢芳园 满五年 户型好 地铁口 实用率高 住家首选 价可谈,"近地铁
新上
民水民电
电梯房",328.5,32850
罗湖,翠竹,翠华花园,2.0,2.0,64.77,400,61756,253.0,翠竹+翠园345）可用。老朋友房子换房急卖，价格你说了算,"近地铁
新上
东西通
民水民电",360.0,55580
宝安,新安,中洲华府（二期）,4.0,2.0,172.59,1880,108928,353.0,中洲华府二期，172平方4房2厅，端头户型南北通透，看房方便,"近地铁
南
民水民电
电梯房",1692.0,98035
龙华,龙华中心,壹成中心花园(六区),3.0,2.0,75.38,465,61687,,精装修拎包入住看花园通风采光好,"新上
西南
民水民电
电梯房",418.5,55518
宝安,桃源居,桃源居十五区,3.0,2.0,88.0,420,47727,518.0,桃源居新小区车位多交通方便视野好业主诚意出售,"近地铁
新上
南
民水民电",378.0,42954
龙岗,龙岗中心城,中央悦城,4.0,2.0,142.5,700,49122,320.0,4房 大平层精装修 满5红本税费少 近地铁站口 看房提前联系,"近地铁
南北通
民水民电
电梯房",630.0,44210
罗湖,洪湖,源兴居,1.0,1.0,23.57,115,48790,325.0,源兴居地铁口，在家可以看荷花的家，桂园书包,"近地铁
新上
南
民水民电",103.5,43911
福田,香蜜湖,宝能城市公馆（一、二期）,3.0,2.0,108.88,1600,146950,501.0,香蜜湖次新房户型方正好用厅出阳台带衣帽间拥有好书包大三房,"近地铁
新上
南
民水民电",1440.0,132255
福田,香蜜湖,东海花园（一期）,3.0,2.0,138.23,1800,130217,464.0,成交热门小区东海花园一期，景观无遮挡，看房随时方便,"近地铁
新上
东北
民水民电",1620.0,117195
罗湖,黄贝岭,深业东岭花园（二期）,3.0,2.0,89.45,680,76020,435.0,花园式小区 地铁口物业 业主诚心出售,"近地铁
新上
东南
民水民电",612.0,68418
南山,南山中心区,海印长城小区二期,3.0,2.0,109.0,1050,96330,382.0,南山中芯海印长城朝南经典三房美好生活从安家开启,"近地铁
新上
南
民水民电",945.0,86697
南山,华侨城,香山美墅云颂,4.0,2.0,175.62,2200,125270,,香山美墅豪装4房 南北通透 诚意卖 价格好谈,"新上
南北通
民水民电
电梯房",1980.0,112743
罗湖,洪湖,鹏大厦,2.0,1.0,37.09,350,94365,248.0,业主诚卖价格可谈深中鹏大厦小两房万科物业洪湖地铁口配套齐全,"近地铁
新上
东
民水民电",315.0,84928
宝安,西乡,香缇湾花园,5.0,2.0,162.0,1200,74074,251.0,安区新湖路和悦和路交汇处，由中熙地产开发，品牌物业管理。小区,"近地铁
新上
民水民电
电梯房",1080.0,66667
南山,华侨城,新天鹅堡三期,3.0,2.0,123.0,2180,177235,609.0,新天鹅堡三期，厅出大阳台3房，看全湖景，保养非常好，地铁口,"近地铁
新上
东南
民水民电",1962.0,159512
罗湖,翠竹,翠竹苑,2.0,1.0,56.67,368,64937,326.0,翠竹苑业主急卖，谈价空间大，配套齐全，租金高，采光通透,"近地铁
南
民水民电
带家私",331.2,58443
龙岗,布吉,信义金御半山（三期信义荔景御园）,4.0,2.0,89.0,660,74157,525.0,横厅设计万象汇楼上四房,"近地铁
新上
南北通
民水民电",594.0,66741
罗湖,布心,崇德雍翠华府,2.0,2.0,68.0,290,42647,488.0,崇德雍翠华府68平朝南二房采光好安静诚心售,"近地铁
新上
南
民水民电",261.0,38382
宝安,西乡,招商果岭,3.0,2.0,81.82,540,65998,,招商果项目所在地块占地面积39998.14平方米,"新上
东南
民水民电
电梯房",486.0,59398
罗湖,新秀,东方都会大厦,1.0,1.0,35.54,160,45019,633.0,黄贝岭 商品住宅 近地铁 南北通透 近医院 商圈成熟中间楼层,"近地铁
新上
西
民水民电",144.0,40517
福田,上下沙,京基滨河时代广场,1.0,1.0,43.39,260,59921,479.0,京基高层看海总价低，租金高,"近地铁
民水民电
电梯房",234.0,53929
罗湖,翠竹,翠拥华庭,3.0,2.0,98.71,585,59264,477.0,翠拥精装3房，业主换房诚心放卖，我帮业主买的，找价格好争取哦,"近地铁
东南
民水民电
电梯房",526.5,53338
南山,华侨城,香山美墅云颂,3.0,2.0,125.0,1550,124000,,香山美墅云颂满五维一 诚意出售 价格好谈,"新上
西南
民水民电
电梯房",1395.0,111600
福田,红树湾,中信红树湾花城北区,5.0,2.0,320.0,5000,156250,592.0,中信红树湾南北通复式4+1,"近地铁
西南
民水民电
电梯房",4500.0,140625
南山,华侨城,世纪村1期,3.0,2.0,133.75,1300,97196,606.0,世纪村134平的4房保养好拎包入住,"近地铁
新上
东
民水民电",1170.0,87476
盐田,盐田港,佳兆业山海苑,3.0,2.0,83.25,290,34834,725.0,楼下地铁口 价钱可谈 精装修 满5年 原装三房 次新小区,"近地铁
新上
东南
民水民电",261.0,31351
盐田,盐田港,中海半山溪谷花园,3.0,2.0,89.0,270,30337,829.0,臻享大阳台 南北通3房2厅 小高层电梯房、,"近地铁
新上
南
民水民电",243.0,27303
盐田,沙头角,壹海城（二期）,3.0,2.0,155.0,720,46451,190.0,万科壹海城玺湾小区，价格可谈，配套齐全，交通便利,"近地铁
新上
东南
民水民电",648.0,41806
罗湖,布心,崇德雍翠华府,2.0,2.0,68.06,345,50690,488.0,雍翠华 府近地铁 周边配套齐全 靠山物业 人车分离,"近地铁
新上
东
民水民电",310.5,45621
宝安,宝安中心区,壹方中心·玖誉(三期),3.0,2.0,95.07,1260,132533,250.0,壹方玖花园.鸿荣源巨资打造.户型方正实用.滨海奢居大豪宅急卖,"近地铁
新上
东南
民水民电",1134.0,119280
龙岗,布吉,佳兆业可园（五期）,3.0,2.0,98.0,600,61224,677.0,公园里的家,"近地铁
南
民水民电
电梯房",540.0,55102
罗湖,新秀,华清园,3.0,2.0,73.34,265,36133,424.0,莲塘口岸地铁站复式三房资金周转急售随时安排看房,"近地铁
新上
北
民水民电",238.5,32520
罗湖,翠竹,翠竹苑,2.0,1.0,47.38,310,65428,326.0,翠竹苑2房，交通便利，配套齐全，拎包入住,"近地铁
新上
东南
民水民电",279.0,58885
龙岗,布吉,信义荔山公馆（景和园）,4.0,2.0,87.89,450,51200,527.0,荔山公馆，朝公园4房，户型方正，采光浩，满五年，装修浩，急售,"近地铁
新上
东北
民水民电",405.0,46080
龙岗,布吉,茵悦之生花园（一期）,3.0,2.0,81.15,285,35120,804.0,茵悦之生三房两厅中间楼层，户型好装修保养干净，通风好,"近地铁
新上
南
民水民电",256.5,31608
龙华,民治,春华四季园（二期）,4.0,2.0,141.0,980,69503,661.0,低密大花园社区、顶复三层、直面湖景,"近地铁
南
民水民电
电梯房",882.0,62553
福田,香蜜湖,香荔花园,3.0,2.0,118.27,1450,122600,102.0,香荔花园118平3房看深圳湾海景香蜜湖公园儿童乐园配套,"近地铁
新上
西南
民水民电",1305.0,110340
福田,香蜜湖,宝能公馆V-House,2.0,1.0,98.0,820,83673,497.0,香蜜湖次新房宝能公馆,"近地铁
新上
北
民水民电",738.0,75306
宝安,桃源居,桃源居三区,2.0,2.0,82.19,360,43800,285.0,桃源居互相团结房子离地铁近书包房采光视野好,"近地铁
南
民水民电
电梯房",324.0,39420
宝安,桃源居,桃源居三区,3.0,2.0,103.3,450,43562,285.0,精装3房2厅，户型方正采光好，出行方便近书包,"近地铁
南北通
民水民电
电梯房",405.0,39206
罗湖,莲塘,四季御园（新世界四季御园）,1.0,1.0,49.54,280,56519,340.0,四季御园。莲塘关口地铁口物业，一房一厅，守关方便，,"近地铁
北
民水民电
电梯房",252.0,50867
罗湖,莲塘,名骏豪庭,3.0,2.0,69.8,330,47277,703.0,名骏豪庭近莲南 南向小三房 楼层佳 满五唯一,"近地铁
新上
东南
民水民电",297.0,42549
罗湖,莲塘,鹏兴花园（六期）,2.0,2.0,80.59,420,52115,378.0,精装大两房户型实用看房方便价格好沟通,"近地铁
新上
西北
民水民电",378.0,46904
罗湖,莲塘,名骏豪庭,1.0,1.0,43.0,180,41860,703.0,名骏豪庭 近莲南 南向精装  管理好 诚心出售,"近地铁
新上
南
民水民电",162.0,37674
宝安,沙井,博林君瑞,3.0,2.0,89.0,348,39101,,博林君瑞业主诚心出售，价格可议价，周边配套齐全，交通方便,"新上
西南
民水民电
电梯房",313.2,35191
龙岗,布吉,英郡年华花园（二期）,2.0,2.0,66.54,240,36068,338.0,英郡年华二期 新装修 68+28平 户型好 实用率高 钥匙房,"近地铁
新上
东北
民水民电",216.0,32461
南山,蛇口,海上世界双玺花园三期,3.0,2.0,205.02,2700,131694,564.0,塔尖资产海上世界双玺花园业主诚心卖价格可以谈,"近地铁
新上
东北
民水民电",2430.0,118525
宝安,西乡,合正汇一城,5.0,2.0,83.2,800,96153,66.0,下两层及地面三层商业，地下商业与地铁一号线西乡站无缝接驳。高,"近地铁
新上
东
民水民电",720.0,86538
宝安,宝安中心区,福中福商业城（二期）,3.0,2.0,74.08,430,58045,528.0,福中福商业城位于宝安新湖路与新安六路交汇处，地铁一号线坪洲站,"近地铁
新上
南
民水民电",387.0,52240
宝安,桃源居,桃源居世外桃源,3.0,2.0,119.62,510,42635,387.0,桃源居南北通透三房，一梯两户，前后看花园，户型方正，安静,"近地铁
新上
南北通
民水民电",459.0,38372
龙岗,布吉,佳兆业可园（一期）,3.0,2.0,97.9,485,49540,697.0,可园朝南3＋2房满五税少高层采光好急卖,"近地铁
新上
南
民水民电",436.5,44586
宝安,桃源居,桃源居世外桃源,2.0,1.0,93.0,350,37634,387.0,桃源居地铁口电梯两房，户型方正，采光好,"近地铁
新上
南
民水民电",315.0,33871
福田,皇岗,御景华城花园,1.0,,35.7,220,61624,193.0,御景华城，精装修一房，诚心出售，近地铁口,"近地铁
新上
东南
民水民电",198.0,55462
福田,福田中心区,中海华庭,2.0,2.0,85.43,820,95985,300.0,福田CBD中海华庭大两房看花园安静东南向,"近地铁
新上
东南
民水民电",738.0,86386
福田,上下沙,金海湾花园,3.0,2.0,117.93,1030,87339,645.0,金海湾花园，大三房，客厅出阳台，南向，看海景,"近地铁
新上
南
民水民电",927.0,78605
南山,华侨城,新天鹅堡三期,3.0,2.0,123.0,1850,150406,609.0,天鹅湖次新房好户型满五年税少地铁口物业,"近地铁
新上
南
民水民电",1665.0,135365
宝安,宝安中心区,西城上筑花园,3.0,2.0,111.0,980,88288,470.0,西城上筑项目位于宝安区N5区宝安大道与创业西路交汇处,"近地铁
新上
南
民水民电",882.0,79459
宝安,新安,勤诚达22世纪(和园),3.0,2.0,85.95,880,102385,220.0,3房户型 通风采光好 使用率高 配套成熟 价格可谈,"近地铁
新上
西北
民水民电",792.0,92146
盐田,沙头角,倚山花园（三期）,3.0,2.0,138.8,600,43227,632.0,倚山花园三期，东南向，大平层，中间楼层，看海景，诚意出售,"近地铁
新上
南
民水民电",540.0,38904
福田,宝安南,鸿翔花园,2.0,2.0,82.99,670,80732,299.0,三房两厅户型方正实用西南向业主自住房,"近地铁
新上
西南
民水民电",603.0,72659
罗湖,万象城,中海天钻,3.0,2.0,121.41,1000,82365,399.0,罗湖高档小区，中海天钻120平米高层景观好真实在售。,"近地铁
新上
南
民水民电",900.0,74128
罗湖,人民南,新银座华庭,1.0,1.0,39.98,209,52276,128.0,新银座，一房一厅，业主诚心出售。看房方便。,"近地铁
新上
北
民水民电",188.1,47048
罗湖,人民南,新银座华庭,1.0,1.0,39.98,190,47523,128.0,新银座，一房一厅，业主诚心出售。看房约起,"近地铁
北
民水民电
电梯房",171.0,42771
罗湖,人民南,新银座华庭,1.0,1.0,47.39,280,59084,128.0,新银座华庭，一房一厅，业主换房价位还可小刀,"近地铁
北
民水民电
电梯房",252.0,53176
罗湖,人民南,新银座华庭,2.0,1.0,47.08,220,46728,128.0,新银座，一房一厅，业主诚心出售,"近地铁
新上
南
民水民电",198.0,42055
罗湖,人民南,新银座华庭,1.0,1.0,48.0,300,62500,128.0,新银座，一房一厅，业主诚心出售,"近地铁
新上
南
民水民电",270.0,56250
盐田,沙头角,东埔海景花园（二期）,2.0,1.0,77.6,400,51546,723.0,东埔海景花园小区，价格可谈，配套齐全，交通便利,"近地铁
西南
民水民电
电梯房",360.0,46391
罗湖,笋岗,嘉宝田花园,2.0,1.0,60.0,330,55000,564.0,嘉宝田花园两房，东南朝向，大社区，楼层佳，红本满5，桂园中,"近地铁
新上
东南
民水民电",297.0,49500
罗湖,笋岗,嘉宝田花园,3.0,2.0,63.16,380,60164,564.0,罗湖三大花园之一嘉宝田花园配套好业主诚售,"近地铁
新上
东南
民水民电",342.0,54148
宝安,桃源居,桃源居世外桃源,4.0,2.0,154.06,640,41542,387.0,154平方4房2厅，大平层视野开阔，房子户型方正采光好,"近地铁
新上
东南
民水民电",576.0,37388
罗湖,布心,崇德雍翠华府,2.0,2.0,63.11,258,40881,488.0,水贝地铁口  雍翠华府小区绿高 满五 装修好,"近地铁
新上
东北
民水民电",232.2,36793
宝安,桃源居,桃源居世外桃源,3.0,2.0,116.57,480,41176,387.0,桃源居世外桃源，116平精装3房，高层朝南，地铁口，出行方便,"近地铁
新上
南北通
民水民电",432.0,37058
罗湖,百仕达,东乐花园(罗湖),2.0,2.0,76.18,330,43318,393.0,安静位置三房、楼层好！满五年少，好房推荐,"近地铁
新上
民水民电",297.0,38986
龙岗,龙岗中心城,百合盛世（二期）,4.0,2.0,89.82,318,35404,,市场已缓慢回暖，业主诚心出售，满五年，地铁口，看房可安排！,"新上
东北
民水民电
电梯房",286.2,31864
龙岗,龙岗中心城,天健花园,2.0,2.0,73.48,230,31301,386.0,业主向市场妥协！地铁口刚降价房源，精装，满五年急售，价格私聊,"近地铁
新上
南
民水民电",207.0,28171
宝安,碧海,前城滨海花园,4.0,2.0,117.0,980,83760,115.0,合围地块，对于朝向花园的户型，景观环境和居家舒适度都要高得多,"近地铁
新上
西
民水民电",882.0,75384
盐田,沙头角,瀚海翠庭,3.0,2.0,94.42,422,44693,249.0,沙头角口岸物业瀚海翠庭精装3房近海滨栈道周边配套齐全,"近地铁
南
民水民电
电梯房",379.8,40224
龙岗,布吉,中海怡翠山庄,4.0,2.0,117.0,380,32478,667.0,中海怡翠复式四房，户型大气宽阔，景观好视野远,"近地铁
新上
南
民水民电",342.0,29230
盐田,盐田港,佳兆业山海苑,3.0,2.0,100.0,300,30000,725.0,佳兆业山海苑小区，价格可谈，配套齐全，交通便利,"近地铁
新上
南
民水民电",270.0,27000
龙岗,龙岗中心城,龙岗鸿基花园,1.0,1.0,40.18,100,24888,306.0,业主急卖，地铁口，精装修，满五年税费少，看房方便，看中可谈价,"近地铁
新上
北
民水民电",90.0,22399
福田,福田口岸,金地名津,1.0,1.0,44.75,260,58100,353.0,通勤方便精装房子采光好,"近地铁
新上
东南
民水民电",234.0,52290
南山,华侨城,新天鹅堡三期,3.0,2.0,123.0,1890,153658,609.0,新天鹅堡三期精装保养好，看房方便，价格好谈,"近地铁
新上
东
民水民电",1701.0,138292
南山,华侨城,香山美墅果岭,4.0,2.0,176.35,2680,151970,,香山美墅果岭，精装三房两厅，满五年,"新上
南北通
民水民电
电梯房",2412.0,136773
罗湖,黄贝岭,新天地名居,1.0,1.0,39.0,185,47435,356.0,新天地一房一厅大阳台朝东南采光通透中间楼层 满五唯一性价比高,"近地铁
新上
东南
民水民电",166.5,42692
宝安,宝安中心区,西城上筑花园,3.0,2.0,103.0,880,85436,470.0,周边城市视线开阔，周边城市配套成熟，交通便捷。,"近地铁
新上
西南
民水民电",792.0,76892
盐田,沙头角,君临海域（二期）,4.0,2.0,206.37,1380,66870,395.0,君临大宅，3梯2户，前后阳台，高层海景，私家电梯,"近地铁
新上
南
民水民电",1242.0,60183
龙岗,坂田,四季花城(一期北区),5.0,2.0,175.28,1200,68461,315.0,花城少有挂牌的联排别墅，私家双花园，天台花园，带车位,"近地铁
新上
南北通
民水民电",1080.0,61615
盐田,盐田港,中海半山溪谷花园,2.0,2.0,72.47,238,32841,829.0,电梯小高层 精装修2房 满五年没个税、,"近地铁
新上
南北通
民水民电",214.2,29557
南山,华侨城,新天鹅堡二期,3.0,2.0,135.0,2800,207407,588.0,湖景海景特价房！天鹅湖花园精装大两房，业主急卖，看房方便！,"近地铁
新上
南
民水民电",2520.0,186666
罗湖,翠竹,翠拥华庭,2.0,2.0,85.94,480,55852,477.0,翠拥华庭2房 谈价空间大，配套齐全，租金高,"近地铁
新上
西
民水民电",432.0,50267
宝安,碧海,碧海富通城（二期）,3.0,2.0,115.38,688,59629,743.0,地处碧海商圈位置繁华，配套齐全，出门就有七巧国，天虹商场，,"近地铁
新上
南
民水民电",619.2,53666
南山,华侨城,香山美墅云颂,4.0,2.0,171.0,2280,133333,,"高层景观好！香山美墅云颂安静精装特价房,业主急卖，看房方便","新上
南北通
民水民电
电梯房",2052.0,120000
罗湖,翠竹,合正荣悦,4.0,2.0,139.96,1200,85738,410.0,合正荣悦府，业主有心卖，谈价空间大，配套齐全，租金高,"近地铁
新上
南
民水民电",1080.0,77164
宝安,桃源居,桃源居十五区,4.0,2.0,106.67,530,49685,518.0,桃源居15区，赠送一个房间，看花园，南北通透，精装，通风好,"近地铁
新上
北
民水民电",477.0,44716
福田,香蜜湖,鸣泉居,2.0,2.0,79.37,868,109361,275.0,小高层，南向，深高+红岭，双地铁口物业，业主诚心出售,"近地铁
新上
南
民水民电",781.2,98425
宝安,西乡,中粮锦云,3.0,2.0,81.11,498,61398,190.0,中粮锦云3房 双地铁 次新房 诚心出售,"近地铁
新上
东南
民水民电",448.2,55258
宝安,宝安中心区,宏发领域,3.0,2.0,110.62,1280,115711,212.0,宏发领域花园.地段好.户型方正实用.壹方城旁配套齐全豪宅,"近地铁
新上
西南
民水民电",1152.0,104140
罗湖,洪湖,鹏大厦,1.0,1.0,46.5,450,96774,248.0,深中未用，业主价格还可以谈，看房方便,"近地铁
新上
南
民水民电",405.0,87097
宝安,桃源居,桃源居十四区,2.0,2.0,84.12,410,48739,260.0,3房户型 通风采光好 使用率高 配套成熟 价格可谈,"近地铁
新上
东南
民水民电",369.0,43865
罗湖,翠竹,翠华花园,3.0,2.0,77.28,455,58876,253.0,翠花花园三房价格有空间可谈，红本满五近地铁，上翠园本部翠竹,"近地铁
新上
东南
民水民电",409.5,52988
宝安,西乡,润恒尚园,4.0,2.0,104.09,630,60524,,润恒尚园高尔夫旁四房拎包入住,"新上
民水民电
电梯房",567.0,54472
盐田,盐田港,中海半山溪谷花园,3.0,2.0,53.19,130,24440,829.0,近地铁天然氧吧半山溪谷业主诚卖周边配套齐全,"近地铁
新上
南
民水民电",117.0,21996
龙岗,龙岗中心城,中骏蓝湾翠岭花园（一期）,3.0,2.0,94.0,200,21276,748.0,新出好房中骏四季阳光94平三房精装修满五年少税,"近地铁
新上
东南
民水民电",180.0,19148
龙岗,龙岗中心城,东方明珠城,5.0,2.0,106.0,270,25471,219.0,东方明珠城地铁口精装修大三房满五税少诚心出售看房方便,"近地铁
新上
南北通
民水民电",243.0,22924
宝安,宝安中心区,丽晶国际,3.0,2.0,103.97,810,77907,324.0,壹方城地铁口旁丽晶国际红本在手满五年大精装东南向三房业主诚售,"近地铁
新上
南
民水民电",729.0,70116
宝安,碧海,前城滨海花园,4.0,2.0,117.8,1200,101867,115.0,两期开发。二期住宅部分位于地块的正中间。因此，项目受宝安大道,"近地铁
新上
南
民水民电",1080.0,91680
罗湖,莲塘,四季御园（新世界四季御园）,1.0,1.0,49.9,270,54108,340.0,莲塘口岸精装修楼层高景观好,"近地铁
新上
北
民水民电",243.0,48697
南山,华侨城,香山里花园(二期),4.0,2.0,162.0,1500,92592,,香山里花园高层新上房源，业主急卖，价格好谈，看房方便,"新上
西南
民水民电
电梯房",1350.0,83333
盐田,沙头角,壹海城（二期）,3.0,2.0,156.0,800,51282,190.0,盐田区政府旁 万科公园综合体 全海景 南北通 精装修,"近地铁
南北通
民水民电
拎包入住",720.0,46154
南山,华侨城,锦绣花园三期,4.0,2.0,192.0,1780,92708,375.0,拎包入住200万豪装192平奢享型的大两房，南北通透，安静税,"近地铁
新上
民水民电",1602.0,83437
罗湖,翠竹,金丽豪苑,1.0,1.0,41.0,347,84634,319.0,田贝地铁口物业 深中 翠北 精装1房1厅 70年红本,"近地铁
新上
北
民水民电",312.3,76171
罗湖,百仕达,百仕达花园二期,2.0,2.0,72.16,408,56541,436.0,百仕达二期欧式园林 两房朝南 总价 400 个可谈,"近地铁
新上
东南
民水民电",367.2,50887
南山,华侨城,香山美墅花园,4.0,2.0,176.0,2500,142045,,云邸精装四房，满五年，价格可以谈,"新上
西南
民水民电
电梯房",2250.0,127840
罗湖,布心,松泉公寓,2.0,1.0,57.89,185,31957,520.0,松泉公寓，业主有心卖，配套齐全，租金高，采光通透,"近地铁
南
民水民电
拎包入住",166.5,28761
宝安,宝安中心区,深业新岸线（二期）,4.0,2.0,134.8,1400,103857,273.0,深业新岸线二期，带超大露台，南北通透,"近地铁
新上
西南
民水民电",1260.0,93471
宝安,宝安中心区,花样年花乡,2.0,1.0,58.2,450,77319,564.0,近地铁一号线宝体站和沃尔玛等，生活交通较便利，住家氛围一般，,"近地铁
西北
民水民电
电梯房",405.0,69587
福田,皇岗口岸,皇御苑B区,2.0,2.0,63.69,500,78505,294.0,皇御苑二期精装两房红本在手满五年户型方正实用,"近地铁
北
民水民电
电梯房",450.0,70654
罗湖,翠竹,翠竹苑,3.0,2.0,56.67,500,88230,326.0,翠竹苑地铁物业一楼带花园的房子，翠竹实..验未用,"近地铁
新上
南
民水民电",450.0,79407
南山,深圳湾,君汇新天花园,4.0,2.0,175.82,2650,150722,409.0,君汇新天高赠送4房 看房方便,"近地铁
南北通
民水民电
电梯房",2385.0,135650
罗湖,布心,淘金山湖景花园二期,3.0,2.0,89.0,680,76404,856.0,新上高层精装东南朝向3房，价格有惊喜，好房等有缘的你,"近地铁
新上
东南
民水民电",612.0,68764
宝安,桃源居,桃源居十六区,4.0,2.0,135.39,700,51702,543.0,桃源居精装大四房，满五年红本，朝南看花园，采光好，户型方正,"近地铁
新上
南
民水民电",630.0,46532
宝安,桃源居,桃源居十一区,3.0,2.0,110.83,560,50527,461.0,桃源居精装3+1房，满五年红本，前后看花园，住家好房子，安静,"近地铁
新上
南北通
民水民电",504.0,45474
宝安,桃源居,桃源居十一区,3.0,2.0,124.3,630,50683,461.0,桃源居精装3+1房，满五年红本，采光好，户型好，大阳台，安静,"近地铁
南
民水民电
电梯房",567.0,45615
宝安,碧海,碧海富通城（三期）,1.0,1.0,46.1,350,75921,942.0,碧海富通城三期.户型方正设计理念时尚.楼盘品质高.地段好,"近地铁
新上
西北
民水民电",315.0,68329
龙岗,布吉,百合星城（一期）,2.0,2.0,78.33,275,35107,332.0,百合星城 户型好 地铁口 实用率高 住家首选 价可谈,"近地铁
新上
北
民水民电",247.5,31596
罗湖,翠竹,翠拥华庭,3.0,2.0,98.71,520,52679,477.0,翠竹公园里的家 业主急售 价格可谈,"近地铁
新上
南
民水民电",468.0,47411
宝安,新安,君成雍和园,3.0,2.0,84.32,540,64041,83.0,3房户型 通风采光好 使用率高 配套成熟 价格可谈,"近地铁
新上
东南
民水民电",486.0,57637
宝安,西乡,合正汇一城,3.0,2.0,76.36,468,61288,66.0,汇一城大二房，楼下地铁口，满五年红本随时看,"近地铁
西南
民水民电
电梯房",421.2,55159
罗湖,莲塘,鹏兴花园（一期）,3.0,2.0,86.0,450,52325,233.0,小三居 楼层好 精装可拎包入住 南北通透 近地铁,"近地铁
新上
南
民水民电",405.0,47092
南山,前海,鼎太风华（二期）,3.0,2.0,115.0,898,78086,958.0,"前海鼎太风华社区,精装3房，诚心出售","近地铁
新上
南
民水民电",808.2,70277
罗湖,莲塘,鹏兴花园（一期）,2.0,2.0,79.5,320,40251,233.0,鹏兴花园一梯两户南北通透两房改好四房,"近地铁
新上
南北通
民水民电",288.0,36226
罗湖,黄贝岭,深业东岭花园（二期）,3.0,2.0,105.65,710,67203,435.0,黄贝岭次新房 深业东岭105大3房 装修保养好车位足配套完善,"近地铁
新上
西北
民水民电",639.0,60483
盐田,沙头角,御景翠峰,3.0,2.0,91.02,380,41749,701.0,8号线地铁口旁，次新小区，高楼层，精装三房,"近地铁
新上
北
民水民电",342.0,37574
福田,福田口岸,金地名津,1.0,1.0,44.73,278,62150,353.0,福田口岸 金地名津 精装高层南向 住宅一房一厅，价格有惊喜,"近地铁
新上
东南
民水民电",250.2,55935
宝安,宝安中心区,熙龙湾（二期）,4.0,2.0,113.6,1580,139084,347.0,熙龙湾低总价4+1房高层看海景实用120平车位足保养好,"近地铁
新上
西南
民水民电",1422.0,125176
宝安,桃源居,桃源居十六区,3.0,2.0,126.1,800,63441,543.0,桃源居16区新上 电梯大三房 高层视野 朝东看花园,"近地铁
东
民水民电
拎包入住",720.0,57097
宝安,桃源居,桃源居十六区,4.0,1.0,135.0,850,62962,543.0,桃源居16区新上 电梯大4房 南北通 双阳台 视野好,"近地铁
民水民电
电梯房
精装修",765.0,56666
龙岗,龙岗中心城,远洋新干线二期(君域花园),4.0,2.0,132.0,485,36742,467.0,3号线地铁站旁边新出笋盘，次新房花园中间，客厅出阳台价格可议,"近地铁
新上
南
民水民电",436.5,33068
罗湖,翠竹,怡泰大厦,1.0,2.0,57.98,270,46567,339.0,地铁口笋盘急卖！中间楼层，采光通透，业主换房，价格好谈！,"近地铁
新上
南
民水民电",243.0,41910
罗湖,黄贝岭,深业东岭花园（二期）,2.0,2.0,70.35,430,61122,435.0,深业东岭中间楼 层采光好交通方便,"近地铁
新上
东南
民水民电",387.0,55010
福田,梅林,嘉鑫阳光雅居,2.0,1.0,68.24,580,84994,553.0,福田下梅林嘉鑫阳光雅居精装山景两房安静车位足够,"近地铁
新上
南北通
民水民电",522.0,76495
宝安,宝安中心区,幸福海岸（一期）,3.0,2.0,95.0,880,92631,231.0,幸福海岸花园.视野非常开阔。户型方正实用.园林景观好,"近地铁
新上
南
民水民电",792.0,83368
龙岗,龙岗中心城,龙园大观花园（二期）,3.0,2.0,89.0,242,27191,,龙园大观二期 精装3房 朝南向 中高楼层 华中师范附属,"新上
东南
民水民电
电梯房",217.8,24472
福田,上下沙,花好园,2.0,1.0,59.9,560,93489,249.0,花好园，精装两房，户型方正，高层视野开阔,"近地铁
南
民水民电
电梯房",504.0,84140
福田,上下沙,金域蓝湾,3.0,2.0,106.58,950,89134,722.0,万科金域蓝湾，超大阳台，无遮挡海景，看房方便，价格可谈,"近地铁
新上
南
民水民电",855.0,80221
罗湖,翠竹,翠竹苑,3.0,2.0,73.0,513,70273,326.0,320宛3房，近期入手看这套，业主有心卖，配套齐全，,"近地铁
南
民水民电
拎包入住",461.7,63246
罗湖,黄贝岭,深业东岭花园（二期）,3.0,2.0,87.0,800,91954,435.0,房子改了四个房间，使用率高，价格可以谈,"近地铁
新上
东南
民水民电",720.0,82759
福田,香蜜湖,东海花园（二期福禄居),4.0,2.0,253.0,3500,138339,286.0,东海花园大平层（全新装修，南向）,"近地铁
西南
民水民电
电梯房",3150.0,124505
盐田,沙头角,东埔海景花园（三期）,4.0,2.0,134.94,818,60619,723.0,全海景南北通透大平层4房2卫,"近地铁
新上
东南
民水民电",736.2,54557
罗湖,黄贝岭,深业东岭花园（一期）,3.0,2.0,112.0,635,56696,435.0,翠园没锁(急出 黄贝岭地铁)业主置换 全天可看,"近地铁
新上
东北
民水民电",571.5,51026
宝安,桃源居,桃源居世外桃源,3.0,2.0,114.35,498,43550,387.0,桃源居电梯小高层大3房2卫南北通透近地铁近公园,"近地铁
新上
民水民电
精装修",448.2,39195
宝安,西乡,白金假日公寓,1.0,1.0,35.36,220,62217,219.0,商品住宅房 精装修 交通便利 高楼层采光充足 有电梯 临地铁,"近地铁
南
民水民电
电梯房",198.0,55995
南山,南头,麒麟花园（三期）,3.0,2.0,119.0,1100,92436,678.0,带120平私家花园 麒麟三期 3+2房南北通透一梯2户 急售,"近地铁
新上
南北通
民水民电",990.0,83192
罗湖,翠竹,翠竹苑,2.0,1.0,39.0,230,58974,326.0,翠竹苑，一楼带院子，业主有心卖，配套齐全，租金高,"近地铁
新上
南
民水民电",207.0,53077
龙岗,龙岗中心城,麓园,3.0,2.0,89.0,400,44943,586.0,业主向市场妥协！地铁口刚降价房源，精装，满五年急售，价格私聊,"近地铁
新上
西南
民水民电",360.0,40449
南山,华侨城,新天鹅堡三期,3.0,2.0,123.0,1700,138211,609.0,新天鹅堡三期，高层景观好 大阳台3房 急卖 议价空间大,"近地铁
新上
西南
民水民电",1530.0,124390
罗湖,莲塘,四季御园（新世界四季御园）,3.0,2.0,89.0,580,65168,340.0,新世界四季御园，精装三房朝南向诚意出售看房方便,"近地铁
新上
东南
民水民电",522.0,58651
龙华,龙华中心,丰润花园,3.0,2.0,89.96,360,40017,,新上房源，端头户，采光好，满五唯1红本在手，看上可谈,"新上
南
民水民电
精装修",324.0,36015
罗湖,翠竹,翠竹苑,2.0,2.0,56.67,298,52585,326.0,A类住宅，带翠竹小斈，地铁口，翠竹苑朝南精装2居售，看房方便,"近地铁
新上
南
民水民电",268.2,47326
罗湖,布心,崇德雍翠华府,2.0,2.0,68.0,320,47058,488.0,水贝珠宝商圈小区，高层两房视野开阔，满五年费用少,"近地铁
新上
南
民水民电",288.0,42352
罗湖,翠竹,翠拥华庭,2.0,2.0,73.43,380,51749,477.0,翠竹路翠拥华庭，背靠翠竹山，双地铁口，近医院大型商场,"近地铁
新上
东
民水民电",342.0,46574
宝安,碧海,前城滨海花园,3.0,2.0,89.4,688,76957,115.0,宏发前城 精装三房两卫 满五年 红本在手 诚心出售,"近地铁
新上
西北
民水民电",619.2,69261
龙华,龙华中心,锦绣江南（三期）,4.0,2.0,136.64,680,49765,,锦绣江南电梯房满五年户型方正精装修诚心出售,"新上
南北通
民水民电
电梯房",612.0,44788
罗湖,布心,崇德雍翠华府,2.0,2.0,68.06,280,41140,488.0,雍翠华府 全新装修 南向两房 满五年 近地铁近公园 诚心出售,"近地铁
新上
南
民水民电",252.0,37026
福田,上下沙,金域蓝湾,5.0,2.0,213.11,1900,89155,722.0,万科金域蓝湾，高区，无遮挡深圳湾海景，看房方便,"近地铁
新上
西南
民水民电",1710.0,80240
罗湖,洪湖,鹏大厦,1.0,,25.41,320,125934,248.0,洪湖地铁口翠竹深中次新楼鹏大厦万科物业精装一房朝南看洪湖公园,"近地铁
新上
南
民水民电",288.0,113341
宝安,宝安中心区,金泓凯旋城,4.0,2.0,155.5,1280,82315,352.0,精装修大4房，业主诚心卖房,"近地铁
新上
西南
民水民电",1152.0,74084
福田,香蜜湖,东海花园（二期福禄居),4.0,2.0,170.0,2260,132941,286.0,东海花园大花园社区，品质4房，香蜜湖核心资产，业主诚心卖,"近地铁
新上
南
民水民电",2034.0,119647
南山,前海,鼎太风华（六期）,1.0,1.0,47.41,370,78042,582.0,鼎太风华社区书包房，阳台客厅出看花园，精装修拎包入住，价可谈,"近地铁
新上
西北
民水民电",333.0,70238
盐田,沙头角,倚山花园（三期）,2.0,2.0,89.0,550,61797,632.0,大花园 停车位充足 3房临地铁,"近地铁
新上
西南
民水民电",495.0,55617
罗湖,黄贝岭,新天地名居,2.0,1.0,52.66,300,56969,356.0,新天地高层精装二房户型方正采光好 满五唯一性价比高 楼下地铁,"近地铁
新上
北
民水民电",270.0,51272
盐田,沙头角,东埔海景花园（二期）,4.0,2.0,119.0,638,53613,723.0,海岸线首排，大花园社区，电梯小高层，东南向，精装四房,"近地铁
新上
南
民水民电",574.2,48252
宝安,宝安中心区,丽晶国际,3.0,2.0,92.23,700,75897,324.0,壹方城旁双地铁口丽晶国际三房高性价比满五年业主诚意出售,"近地铁
新上
东北
民水民电",630.0,68307
福田,皇岗口岸,皇御苑五期,2.0,2.0,72.74,600,82485,92.0,河套开发区精装大两房红本在手满五年南向采光好,"近地铁
新上
东
民水民电",540.0,74236
福田,皇岗口岸,皇御苑五期,2.0,1.0,74.77,550,73558,92.0,廊桥花园精装两房红本在手满五年地铁口,"近地铁
新上
北
民水民电",495.0,66202
福田,皇岗口岸,皇御苑五期,4.0,2.0,123.22,880,71416,92.0,皇御苑五期，精装修复式4房，高层，采光好，诚心出售，近地铁口,"近地铁
新上
东
民水民电",792.0,64274
宝安,宝安中心区,花样年花乡,2.0,,52.0,450,86538,564.0,花样年花园.周边配套齐全.户型方正实用.住家氛围好.急卖,"近地铁
新上
民水民电
电梯房",405.0,77884
盐田,梅沙,万科东海岸二期(齐山居),3.0,2.0,144.01,398,27636,,万科东海岸，安静大3房，满五年，小高层使用率高,"南北通
民水民电
电梯房
拎包入住",358.2,24872
龙岗,坂田,四季花城(一期北区),3.0,2.0,108.0,520,48148,315.0,坂田 四季花城大型社区 南向 中低楼层 近地铁诚售,"近地铁
新上
东
民水民电",468.0,43333
福田,上下沙,花好园,1.0,1.0,39.81,240,60286,249.0,花好园看花园安静一房一厅 客厅出阳台，满五年,"近地铁
新上
北
民水民电",216.0,54257
宝安,新安,丽景城,2.0,2.0,71.67,365,50927,42.0,丽景城，71平方2房2厅，出门地铁口，总价低，适合刚需,"近地铁
新上
南
民水民电",328.5,45834
罗湖,翠竹,泊林花园,3.0,2.0,85.7,638,74445,334.0,精装三房东南向随时看房采光通风佳满五费用少,"近地铁
新上
东南
民水民电",574.2,67000
罗湖,布心,松泉公寓,3.0,1.0,63.59,280,44032,520.0,翠园东晓、水贝商圈、税费少、配套完善,"近地铁
南
民水民电
精装修",252.0,39629
福田,梅林,梅林一村,4.0,2.0,118.15,858,72619,382.0,近福田农批  梅林一村十二区凤凰层精装118平四房两卫急售,"近地铁
新上
西北
民水民电",772.2,65357
盐田,沙头角,倚山花园（三期）,3.0,2.0,87.81,450,51247,632.0,业主诚心出售，价格便宜，适合家庭居住,"近地铁
新上
东南
民水民电",405.0,46122
罗湖,翠竹,龙丽园,2.0,1.0,70.0,498,71142,453.0,罗湖田贝珠宝商圈，精装修住家2房出售,"近地铁
新上
南
民水民电",448.2,64028
宝安,西乡,招商果岭,2.0,2.0,76.52,470,61421,,全面满足业主生活需求,"新上
北
民水民电
电梯房",423.0,55279
罗湖,百仕达,君逸华府,1.0,1.0,44.93,320,71221,541.0,钥匙在手全新装修,"近地铁
新上
南
民水民电",288.0,64099
宝安,碧海,康达尔山海上园(二期),5.0,2.0,217.36,1300,59808,,康达尔山海上城，217平方5房2厅，赠送面积较多，拓展空间高,"新上
南北通
民水民电
电梯房",1170.0,53827
龙岗,龙岗中心城,满京华喜悦里,3.0,2.0,61.0,240,39344,350.0,满京华靓房业主诚心出售,"近地铁
东
民水民电
电梯房",216.0,35410
龙岗,布吉,桂芳园（五期）,3.0,2.0,92.23,335,36322,492.0,3号线大芬地儿口大型社区精装修三房配套沃尔玛商超小区自带幼儿,"近地铁
新上
东北
民水民电",301.5,32690
龙岗,龙岗中心城,天健花园,2.0,2.0,74.5,260,34899,386.0,天健花园，业主非常诚心出售，价格空间大，可谈，龙城毕业,"近地铁
新上
南
民水民电",234.0,31409
福田,香蜜湖,浩铭财富广场,1.0,1.0,53.0,570,107547,178.0,身外小+深高南嘴强书包房，总价低,"近地铁
新上
南
民水民电",513.0,96792
南山,前海,诺德假日花园,2.0,1.0,48.1,415,86278,435.0,诺德假日花园 大园林 好地段 近公园 门口商业 随时看房,"近地铁
新上
西南
民水民电",373.5,77650
南山,华侨城,香山美墅果岭,4.0,2.0,177.0,2649,149661,,香山美墅次新房，满五年税费少价格可以谈,"新上
西南
民水民电
电梯房",2384.1,134695
盐田,沙头角,倚山花园（三期）,3.0,2.0,87.5,360,41142,632.0,新世界（倚山花园三期）87平3房2厅 东南朝向 大花园社区！,"近地铁
新上
南
民水民电",324.0,37028
南山,蛇口,南海玫瑰园（一期）,2.0,2.0,80.0,758,94750,446.0,南海玫瑰园一期 高层 2房 看海景 诚心卖,"近地铁
新上
南
民水民电",682.2,85275
南山,蛇口,半山海景.兰溪谷二期,1.0,2.0,71.12,700,98425,547.0,高层看海上世界海景，地铁口,"近地铁
南
民水民电
电梯房",630.0,88582
罗湖,人民南,冠懋金色都汇（金色都汇）,1.0,1.0,45.0,228,50666,121.0,金色都汇 朝南一房 业主急卖 看房方便,"近地铁
新上
南
民水民电",205.2,45599
罗湖,人民南,新银座华庭,2.0,1.0,56.0,269,48035,128.0,罗湖口岸朝南两房业主急急急售 双地铁,"近地铁
新上
南
民水民电",242.1,43232
南山,华侨城,锦绣花园二期,6.0,3.0,325.51,3500,107523,399.0,"顶楼大复式 锦绣花园精装特价房,业主急卖，看房方便","近地铁
新上
东南
民水民电",3150.0,96771
罗湖,洪湖,鹏大厦,1.0,,28.27,310,109656,248.0,翠竹深中次新楼盘鹏大厦精装修一房户型方正万科物业洪湖地铁D口,"近地铁
新上
西
民水民电",279.0,98690
罗湖,洪湖,鹏大厦,1.0,,30.31,340,112174,248.0,翠竹深圳次新楼盘鹏大厦精装一房厅出阳台洪湖地铁口近水贝图书馆,"近地铁
新上
东
民水民电",306.0,100957
福田,香蜜湖,东海花园（一期）,3.0,2.0,136.0,2000,147058,464.0,东海花园一期，新上三房，可改四房，户型实用，价格空间大,"近地铁
新上
南
民水民电",1800.0,132352
宝安,新安,丽景城,3.0,2.0,111.8,780,69767,42.0,3房户型 户型方正 使用率高 费用少 近地铁 价格可谈,"近地铁
新上
东
民水民电",702.0,62790
宝安,宝安中心区,天悦龙庭（二期）,5.0,2.0,275.5,2250,81669,308.0,宝中壹方城对面  近前海  改善优选  地段超好  欢迎咨询,"近地铁
新上
南
民水民电",2025.0,73502
罗湖,莲塘,东方.尊峪花园,2.0,2.0,92.0,490,53260,832.0,东方尊峪山景两房，高楼层视野开阔，带大阳台，车位充足,"近地铁
新上
南
民水民电",441.0,47934
福田,香蜜湖,东海国际公寓,3.0,2.0,243.87,2000,82010,409.0,东海国际公寓海景大平层业主亏1500个出,"近地铁
新上
西南
民水民电",1800.0,73809
福田,香蜜湖,东海国际公寓,3.0,2.0,243.87,2000,82010,409.0,亚洲十大豪宅东海国际公寓业主忍痛抛售,"近地铁
新上
西南
民水民电",1800.0,73809
福田,上下沙,蓝湾半岛,3.0,2.0,104.0,758,72884,424.0,红本，红树林生态公园旁，业主急售，价格可谈,"近地铁
新上
南
民水民电",682.2,65596
罗湖,翠竹,泊林花园,2.0,2.0,65.6,420,64024,334.0,过渡的二房 还价就卖,"近地铁
新上
北
民水民电",378.0,57622
宝安,碧海,碧海富通城（二期）,3.0,2.0,98.67,800,81078,743.0,富通城二期大三房，满五年红本，随时看,"近地铁
新上
东北
民水民电",720.0,72970
罗湖,莲塘,金色年华家园,5.0,2.0,127.47,1480,116105,490.0,三层复式大五房，实用320平米，带70平私家花园，配套很齐全,"近地铁
新上
东北
民水民电",1332.0,104494
宝安,宝安中心区,西城上筑花园,3.0,2.0,107.38,900,83814,470.0,西城上筑三房户型方正实用,"近地铁
新上
东
民水民电",810.0,75433
盐田,沙头角,君临海域（一期）,5.0,2.0,243.89,1200,49202,418.0,精装修大平层 电梯入户,"近地铁
新上
东南
民水民电",1080.0,44282
罗湖,翠竹,鹏城合正星园,2.0,2.0,73.48,600,81654,420.0,合正 深中 电梯 精装2套相连 一套两房 一套3房可打包卖,"近地铁
新上
北
民水民电",540.0,73489
福田,香蜜湖,翠海花园（二期）,3.0,2.0,108.0,1650,152777,94.0,翠海花园二期 豪华装3房诚意出售，一直自己住,"近地铁
新上
南
民水民电",1485.0,137499
宝安,桃源居,桃源居十四区,9.0,2.0,147.9,1000,67613,260.0,送大花园地铁口复试买一层得两层，做烧烤很好，视野非常好,"近地铁
南
民水民电
电梯房",900.0,60852
宝安,新安,流塘阳光花园,2.0,2.0,62.54,375,59961,301.0,流塘阳光花园，62平方2房2厅，次新房，小区车位充足，高赠送,"近地铁
新上
东南
民水民电",337.5,53965
宝安,宝安中心区,鸿荣源尚都,4.0,2.0,156.0,1450,92948,513.0,宝体旁，4+1房，送露台，看花园，中高楼层，业主换房诚意出售,"近地铁
新上
东南
民水民电",1305.0,83653
宝安,桃源居,桃源居六区,3.0,2.0,135.0,840,62222,837.0,复式，135平方3房2厅，桃源居六区，高楼层，看花园中间,"近地铁
新上
南
民水民电",756.0,56000
罗湖,百仕达,百仕达花园二期,3.0,2.0,113.91,620,54428,436.0,南北通 小高层带电梯 诚意售价格可谈！ 看房方便,"近地铁
新上
东南
民水民电",558.0,48985
南山,前海,星海名城（二期）,3.0,2.0,98.39,668,67893,754.0,近地铁花园大社区户型方正实用视野开阔采光通风,"近地铁
新上
东南
民水民电",601.2,61104
福田,上下沙,金域蓝湾,3.0,2.0,111.87,898,80271,722.0,万科金域蓝湾，黄金楼层，看海景，看花园，采光好，视野开阔,"近地铁
新上
东南
民水民电",808.2,72244
宝安,宝安中心区,金泓凯旋城,3.0,2.0,115.0,860,74782,352.0,金泓凯旋城是宝中的一座大型人文新城，位于宝安新中/心区门户地,"近地铁
新上
东北
民水民电",774.0,67304
宝安,碧海,前城滨海花园,4.0,2.0,150.0,1600,106666,115.0,碧海笋盘丨宏发前城丨业主急售丨全明格局丨动静分区丨使用率高,"近地铁
新上
西南
民水民电",1440.0,95999
罗湖,翠竹,翠华花园,4.0,2.0,126.0,785,62301,253.0,翠竹和翠园翠华花园，业主急卖，谈价空间大，配套齐全，租金高,"近地铁
西南
民水民电
拎包入住",706.5,56071
龙岗,布吉,信义金御半山（三期信义荔景御园）,4.0,2.0,89.0,680,76404,525.0,双阳台南北通透次新四房,"近地铁
新上
南
民水民电",612.0,68764
宝安,桃源居,桃源居十六区,4.0,2.0,120.0,560,46666,543.0,桃源居精装南北通透四房，满五年唯1，户型方正，采光好，安静,"近地铁
新上
南
民水民电",504.0,41999
盐田,沙头角,君临海域（一期）,2.0,2.0,66.59,180,27031,418.0,君临海域，花园大，小区安静，看房方便,"近地铁
东南
民水民电
电梯房",162.0,24328
罗湖,布心,翡翠园山湖居二期,3.0,2.0,82.36,398,48324,516.0,新上好房诚售，价格有惊喜，畔山物业安静舒适,"近地铁
新上
北
民水民电",358.2,43492
盐田,盐田港,金港盛世华庭,2.0,2.0,59.52,220,36962,969.0,金港盛世华府，满5年，南向，正地铁口物业。,"近地铁
新上
南
民水民电",198.0,33266
宝安,宝安中心区,熙龙湾（二期）,5.0,2.0,191.12,3380,176852,347.0,熙龙湾二期3栋海景大平层，没有阶梯，双6米挑高已隔好两层,"近地铁
新上
南
民水民电",3042.0,159167
罗湖,百仕达,旭飞华达园,2.0,1.0,56.92,215,37772,510.0,旭飞华达园朝南户型方正两房业主急售价格便宜满五唯一,"近地铁
新上
南
民水民电",193.5,33995
罗湖,人民南,双城世纪大厦,1.0,1.0,48.0,210,43750,256.0,双城世纪大厦，户型方正，地铁口物业，满五年，高层视野好,"近地铁
新上
东
民水民电",189.0,39375
龙岗,布吉,信义假日名城(五期A逸翠园),3.0,2.0,87.61,410,46798,714.0,公园里的家诚心卖的三房,"近地铁
新上
西
民水民电",369.0,42118
罗湖,莲塘,四季御园（新世界四季御园）,2.0,2.0,68.29,370,54180,340.0,无缝对接莲塘口岸，交通方便，精装两房，满五年税低拎包住，诚售,"近地铁
新上
南
民水民电",333.0,48762
南山,深圳湾,太古城花园（南区）,3.0,2.0,70.43,960,136305,163.0,客厅出阳台高区事业景观开阔满5年业主急售,"近地铁
西南
民水民电
电梯房",864.0,122674
宝安,新安,新安湖花园（一期）,2.0,1.0,69.4,330,47550,502.0,12号线新安公园站，新安湖花园，3房急卖,"近地铁
新上
南
民水民电",297.0,42795
福田,福田口岸,金地名津,3.0,2.0,95.0,650,68421,353.0,双口岸双地铁贺涛核心资产南北通透住家舒适,"近地铁
新上
南
民水民电",585.0,61579
宝安,碧海,广兴源圣拿威,5.0,2.0,178.34,1650,92519,812.0,广兴源圣拿威花园.园林风格独特漂亮.住宅品质好.户型方正,"近地铁
新上
南
民水民电",1485.0,83267
宝安,宝安中心区,幸福海岸（一期）,3.0,2.0,109.0,1000,91743,231.0,宝中地铁口幸福海岸花园三房二卫东南向,"近地铁
新上
南北通
民水民电",900.0,82569
宝安,西乡,金港华庭,4.0,2.0,118.54,650,54833,710.0,金港华庭花园.户型方正实用.周边配套较丰富.交通较便利.急卖,"近地铁
新上
西南
民水民电",585.0,49350
南山,蛇口,半岛城邦花园一期,2.0,2.0,86.0,1200,139534,653.0,半岛城邦花园一期 高层 2房 视野开阔 诚心卖,"近地铁
新上
东北
民水民电",1080.0,125581
宝安,桃源居,桃源居六区,4.0,2.0,134.36,750,55820,837.0,桃源居首府电梯高楼层四房，南北通透，客厅朝南看泳池花园，安静,"近地铁
新上
南
民水民电",675.0,50238
宝安,宝安中心区,壹方中心·玖誉(三期),4.0,2.0,147.83,2150,145437,250.0,壹方玖誉花园.周边配套齐全.前海首席旗舰豪宅.户型方正.急卖,"近地铁
新上
东南
民水民电",1935.0,130893
福田,景田,缔梦园（三期TT国际公寓),1.0,1.0,42.81,285,66573,170.0,朋友物业委托，双地铁口，双阳台户型可改2房，性价比高,"近地铁
新上
北
民水民电",256.5,59916
罗湖,黄贝岭,金城华庭,2.0,1.0,50.67,310,61180,528.0,格局方正两房，满5年，螺岭锁定4年级，带租约出售，诚心卖！,"近地铁
南北通
民水民电
电梯房",279.0,55062
南山,华侨城,天鹅堡二期,4.0,2.0,203.14,2600,127990,,天鹅堡二期大四房精装保养好，看房方便，价格好谈,"新上
西
民水民电
电梯房",2340.0,115191
南山,科技园,华润城润府三期,1.0,1.0,40.0,350,87500,706.0,住宅公寓出售，商业配套设施齐全,"近地铁
新上
东北
民水民电",315.0,78750
福田,上下沙,蓝湾半岛,3.0,2.0,130.0,1280,98461,424.0,业主出国急售，看中可谈价,"近地铁
西南
民水民电
电梯房",1152.0,88615
福田,香蜜湖,宝能公馆V-House,2.0,2.0,96.19,800,83168,497.0,香蜜湖次新房高层看海景诚心放卖,"近地铁
新上
南
民水民电",720.0,74851
龙岗,龙岗中心城,天誉国际公馆,3.0,2.0,155.0,359,23161,440.0,万科天誉 地铁口物业 三馆一城旁 楼下即是商业 配套完善,"近地铁
新上
西北
民水民电",323.1,20845
罗湖,人民南,新银座华庭,1.0,,24.0,115,47916,128.0,精装小户型新银座华庭红本在手满5年急售价格可谈,"近地铁
新上
东
民水民电",103.5,43124
宝安,碧海,碧海富通城（五期）,3.0,2.0,87.66,598,68218,725.0,富通城五期中间栋安静南向看花园,"近地铁
新上
东
民水民电",538.2,61396
福田,梅林,梅林一村,4.0,2.0,143.66,1450,100932,382.0,梅林一村多层方厅顶复带大露台,"近地铁
新上
南
民水民电",1305.0,90839
南山,西丽,桃源村（二期）,3.0,2.0,91.58,498,54378,141.0,桃源村 精装三房 满五免个税 看花园安静 价格可商量,"近地铁
新上
东北
民水民电",448.2,48940
罗湖,黄贝岭,新天地名居,4.0,2.0,113.0,650,57522,356.0,东南向大三房，格局方正实用，通风采光好，满五年，居家舒适！,"近地铁
新上
东南
民水民电",585.0,51770
福田,梅林,嘉鑫阳光雅居,3.0,2.0,85.0,688,80941,553.0,"嘉鑫阳光雅居 环境优美宁静享受大自然,，车位充足，人车分流","近地铁
新上
南
民水民电",619.2,72847
龙岗,龙岗中心城,公园大地花园,3.0,2.0,121.65,738,60665,953.0,公园大地 一梯两户 小高层 南北通透 满五年 业主诚心出售,"近地铁
新上
南北通
民水民电",664.2,54598
盐田,梅沙,万科东海岸二期(齐山居),4.0,2.0,144.0,450,31250,,万科东海岸二期，新上精装大四房,"西南
民水民电
电梯房
拎包入住",405.0,28125
南山,华侨城,香山美墅云邸,4.0,2.0,187.0,2550,136363,,香山云邸安静大四房满五年价格可以谈,"新上
西北
民水民电
电梯房",2295.0,122727
宝安,桃源居,桃源居十一区,3.0,2.0,109.52,550,50219,461.0,桃源居精装三房，南北看花园，双阳台，采光好，通透，住家好房子,"近地铁
新上
南
民水民电",495.0,45197
福田,上下沙,金域蓝湾,4.0,2.0,175.25,1580,90156,722.0,万科金域蓝湾，高区，无遮挡深圳湾海景，烟花房,"近地铁
新上
南北通
民水民电",1422.0,81140
龙岗,龙岗中心城,万科天誉花园（二期）,3.0,2.0,89.0,390,43820,372.0,价可谈好房 2017年次新小区，楼下就是万科商业，随时可看,"近地铁
新上
南北通
民水民电",351.0,39438
福田,景田,缔梦园（二期景城府),2.0,2.0,82.5,699,84727,216.0,小高层带电梯，花园社区，南北通大二房，安静，业主诚心售,"近地铁
新上
南
民水民电",629.1,76254
坪山,坪山中心区,天峦湖花园,3.0,2.0,88.0,260,29545,,随时看房，业主诚心出售，朝南，居住舒适,"新上
南
民水民电
精装修",234.0,26590
盐田,盐田港,中海半山溪谷花园,3.0,2.0,90.3,290,32115,829.0,中海半山溪谷90平3房2厅1卫电梯小高层90平3房2厅1卫,"近地铁
新上
南
民水民电",261.0,28904
南山,蛇口,海上世界双玺花园二期,3.0,2.0,206.0,3000,145631,830.0,高层，看海，降价出售，实用，赠送，06户型，总价低，随时看,"近地铁
新上
西北
民水民电",2700.0,131068
南山,前海,诺德假日花园,2.0,2.0,48.62,398,81859,435.0,"臻选名宅, 开启尊享生活新篇章","近地铁
新上
南
民水民电",358.2,73673
福田,香蜜湖,宝能城市公馆（一、二期）,4.0,2.0,135.0,1800,133333,501.0,新上房源宝能公馆，实用高住家舒适，业主置换诚心出售,"近地铁
新上
西北
民水民电",1620.0,120000
南山,科技园,名家富居,4.0,2.0,121.0,1000,82644,397.0,看小区园林景观 名家富居 方正大3房 业主自住 置换急售,"近地铁
新上
东北
民水民电",900.0,74380
盐田,沙头角,君临海域（一期）,4.0,2.0,244.0,850,34836,418.0,君临海域小区，价格可谈，配套齐全，交通便利,"近地铁
南北通
民水民电
电梯房",765.0,31352
南山,华侨城,世纪村4期,4.0,2.0,186.0,1500,80645,731.0,世纪村四期，三房，装修保养好，拎包入住,"近地铁
新上
西南
民水民电",1350.0,72580
龙岗,龙岗中心城,保利上城,5.0,2.0,167.64,850,50703,835.0,深中龙外书包有效，双阳台南北通，大五房，近地铁，业主诚心出售,"近地铁
新上
东西通
民水民电",765.0,45633
罗湖,莲塘,鹏兴花园（五期）,3.0,2.0,80.3,440,54794,632.0,鹏兴花园五期，全新精装，三房二厅，高楼层，景观好，南北通,"近地铁
新上
南
民水民电",396.0,49315
福田,上下沙,京基滨河时代广场,2.0,2.0,58.85,380,64570,479.0,京基两房总价便宜，好租9号线地铁口,"近地铁
新上
东北
民水民电",342.0,58113
罗湖,黄贝岭,新天地名居,2.0,1.0,53.05,350,65975,356.0,新天地名居花园社区地铁口物业红本在手满5年急售,"近地铁
新上
东北
民水民电",315.0,59378
宝安,新安,君成雍和园,1.0,1.0,54.56,368,67448,83.0,宝中小户型急售，看房方便,"近地铁
新上
东
民水民电",331.2,60703
南山,深圳湾,太古城花园（南区）,2.0,1.0,59.15,700,118343,163.0,豪华装修一房一大房一大厅。业主亏本诚意出售，地铁口物业,"近地铁
新上
西南
民水民电",630.0,106509
宝安,宝安中心区,深业新岸线（一期）,3.0,2.0,122.44,1050,85756,326.0,深业新岸线三房二卫东南向,"近地铁
新上
西南
民水民电",945.0,77180
福田,红树湾,中信红树湾花城南区,3.0,2.0,145.0,2300,158620,467.0,中信红树湾145平的3房南北通拎包入住,"近地铁
新上
南
民水民电",2070.0,142758
龙岗,龙岗中心城,万科清林径,4.0,2.0,124.8,410,32852,,万科清林径三期双拼户型，一手业主，户型方正，看人工湖，景观优,"新上
南北通
民水民电
精装修",369.0,29567
宝安,宝安中心区,熙龙湾（一期）,7.0,3.0,254.43,4800,188656,327.0,欢乐港湾对面，海景大复式,"近地铁
新上
南北通
民水民电",4320.0,169790
罗湖,人民南,新银座华庭,2.0,1.0,56.0,268,47857,128.0,新银座高层朝南 业主急急急售拎包入住 双地铁,"近地铁
新上
南
民水民电",241.2,43071
盐田,沙头角,蓝郡广场,5.0,3.0,218.63,2300,105200,607.0,蓝郡豪宅，复试5房，使用350平，私家电梯，装修非常好,"近地铁
东
民水民电
电梯房",2070.0,94680
罗湖,布心,松泉公寓,2.0,2.0,77.2,360,46632,520.0,地铁口物业松泉公寓两房安静不吵,"近地铁
新上
南
民水民电",324.0,41969
龙岗,龙岗中心城,公园大地花园,5.0,3.0,166.47,1180,70883,953.0,公园大地花园中间168平实用300平装修保养好安静诚心卖,"近地铁
南北通
民水民电
拎包入住",1062.0,63795
龙岗,平湖,佳兆业可园（二期）,3.0,2.0,97.13,380,39122,697.0,可园3十1房带大阳台，满五年惟一，电梯高楼层看花园，近地铁,"近地铁
新上
东北
民水民电",342.0,35210
南山,华侨城,纯水岸十五期,6.0,3.0,292.0,3950,135273,,纯水岸十五期精装大六房  南北通透，议价空间大！,"新上
南
民水民电
电梯房",3555.0,121746
盐田,沙头角,君临海域（二期）,4.0,2.0,159.68,750,46968,395.0,君临海域小区，价格可谈，配套齐全，交通便利,"近地铁
南
民水民电
电梯房",675.0,42271
罗湖,百仕达,君逸华府,1.0,1.0,45.72,300,65616,541.0,新上架！！！翠园东晓   朝东南向   满五年   红本在手,"近地铁
新上
南
民水民电",270.0,59054
福田,福田中心区,彩福大厦,2.0,2.0,76.53,420,54880,98.0,地铁口2房76平户型方正实用采光好正看卓悦商超居家首选,"近地铁
新上
西北
民水民电",378.0,49392
罗湖,人民南,新银座华庭,2.0,1.0,48.0,258,53750,128.0,新银座高层两房一厅 拎包入住 业主急急急售罗湖口岸,"近地铁
东
民水民电
电梯房",232.2,48375
福田,上下沙,京基滨河时代广场,2.0,2.0,60.0,350,58333,479.0,商务公寓，业主急售出售，红本，随时看房，,"近地铁
新上
南
民水民电",315.0,52500
龙岗,布吉,信义金御半山（三期信义荔景御园）,5.0,2.0,142.43,1100,77230,525.0,万象汇楼上，金御半山大平层5房，满五年，新装修，拎包入住，急,"近地铁
南北通
民水民电
电梯房",990.0,69507
南山,西丽,桃源村（三期）,2.0,2.0,72.3,475,65698,508.0,精装高层看山景可做三房,"近地铁
新上
东北
民水民电",427.5,59128
罗湖,黄贝岭,金城华庭,1.0,1.0,36.43,230,63134,528.0,螺岭学房红本在手满5年急售价格可谈,"近地铁
新上
东南
民水民电",207.0,56821
南山,南头,麒麟花园（三期）,1.0,2.0,54.88,490,89285,678.0,可改2房 麒麟三期 高层 原始大一房 业主诚心出售 有匙即看,"近地铁
新上
南
民水民电",441.0,80356
龙岗,龙岗中心城,紫薇花园,3.0,2.0,116.0,398,34310,,紫薇花园一梯二户电梯小高层南北通透看上嫁格可大讲,"近地铁
南北通
民水民电",358.2,30879
罗湖,莲塘,梧桐山新居（二期）,2.0,2.0,59.0,422,71525,448.0,梧桐山新居二期精美房源出售，看房方便，价格可谈,"近地铁
南
民水民电
电梯房",379.8,64372
龙岗,龙岗中心城,远洋新干线(晶钻广场),3.0,2.0,48.33,75,15518,542.0,南联地铁口，远洋复式三房，业主急卖，急卖，价格可谈，红本在手,"近地铁
新上
南
民水民电",67.5,13966
南山,前海,泛海拉菲花园（一期）,3.0,2.0,73.42,565,76954,233.0,泛海拉菲非常不错的三房，出门就是地铁口，房子看好价格可以谈,"近地铁
新上
东
民水民电",508.5,69259
福田,上下沙,花好园,1.0,1.0,40.85,230,56303,249.0,花好园一房一厅，红本税费少,"近地铁
新上
西北
民水民电",207.0,50673
罗湖,黄贝岭,凤凰印象,1.0,1.0,41.55,218,52466,381.0,198万急售 总价低 近地铁 带螺岭学..位,"近地铁
新上
东北
民水民电",196.2,47219
罗湖,翠竹,翠竹苑,2.0,1.0,47.0,265,56382,326.0,翠竹苑！翠竹地铁口，翠竹外国语上车盘！低总价！,"近地铁
新上
西北
民水民电",238.5,50744
罗湖,莲塘,梧桐山新居（二期）,3.0,2.0,87.5,435,49714,448.0,东南向大三房，高楼层采光好看山景，满五年红本税少，近地铁方便,"近地铁
新上
东南
民水民电",391.5,44743
宝安,宝安中心区,壹方中心·玖誉(三期),5.0,2.0,173.0,2650,153179,250.0,壹方玖誉项目位于深圳前海自贸区，是前海首席旗舰级综合体。项目,"近地铁
新上
东南
民水民电",2385.0,137861
龙岗,龙岗中心城,保利上城,3.0,2.0,88.0,398,45227,835.0,价格可谈，保利上城，精装三房 保养好，看房方便,"近地铁
新上
南北通
民水民电",358.2,40704
罗湖,莲塘,名骏豪庭,1.0,1.0,43.0,200,46511,703.0,名骏豪庭 精装可拎包入住 南北通透 正规商品房 环境好,"近地铁
新上
南
民水民电",180.0,41860
罗湖,人民南,新银座华庭,3.0,2.0,81.0,390,48148,128.0,罗湖口岸三房 业主急急急售拎包入住 双地铁,"近地铁
新上
北
民水民电",351.0,43333
罗湖,翠竹,鸿业苑,5.0,2.0,195.84,940,47998,267.0,地铁口物业五房南向书包房,"满二年
近地铁
新上
东",846.0,43198
罗湖,黄贝岭,汇鑫花园,3.0,2.0,79.0,450,56962,335.0,汇鑫花园2-5-8地铁交汇处 小区花园社区 价格可以谈,"近地铁
新上
北
民水民电",405.0,51266
福田,香蜜湖,香荔花园,3.0,2.0,85.68,898,104808,102.0,香荔花园南北通透三房业主物业置换诚意出售,"近地铁
新上
南
民水民电",808.2,94327
罗湖,莲塘,四季御园（新世界四季御园）,1.0,1.0,50.0,300,60000,340.0,四季御园，精装一房，诚意出售,"近地铁
新上
北
民水民电",270.0,54000
罗湖,人民南,新银座华庭,2.0,1.0,48.0,220,45833,128.0,新银座两房一厅拎包入住业主急急急罗湖口岸双地铁,"近地铁
新上
南
民水民电",198.0,41250
罗湖,万象城,中海天钻,4.0,2.0,120.65,1200,99461,399.0,带花园，近地铁口（中海天钻）3房，景观漂亮，精装修，拎包入住,"近地铁
新上
南北通
民水民电",1080.0,89515
南山,华侨城,新天鹅堡三期,3.0,2.0,123.0,1698,138048,609.0,新天鹅堡三期，高层海景精装修3房，保养好，地铁口，有商业,"近地铁
新上
东南
民水民电",1528.2,124243
龙岗,布吉,万科红（海轩广场）,4.0,2.0,126.0,700,55555,483.0,万科红大平层朝南采光好看小区,"近地铁
新上
南北通
民水民电",630.0,50000
南山,科技园,华润城润府一期,4.0,2.0,205.0,1850,90243,,润府一期 四房 高尔夫景观 诚意出售。,"新上
东北
民水民电
电梯房",1665.0,81219
龙岗,布吉,佳兆业可园（六期）,2.0,2.0,74.0,350,47297,760.0,可园南区2房电梯中等楼层看花园，满五年惟一，拎包入住近地铁,"近地铁
新上
北
民水民电",315.0,42567
罗湖,翠竹,鸿业苑,3.0,2.0,92.0,600,65217,393.0,名豪居，业主有心卖，530万，配套齐全，租金高,"近地铁
北
民水民电
电梯房",540.0,58695
罗湖,布心,阳光明居,3.0,2.0,92.65,540,58283,459.0,布心阳光明居，花园社区，采光通透，中间楼层，谈价空间大,"近地铁
新上
南
民水民电",486.0,52455
罗湖,新秀,东方都会大厦,1.0,1.0,35.0,165,47142,633.0,急售房源，随时可以看房，降价10万，配套成熟，朝向好,"近地铁
新上
东南
民水民电",148.5,42428
龙岗,龙岗中心城,公园大地花园,4.0,2.0,163.0,1250,76687,953.0,公园大地 客厅出阳台4+1房 高楼层 可拎包入住 满五年少税,"近地铁
新上
民水民电
精装修",1125.0,69018
龙华,民治,春华四季园（二期）,4.0,2.0,74.37,370,49751,661.0,低密大花园社区、6000湖景3000运动场地、标准3房,"近地铁
新上
南
民水民电",333.0,44776
宝安,桃源居,桃源居三区,2.0,2.0,79.8,330,41353,285.0,桃源居大社区电梯房地铁很近书包房户型方正,"近地铁
新上
东
民水民电",297.0,37218
罗湖,翠竹,泊林花园,2.0,2.0,68.16,380,55751,334.0,水贝泊林  精装两房  随时看  业主熟还价即成,"近地铁
新上
西
民水民电",342.0,50176
宝安,新安,新安湖花园（二期）,3.0,2.0,108.0,580,53703,425.0,地铁口，新安湖花园二期，108平方3房，满5年，大花园社区,"近地铁
新上
南
民水民电",522.0,48333
龙岗,平湖,佳兆业可园（二期）,6.0,2.0,120.03,530,44155,697.0,可园四代同堂4十2房，朝南向看花园视野无遮挡，满五年惟一,"近地铁
新上
南
民水民电",477.0,39740
盐田,盐田港,金港盛世华庭,2.0,2.0,59.48,238,40013,969.0,新上好房 精装修 楼下地铁口 满5年 大阳台 原装两房,"近地铁
新上
南
民水民电",214.2,36012
宝安,碧海,碧海富通城（三期）,1.0,,39.43,240,60867,942.0,富通城三期可改一房一厅看花园安静,"近地铁
南
民水民电
电梯房",216.0,54780
福田,福田口岸,港城华庭,4.0,2.0,94.0,540,57446,387.0,双口岸双地铁高层东南向户型方正实用换房急售,"近地铁
新上
东南
民水民电",486.0,51701
宝安,西乡,润恒尚园,3.0,2.0,104.14,730,70097,,润恒尚园，104平方大3房，送入户大花园，价格可议，看房方便,"新上
西北
民水民电
电梯房",657.0,63087
龙岗,葵涌,金众云山栖,5.0,2.0,152.02,1050,69069,,金众云山栖装修花了300个别墅，伶包入住，产权清晰看房方便,"新上
南
民水民电
电梯房",945.0,62162
罗湖,笋岗,嘉宝田花园,3.0,2.0,110.0,650,59090,564.0,嘉宝田花园，精装修四房，交通便利，诚心出售，看房提前预约,"近地铁
新上
北
民水民电",585.0,53181
龙岗,布吉,佳兆业可园（六期）,4.0,2.0,137.76,615,44642,760.0,可园朝南四房满五税少看花园安静急卖,"近地铁
新上
南
民水民电",553.5,40178
罗湖,莲塘,四季御园（新世界四季御园）,3.0,2.0,88.93,510,57348,340.0,四季御园89平精装南向3房诚心出售500万,"近地铁
新上
南
民水民电",459.0,51613
罗湖,百仕达,君逸华府,2.0,2.0,72.31,400,55317,541.0,新上好房，东晓+翠园，百仕达三期花园，中高楼层，业主诚意出售,"近地铁
新上
东南
民水民电",360.0,49785
盐田,梅沙,东部华侨城天麓（三区）,4.0,2.0,230.3,1100,47763,,天麓梦想之家，看海景，低密度小区,"新上
东南
民水民电",990.0,42987
福田,香蜜湖,香榭里花园（二期）,5.0,2.0,138.43,3480,251390,547.0,香榭里花园，户型方正顶复，少有放卖，高使用率，视野景观好,"近地铁
新上
西南
民水民电",3132.0,226251
罗湖,翠竹,金翠园,1.0,1.0,57.33,450,78492,527.0,业主置换 上门挂盘 诚心卖 配套齐全带深中 小区车位充足,"近地铁
新上
东
民水民电",405.0,70643
盐田,盐田港,中海半山溪谷花园,2.0,1.0,74.5,280,37583,829.0,中海半山溪谷精装两房通透户型诚心出售,"近地铁
新上
南北通
民水民电",252.0,33825
南山,华侨城,新天鹅堡三期,3.0,2.0,122.56,1700,138707,609.0,"新天鹅堡三期，特价房 看房方便,价格可谈","近地铁
新上
东南
民水民电",1530.0,124836
罗湖,莲塘,梧桐山新居（一期）,1.0,1.0,43.0,149,34651,448.0,地铁口  南北通透  户型方正  景观好  安静,"近地铁
新上
南
民水民电",134.1,31186
宝安,桃源居,桃源居六区,5.0,2.0,160.14,880,54951,837.0,桃源居精装大五房，满五年红本，两梯两户，南北双阳台，安静,"近地铁
新上
南北通
民水民电",792.0,49456
宝安,碧海,碧海富通城（三期）,2.0,1.0,39.73,200,50339,942.0,低总价精装两房只需一张身份证就可拎包入住,"近地铁
新上
南
民水民电",180.0,45305
宝安,桃源居,桃源居十五区,3.0,2.0,118.6,616,51939,518.0,桃源居户型方正，采光很好高楼层交通方便书包包房,"近地铁
新上
东南
民水民电",554.4,46745
盐田,沙头角,壹海城（二期）,4.0,2.0,185.0,1200,64864,190.0,俯视海湾！海景漂亮！东南朝向！东边端头位！南北通透三面采光！,"近地铁
新上
东南
民水民电",1080.0,58378
龙岗,龙岗中心城,满京华喜悦里,2.0,2.0,60.0,208,34666,350.0,地铁口稀有户型，看八仙岭公园，税费少，随时看房,"近地铁
南
民水民电
电梯房",187.2,31199
龙岗,龙岗中心城,恒裕嘉城花园,4.0,2.0,89.0,245,27528,497.0,地铁口，精装四房，中间楼层，随时可以看房,"近地铁
新上
南北通
民水民电",220.5,24775
南山,蛇口,雍景湾花园,2.0,2.0,82.0,1066,130000,787.0,四海公园旁雍景湾花园大二房户型方正实用,"近地铁
新上
南
民水民电",959.4,117000
南山,科技园南区,阳光带海滨城二期,3.0,2.0,113.9,1380,121158,110.0,阳光带海滨城二期 高层南向安静 满五税少 急卖可大谈,"近地铁
新上
东南
民水民电",1242.0,109042
宝安,桃源居,桃源居世外桃源,3.0,2.0,121.18,510,42086,387.0,桃源居，双地铁口，书包房，旁边商业综合体,"近地铁
新上
东南
民水民电",459.0,37877
南山,深圳湾,太古城花园（北区一期）,6.0,2.0,133.0,2150,161654,202.0,客厅出阳台，双证已经合一，户型实用面积大，满五年红本价格优惠,"近地铁
新上
南
民水民电",1935.0,145489
罗湖,布心,碧岭华庭,3.0,2.0,93.73,460,49077,480.0,碧岭华庭 精装三房 装修保养好 空气好 采光通透 拎包入住,"近地铁
新上
东北
民水民电",414.0,44169
龙岗,坂田,第五园（八期）,3.0,2.0,86.22,480,55671,810.0,万科物业优良，邻里素质高，小区绿化好，容积率低，此房保养好。,"近地铁
新上
南
民水民电",432.0,50104
南山,后海,南粤明珠,3.0,2.0,119.25,930,77987,671.0,好房！南粤明珠119平精装东向大阳台三房周边醇熟配套诚售看约,"近地铁
新上
东
民水民电",837.0,70188
罗湖,人民南,置地广场,1.0,1.0,46.78,235,50235,330.0,置地逸轩，精装一房一厅，业主诚心出售。,"近地铁
新上
北
民水民电",211.5,45212
罗湖,百仕达,百仕达花园一期,3.0,2.0,123.92,738,59554,196.0,朝南看花园，方正实用，地铁口出行方便,"近地铁
新上
南
民水民电",664.2,53599
宝安,宝安中心区,宏发领域,4.0,2.0,129.91,1500,115464,212.0,129平方4房，宏发领域，送大入户花园，赠送面积多，壹方城旁,"近地铁
新上
西南
民水民电",1350.0,103918
罗湖,黄贝岭,新天地名居,2.0,1.0,54.0,285,52777,356.0,新天地名居周边邻近两条地铁线，给出行带来极大的便利。,"近地铁
新上
东北
民水民电",256.5,47499
宝安,沙井,棕榈堡花园,3.0,2.0,77.59,350,45108,,沙井棕榈堡，天虹旁，一套很好的户型，可改三房，使用率很高,"新上
南
民水民电
电梯房",315.0,40597
罗湖,莲塘,四季御园（新世界四季御园）,3.0,2.0,75.89,420,55343,340.0,次新房送30平只交契税、口岸上建下楼即是地铁和商超、业主急卖,"近地铁
南
民水民电
电梯房",378.0,49809
罗湖,莲塘,鹏兴花园（六期）,4.0,2.0,160.22,900,56172,378.0,南北通透，大平层四房，高层采光好，看山景，红本五年免个税,"近地铁
新上
南北通
民水民电",810.0,50555
盐田,沙头角,壹海城（二期）,3.0,2.0,154.9,1050,67785,190.0,万科壹海城二期玺湾，价格可谈，配套齐全，交通便利,"近地铁
新上
东南
民水民电",945.0,61006
罗湖,翠竹,金翠园,3.0,2.0,120.11,1160,96578,527.0,罗湖翠竹 金翠园 深中书包 住家大户型 欢迎看房议价,"近地铁
新上
南
民水民电",1044.0,86920
宝安,碧海,广兴源圣拿威,2.0,2.0,86.0,695,80813,812.0,看海景，全新装修，买来直接拎包入住。,"近地铁
新上
南
民水民电",625.5,72732
宝安,沙井,鸿荣源禧园,3.0,2.0,97.74,480,49109,480.0,沙井地铁口禧园精装复式3房高楼层满五年,"近地铁
新上
西北
民水民电",432.0,44198
宝安,新安,中洲华府（一期）,4.0,2.0,157.62,1350,85649,493.0,宝中书包房，中洲华府高层大四房，视野开阔，看房方便,"近地铁
新上
东北
民水民电",1215.0,77084
盐田,沙头角,倚山花园（三期）,2.0,2.0,89.48,460,51408,632.0,倚山花园三期，万科物业，精装3房，低于成本价出售，看房方便,"近地铁
西南
民水民电
电梯房",414.0,46267
宝安,沙井,拾悦城,5.0,4.0,181.77,800,44011,410.0,拾悦里顶楼大户型，楼顶带自家大露台，这样的房子一房难求,"近地铁
新上
南
民水民电",720.0,39610
龙岗,布吉,佳兆业可园（七期）,5.0,2.0,93.47,530,56702,758.0,可园南区一楼三层复式，实用250平，满两年，带30平院子,"近地铁
新上
北
民水民电",477.0,51032
南山,科技园,华润城润府一期,3.0,2.0,89.17,1600,179432,,豪华装修，业主诚意卖，价格好谈，看整个沙河高尔夫景观,"近地铁
新上
西南
民水民电",1440.0,161489
南山,西丽,宝能城花园,4.0,2.0,89.0,900,101123,207.0,宝能城G座89平4房业主报价900万可谈,"近地铁
新上
南北通
民水民电",810.0,91011
盐田,沙头角,倚山花园（三期）,2.0,2.0,80.71,300,37170,632.0,倚山花园三期，厅出阳台，2房，户型方正，精装修，诚意出售,"近地铁
新上
西北
民水民电",270.0,33453
罗湖,翠竹,怡泰大厦,2.0,1.0,57.44,400,69637,339.0,怡泰全新2房，谈价空间大，儿童洪湖人民翠竹4大公园环绕,"近地铁
新上
南
民水民电",360.0,62673
福田,皇岗口岸,深港一号,2.0,1.0,59.22,360,60790,308.0,河套开发区精装两房业主诚心出售刚需户型,"近地铁
北
民水民电
电梯房",324.0,54711
龙岗,龙岗中心城,保利上城,3.0,2.0,88.18,398,45134,835.0,近地铁，大社区，东南向，三房两卫，满五唯一，诚心出售价格可谈,"近地铁
新上
南
民水民电",358.2,40621
宝安,桃源居,桃源居十四区,3.0,2.0,97.28,430,44202,260.0,桃源居大社区近地铁口南北通透光线很好,"近地铁
新上
南
民水民电",387.0,39782
宝安,宝安中心区,壹方中心·玖誉(三期),5.0,2.0,176.17,2380,135096,250.0,壹方176豪装5房可拎包入住满两年只交契税,"近地铁
新上
东南
民水民电",2142.0,121586
宝安,西乡,合正汇一城,4.0,2.0,115.71,705,60928,66.0,汇一城正规四房天虹楼上西乡地铁口东南向,"近地铁
新上
东
民水民电",634.5,54835
福田,梅林,梅林一村,3.0,2.0,90.0,670,74444,382.0,梅林一村十二区看水景三房诚心出售满五税费少,"近地铁
新上
北
民水民电",603.0,67000
罗湖,百仕达,百仕达花园一期,5.0,2.0,272.07,1800,66159,461.0,业主旅居国外  急售   百怡苑中空复式，南北通透 价格可谈,"近地铁
新上
南北通
民水民电",1620.0,59543
宝安,桃源居,桃源居世外桃源,2.0,2.0,93.05,450,48361,387.0,世外桃源综合楼，93平方2房，地铁口，户型设计合理，布局分明,"近地铁
新上
东南
民水民电",405.0,43525
龙华,民治,春华四季园（二期）,3.0,2.0,95.77,440,45943,661.0,4+1房大花园社区、使用率120、价格笋到地板,"近地铁
新上
南北通
民水民电",396.0,41349
罗湖,新秀,新秀村（北区）,3.0,2.0,85.77,295,34394,303.0,新秀村四房资金周转急售看房方便业主是我老乡,"近地铁
新上
南北通
民水民电",265.5,30955
罗湖,百仕达,百仕达花园一期,5.0,2.0,248.55,1650,66385,461.0,一梯两户小高层带电梯，百仕达一期花园百景苑，看房提前约,"近地铁
南
民水民电
电梯房",1485.0,59746
罗湖,百仕达,华达园公寓,1.0,,27.97,98,35037,522.0,华达园公寓 精装单房 三地铁 三公园 诚心出售 出行方便,"近地铁
东北
民水民电
电梯房",88.2,31533
龙岗,龙岗中心城,公园大地花园,6.0,3.0,174.0,1380,79310,953.0,花园中间实用面积超330平，所见即所得不带走一片云彩急售可谈,"近地铁
新上
南
民水民电",1242.0,71379
龙岗,龙岗中心城,公园大地花园,4.0,2.0,163.0,789,48404,953.0,公园大地看泳池景观 安静 低总价,"近地铁
新上
南
民水民电",710.1,43564
龙岗,坂田,四季花城(七期南区),4.0,2.0,181.99,1235,67860,450.0,四季花城别墅中式风，端户三面花园环绕，带私家车位,"近地铁
新上
南
民水民电",1111.5,61074
龙岗,大运,中海康城花园,3.0,2.0,89.0,298,33483,,大运新城，中海康城，中间楼层，书包有效，价格可谈,"新上
南
民水民电
电梯房",268.2,30135
南山,后海,滨海之窗花园,3.0,2.0,104.0,1280,123076,599.0,户型方正，通风采光好,"近地铁
新上
东北
民水民电",1152.0,110768
罗湖,布心,彩世界家园,1.0,1.0,48.0,175,36458,543.0,直降30万 布心繁华地段彩世界家园精装一房一厅 楼下翠湖公园,"近地铁
新上
东南
民水民电",157.5,32812
罗湖,翠竹,逸翠园,2.0,2.0,74.61,398,53344,578.0,急卖！翡翠星空精装大两居，厅出阳台，户型方正，拎包入住无个税,"近地铁
新上
西北
民水民电",358.2,48010
龙岗,龙岗中心城,万象天成（盛龙花园二期）,1.0,1.0,43.52,120,27573,760.0,万象天成精装一房装修保养好随时看房,"近地铁
新上
北
民水民电",108.0,24816
罗湖,黄贝岭,凤凰印象,1.0,1.0,41.55,240,57761,381.0,螺岭学房次新房红本在手满5年急售价格可谈,"近地铁
新上
东南
民水民电",216.0,51985
罗湖,莲塘,梧桐山新居（二期）,1.0,1.0,24.03,160,66583,448.0,梧桐山脚下的小房，装修不错,"近地铁
新上
东
民水民电",144.0,59925
罗湖,翠竹,金丽豪苑,3.0,2.0,101.0,600,59405,319.0,深中 翠北 地铁双线 珠宝商圈 好房 诚心卖,"近地铁
新上
南
民水民电",540.0,53464
罗湖,布心,淘金山湖景花园二期,3.0,1.0,82.53,580,70277,856.0,新上好房诚售，大花园，停车方便，绿化好居住舒畅,"近地铁
新上
南北通
民水民电",522.0,63249
宝安,宝安中心区,壹方中心·玖誉(二期),4.0,2.0,220.6,3050,138259,250.0,壹方玖誉，精装修，地铁口物业，诚意出售,"近地铁
新上
南北通
民水民电",2745.0,124433
罗湖,翠竹,泊林花园,2.0,2.0,46.65,270,57877,334.0,泊林花园一房一厅低价出售，近金座银座，近水贝珠宝园,"近地铁
新上
北
民水民电",243.0,52089
福田,红树湾,红树西岸,3.0,2.0,266.88,8500,318495,446.0,"红树西岸,业主诚心卖 高层景观好！安静精装特价房","近地铁
南
民水民电
电梯房",7650.0,286646
龙岗,龙岗中心城,公园大地花园,4.0,2.0,125.0,629,50320,953.0,满五税少，公园大地精装4房，南北通透采光通风好，高赠送，拎包,"近地铁
新上
东
民水民电",566.1,45288
罗湖,百仕达,旭飞华达园,1.0,,22.0,98,44545,510.0,旭飞华达园户型方正一房近地铁楼下大型商超总价低,"近地铁
新上
西北
民水民电",88.2,40090
龙岗,龙岗中心城,满京华喜悦里,3.0,2.0,80.0,280,35000,350.0,南联地铁口，喜悦里三房急售，朝南，大阳台，看山景,"近地铁
新上
南
民水民电",252.0,31500
龙岗,龙岗中心城,公园大地花园,5.0,3.0,197.0,1380,70050,953.0,公园大地 新上山景房源 百万装修可拎包入住 满五年 价格可谈,"近地铁
新上
南
民水民电",1242.0,63045
龙岗,龙岗中心城,万科时代广场（一期）,2.0,1.0,68.0,188,27647,298.0,新出好房万科时代V寓67平标准两房精装修视野开阔景观好,"近地铁
新上
南
民水民电",169.2,24882
宝安,西乡,领航城领丽花园,3.0,2.0,89.6,530,59151,700.0,清爽南北通三房，楼层好，近公园地铁口，价格好商量,"近地铁
南北通
民水民电
电梯房",477.0,53236
南山,西丽,宝能城花园,5.0,3.0,253.4,3500,138121,207.0,宝能城东区C座255平5房中间楼层，业主报价3600万可谈。,"近地铁
新上
南北通
民水民电",3150.0,124309
宝安,碧海,广兴源圣拿威,5.0,2.0,178.34,1500,84109,812.0,企鹅岛旁178平，圣拿威，高楼层，看房随时,"近地铁
新上
南
民水民电",1350.0,75698
福田,梅林,梅林一村,3.0,2.0,95.76,710,74143,382.0,梅林一村  多层南向  3房  看房方便,"近地铁
新上
民水民电
精装修",639.0,66729
龙岗,龙岗中心城,保利上城,1.0,1.0,53.0,140,26415,835.0,深中龙外书包有效，，业主诚心出售，价格可以谈,"近地铁
新上
南
民水民电",126.0,23774
罗湖,翠竹,金丽豪苑,2.0,1.0,61.0,490,80327,319.0,金丽 深中 翠北未用 红本70年产权 电梯,"近地铁
新上
西南
民水民电",441.0,72294
盐田,沙头角,蓝郡广场,4.0,2.0,149.0,1250,83892,607.0,蓝郡广场，地铁口，看房方便，百年海景,"近地铁
新上
南北通
民水民电",1125.0,75503
罗湖,翠竹,鸿业苑,5.0,2.0,195.84,950,48508,267.0,鸿业苑大5房 小高层 业主急卖  来电有惊喜,"近地铁
新上
东北
民水民电",855.0,43657
盐田,盐田港,中海半山溪谷花园,2.0,1.0,70.79,180,25427,829.0,山景2房，满5年免个税，地铁口300米距离，花园洋房,"近地铁
新上
西北
民水民电",162.0,22884
南山,华侨城,香山里花园(二期),4.0,2.0,174.61,1680,96214,,香山里花园安静4房 南北通透 满五维一 价格好商量,"新上
南北通
民水民电
电梯房",1512.0,86593
龙岗,龙岗中心城,公园大地花园,4.0,2.0,167.0,1080,64670,953.0,公园大地精装4房 楼层佳 餐客厅双阳台,"近地铁
新上
南
民水民电",972.0,58203
福田,上下沙,蓝湾半岛,3.0,2.0,104.0,900,86538,424.0,通风采光好，有钥匙，看房方便。,"近地铁
新上
南
民水民电",810.0,77884
福田,上下沙,金海湾花园,3.0,2.0,128.0,1200,93750,645.0,经典C户型，三个房和客厅都能看海景,"近地铁
西南
民水民电
电梯房",1080.0,84375
福田,上下沙,京基滨河时代广场,1.0,1.0,41.0,300,73170,479.0,户型方正，南向安静,"近地铁
南
民水民电
电梯房",270.0,65853
福田,上下沙,京基滨河时代广场,1.0,,33.0,255,77272,479.0,套间，酒店式公寓，有烯气，阳台,"近地铁
东北
民水民电
电梯房",229.5,69545
罗湖,翠竹,泊林花园,2.0,2.0,65.6,380,57926,334.0,业主诚心，临近地铁，随时看房，交通便利，采光好,"近地铁
新上
南
民水民电",342.0,52133
龙岗,龙岗中心城,龙园大观花园（二期）,3.0,2.0,95.28,285,29911,,龙园大观  豪装大三房  中间楼层  视野开阔  业主急售,"新上
东西通
民水民电
电梯房",256.5,26920
龙华,龙华中心,锦绣江南（三期）,5.0,2.0,93.33,609,65252,,锦绣江南大三房中间楼层诚心出售,"新上
东南
民水民电
电梯房",548.1,58727
南山,前海,诺德假日花园,4.0,2.0,85.39,800,93687,435.0,诺德假日花园特殊户型赠送面积多三加二户型客厅出阳台相当难得,"近地铁
新上
南
民水民电",720.0,84318
罗湖,翠竹,金丽豪苑,4.0,2.0,114.0,800,70175,319.0,金丽豪苑，深中+翠北未用，诚心卖，价格都好谈！！,"近地铁
新上
南
民水民电",720.0,63158
盐田,梅沙,东部华侨城天麓（三区）,4.0,2.0,219.5,1500,68337,,天麓全海景豪装5房看房方便,"南
民水民电
拎包入住
可上网",1350.0,61503
龙岗,坂田,四季花城(四期北区),3.0,2.0,111.77,480,42945,525.0,坂田 5/10号线双地铁 四季花城 一楼带花园 位置安静,"近地铁
新上
东西通
民水民电",432.0,38650
宝安,桃源居,桃源居十一区,3.0,1.0,75.3,360,47808,461.0,高层婚房装修实用小三房，南北通透方正，电梯拎包入住看房方便,"近地铁
新上
南
民水民电",324.0,43027
罗湖,翠竹,翠竹苑,3.0,2.0,108.2,480,44362,326.0,翠竹性价比非常高的房子，业主急卖,"近地铁
新上
南
民水民电",432.0,39926
坪山,坪山中心区,万科金域缇香（二期）,4.0,2.0,89.0,290,32584,429.0,万科金域缇香经典四房二卫急售，看房方便价格有惊喜,"近地铁
南
民水民电
电梯房",261.0,29326
宝安,桃源居,桃源居十六区,2.0,2.0,65.98,285,43194,543.0,桃源居次新房，精装中层2房，低总价，税费低；拎包入住,"近地铁
新上
南北通
民水民电",256.5,38875
龙岗,龙岗中心城,公园大地花园,4.0,2.0,113.0,618,54690,953.0,业主急售，精装四房，看花园视野开阔,"近地铁
西北
民水民电
精装修",556.2,49221
龙岗,布吉,信义荔山公馆（景和园）,3.0,2.0,88.95,410,46093,527.0,荔山公馆，高楼层朝南向，满五年，精装修3房，户型方正，方便看,"近地铁
东南
民水民电
电梯房",369.0,41484
南山,华侨城,香山美墅果岭,4.0,2.0,197.07,3200,162378,,好房推荐！香山美墅果岭东南向4+1房双套房配套齐全,"东南
民水民电
拎包入住
可上网",2880.0,146140
盐田,盐田港,中海半山溪谷花园,3.0,2.0,89.0,270,30337,829.0,三房格局，厅出阳台，总价便宜,"近地铁
新上
南
民水民电",243.0,27303
南山,前海,星海名城（六期）,5.0,2.0,154.3,1300,84251,829.0,资源丰富，小区内自带三所幼儿园小区内设有两个游泳池,"近地铁
新上
南
民水民电",1170.0,75826
南山,深圳湾,太古城花园（南区）,3.0,2.0,70.47,920,130552,163.0,东南全海景所有房间都可以看海景的好房。业主诚意出售24时看,"近地铁
新上
东南
民水民电",828.0,117497
南山,南油,信和自由广场,2.0,2.0,71.88,438,60934,368.0,朋友的房子，诚心出售，价格可以谈,"近地铁
新上
西北
民水民电",394.2,54841
宝安,新安,君成雍和园,3.0,2.0,88.87,630,70890,83.0,雍和园，稀有带大露台户型出售，自由空间由您掌控，欢迎预约品鉴,"近地铁
新上
南
民水民电",567.0,63801
罗湖,黄贝岭,汇鑫花园,2.0,2.0,64.56,280,43370,335.0,汇鑫花园 近医院 精装可拎包入住 高楼层采光充足 电梯房！,"近地铁
新上
北
民水民电",252.0,39033
罗湖,莲塘,鹏兴花园（三期）,3.0,2.0,106.22,638,60064,252.0,罗湖中芯地带 鹏兴花园三期 106平大三房 南北通  近地铁,"近地铁
南北通
民水民电
拎包入住",574.2,54058
宝安,碧海,康达尔山海上园(二期),3.0,2.0,82.88,500,60328,,近地铁，交通方便，,"新上
南
民水民电
电梯房",450.0,54295
宝安,桃源居,桃源居十六区,2.0,1.0,49.56,220,44390,543.0,桃源居十六区，49平方精装2房2厅，低总价小区房，诚心出售,"近地铁
新上
南
民水民电",198.0,39951
盐田,沙头角,御景翠峰,5.0,2.0,178.94,880,49178,701.0,沙头角地铁口次新房，全山景大平层，南北通5房，业主全新装修,"近地铁
南
民水民电
电梯房",792.0,44260
罗湖,翠竹,合正荣悦,4.0,2.0,205.32,2000,97408,410.0,翠竹 合正荣悦5栋.豪华装修 保养很好业主诚心卖，红本在手.,"近地铁
新上
南
民水民电",1800.0,87667
盐田,梅沙,万科东海岸四期（致远居）,4.0,2.0,179.0,690,38547,,万科东海岸四期高层海景复式精致装修诚意出售,"新上
南
民水民电
电梯房",621.0,34692
福田,福田口岸,金地名津,3.0,2.0,95.0,638,67157,353.0,福田口岸南向高层景观无遮挡精装3房出售,"近地铁
新上
南
民水民电",574.2,60441
南山,前海,星海名城（五期）,2.0,1.0,48.16,320,66445,946.0,星海名城5期小两房租金5500元地铁口过度首选,"近地铁
北
民水民电
电梯房",288.0,59800
宝安,宝安中心区,幸福海岸（一期）,4.0,2.0,145.0,1500,103448,231.0,幸福海岸花园.视野非常开阔。户型方正实用.南北通透.住家舒适,"近地铁
新上
南
民水民电",1350.0,93103
福田,梅林,梅林一村,3.0,2.0,98.0,660,67346,382.0,福田梅林一村十三区大三房诚心出售红本在手满五唯一,"近地铁
新上
西北
民水民电",594.0,60611
南山,西丽,博林天瑞（二期）,4.0,2.0,198.22,1699,85712,633.0,博林天瑞  精装修4房  南北通透  户型方正  紧邻大学城,"近地铁
南
民水民电
电梯房",1529.1,77141
盐田,沙头角,倚山花园（三期）,3.0,2.0,89.0,450,50561,632.0,倚山花园三期精装修3房户型方正业主诚心出售,"近地铁
新上
西南
民水民电",405.0,45505
龙岗,布吉,信义金御半山（三期信义荔景御园）,3.0,2.0,68.75,520,75636,525.0,信义金御半山三期楼下华润万象汇商圈，业主急售，有钥匙看房,"近地铁
新上
西南
民水民电",468.0,68072
南山,前海,星海名城（六期）,5.0,2.0,162.16,1140,70300,829.0,资源丰富，小区内自带三所幼儿园小区内设有两个游泳池,"近地铁
新上
南
民水民电",1026.0,63270
福田,上下沙,花好园,1.0,1.0,38.83,273,70306,249.0,花好园一房一厅采光好，红本在手税费少,"近地铁
新上
东
民水民电",245.7,63275
罗湖,百仕达,百仕达花园二期,3.0,2.0,134.76,750,55654,436.0,欧式园林小区小高层洋房出售,"近地铁
新上
东
民水民电",675.0,50089
南山,华侨城,新天鹅堡三期,3.0,2.0,123.0,1900,154471,609.0,新天鹅堡三期好房,"近地铁
新上
西北
民水民电",1710.0,139024
南山,华侨城,香山美墅云颂,3.0,2.0,125.0,1600,128000,,急卖！议价空间大！香山美墅云颂精装房，看房方便,"新上
东南
民水民电
电梯房",1440.0,115200
罗湖,翠竹,翠竹苑,4.0,2.0,98.0,620,63265,326.0,一楼独立100平大院子，享受生活，翠竹外国语为伴，可拎包入住,"近地铁
新上
南北通
民水民电",558.0,56938
罗湖,百仕达,旭飞华达园,2.0,1.0,58.0,220,37931,510.0,旭飞华达园，业主急卖，谈价空间大，配套齐全，采光通透,"近地铁
新上
东
民水民电",198.0,34138
龙岗,大运,阳光天健城,4.0,2.0,143.0,900,62937,396.0,龙外新上好户型：独门独户双龙抱珠，厅出阳台，高楼层采光好,"近地铁
新上
南北通
民水民电",810.0,56643
盐田,沙头角,倚山花园（三期）,3.0,2.0,89.0,500,56179,632.0,新世界倚山花园三期，超高实用，南北通透，诚意出售,"近地铁
新上
南
民水民电",450.0,50561
宝安,宝安中心区,金泓凯旋城,4.0,2.0,158.0,1395,88291,352.0,"金泓凯旋城,南北通透四房，客厅侧出大阳台，视野开阔，诚心出售","近地铁
新上
南北通
民水民电",1255.5,79462
罗湖,黄贝岭,深业东岭花园（二期）,3.0,2.0,125.56,820,65307,435.0,东岭二期东南向装修漂亮产权清晰价可谈,"近地铁
新上
东南
民水民电",738.0,58776
罗湖,百仕达,旭飞华达园,2.0,2.0,58.0,250,43103,510.0,5.0.0买深中书包房，待拆多层物业，双地铁口，急卖价格可谈,"近地铁
新上
南
民水民电",225.0,38793
罗湖,布心,碧岭华庭,2.0,1.0,74.04,300,40518,480.0,碧岭华庭两房看山景业主急售,"近地铁
新上
南
民水民电",270.0,36466
罗湖,布心,淘金山湖景花园二期,3.0,2.0,89.16,650,72902,856.0,（半山罗湖大盘）山湖小筑 淘金山 生态宜居 私享景观,"近地铁
新上
南
民水民电",585.0,65612
宝安,沙井,棕榈堡花园,2.0,2.0,75.69,345,45580,,棕榈堡花园精装两房业主诚心出售,"新上
南北通
民水民电
电梯房",310.5,41022
南山,华侨城,锦绣花园一期,3.0,2.0,115.0,790,68695,284.0,锦绣花园一期 大社区 地铁口物业 交通生活便利,"近地铁
东
民水民电
拎包入住",711.0,61826
龙岗,龙岗中心城,百合盛世（二期）,4.0,2.0,83.09,270,32494,,花园小区教科院附属九年一贯制周边配套成熟完善，业主诚意出售，,"新上
南
民水民电
电梯房",243.0,29245
宝安,新安,流塘阳光花园,3.0,2.0,72.0,490,68055,301.0,使用率高，楼下就是地铁口出行方便，周边配套完善，小区环境优美,"近地铁
新上
东南
民水民电",441.0,61250
宝安,桃源居,桃源居世外桃源,4.0,2.0,115.82,550,47487,387.0,位置安静.配套齐全.近地铁,"近地铁
南北通
民水民电
电梯房",495.0,42738
南山,华侨城,新天鹅堡三期,2.0,2.0,123.0,1900,154471,609.0,新天鹅堡三期急卖 议价空间大 看房方便,"近地铁
新上
东南
民水民电",1710.0,139024
盐田,沙头角,君临海域（一期）,9.0,3.0,414.91,4500,108457,418.0,君临别墅 带电梯 面朝大海，山海美景尽收眼底，享受生活开始,"近地铁
新上
东南
民水民电",4050.0,97611
宝安,宝安中心区,西城上筑花园,3.0,2.0,107.66,850,78952,470.0,西城上筑花园.配套成熟户型方正南北通透.视线开阔.看房方便,"近地铁
新上
东南
民水民电",765.0,71057
宝安,碧海,碧海富通城（三期）,2.0,1.0,57.5,399,69391,942.0,碧海富通城三期生活立方共有8栋18层-32层建筑,"近地铁
新上
南
民水民电",359.1,62452
南山,前海,星海名城（六期）,3.0,2.0,127.57,870,68197,829.0,内庭院花园式小区，温馨舒适，位置安静且处于整个小区中间地带，,"近地铁
新上
南北通
民水民电",783.0,61377
南山,前海,诺德假日花园,2.0,2.0,66.27,596,89935,435.0,每一寸空间都蕴藏着故事，等待您来倾听，期待与您相遇看房。,"近地铁
新上
东南
民水民电",536.4,80942
罗湖,莲塘,梧桐山新居（二期）,1.0,1.0,39.0,178,45641,448.0,靠山大一房户型实用看房方便价格好沟通,"近地铁
新上
西
民水民电",160.2,41077
福田,上下沙,金海湾花园,3.0,2.0,128.0,1200,93750,645.0,金海湾花园，业主换房出售，价格可谈，看房方便,"近地铁
新上
西南
民水民电",1080.0,84375
盐田,盐田港,中海半山溪谷花园,2.0,2.0,73.74,240,32546,829.0,梧桐半山上，电梯小高层，近地铁口，精装两房,"近地铁
新上
西南
民水民电",216.0,29291
宝安,桃源居,桃源居十六区,2.0,2.0,69.33,320,46156,543.0,桃源居户型方正采光好新小区书包房朝南向,"近地铁
新上
南
民水民电",288.0,41540
福田,景田,缔梦园（三期TT国际公寓),1.0,1.0,45.28,333,73542,170.0,TT国际的超笋盘，高楼层,"近地铁
新上
东北
民水民电",299.7,66188
罗湖,百仕达,百仕达花园一期,4.0,2.0,174.83,890,50906,461.0,百仕达花园4房满5年业主急售,"近地铁
新上
南北通
民水民电",801.0,45815
罗湖,新秀,东方都会大厦,2.0,2.0,60.7,300,49423,633.0,急售房源，费用少，住家安静，降价30万，看房方便,"近地铁
新上
西南
民水民电",270.0,44481
罗湖,布心,崇德雍翠华府,1.0,1.0,37.0,178,48108,488.0,雍翠华府豪华装修一房满五唯一户型方正小区环境好人车分流,"近地铁
新上
东
民水民电",160.2,43297
盐田,盐田港,中海半山溪谷花园,2.0,2.0,73.01,265,36296,829.0,梧桐半山上，近地铁口，高楼层，精装2房,"近地铁
东
民水民电
电梯房",238.5,32666
南山,华侨城,香山里花园(二期),4.0,2.0,170.0,1900,111764,,香山里花园精装四房，满五年，价格可以谈,"新上
东南
民水民电
电梯房",1710.0,100588
罗湖,百仕达,旭飞华达园,2.0,2.0,58.0,258,44482,510.0,"旭飞华达园，业主有心卖,谈价空间大，配套齐全","近地铁
东
民水民电
电梯房",232.2,40034
龙岗,布吉,佳兆业可园（五期）,6.0,2.0,94.59,520,54974,677.0,可园一楼带院子复式两层，满五年惟一，实用高达200平，看花园,"近地铁
新上
北
民水民电",468.0,49477
宝安,沙井,拾悦城,4.0,2.0,101.54,558,54953,410.0,近地铁次新小区，自带九年义务，通透户型看花园,"近地铁
新上
西北
民水民电",502.2,49458
宝安,宝安中心区,金泓凯旋城,5.0,2.0,175.08,1680,95956,352.0,"金泓凯旋城,南北通透四房，花园中间安静，两梯三户，业主诚心卖","近地铁
新上
南北通
民水民电",1512.0,86360
宝安,碧海,泰华阳光海,4.0,2.0,106.42,1050,98665,255.0,西乡碧海品质小区泰华阳光海三房二卫东南向,"近地铁
新上
东南
民水民电",945.0,88798
宝安,桃源居,桃源居六区,5.0,2.0,147.7,680,46039,837.0,5房户型 通风采光好 使用率高 配套成熟 价格可谈,"近地铁
南北通
民水民电
电梯房",612.0,41435
福田,香蜜湖,翠海花园（二期）,4.0,2.0,181.0,2380,131491,94.0,翠海花园，既然还有复试在出售  是的！高区可以看海景181平,"近地铁
新上
东南
民水民电",2142.0,118342
宝安,宝安中心区,壹方中心·玖誉(一期),6.0,4.0,443.18,6880,155241,250.0,壹方玖花园.鸿荣源巨资打造前海豪宅.户型方正实用.急卖房,"近地铁
新上
南北通
民水民电",6192.0,139717
罗湖,莲塘,名骏豪庭,2.0,2.0,68.85,348,50544,703.0,莲塘口岸旁 名骏豪庭 一房到四房笋盘 香港建筑 住宅花园,"近地铁
新上
西南
民水民电",313.2,45490
龙岗,龙岗中心城,龙园大观花园（一期）,3.0,2.0,89.0,250,28089,,龙园大观一期 精装3房 朝南向 满5年 税少 看房方便,"西南
民水民电
电梯房
带家私",225.0,25280
盐田,梅沙,万科东海岸四期（达观居）,2.0,2.0,88.81,285,32090,,万科东海岸四期，新上大两房，精装修,"新上
东南
民水民电
电梯房",256.5,28881
福田,皇岗口岸,深港一号,1.0,,39.41,220,55823,308.0,深港一号，精装修一房，诚心出售，近地铁口,"近地铁
新上
北
民水民电",198.0,50241
福田,香蜜湖,东海花园（一期）,3.0,2.0,136.23,1700,124788,464.0,东海花园户型方正税费少配套成熟,"近地铁
北
民水民电
电梯房",1530.0,112309
宝安,桃源居,桃源居十五区,3.0,2.0,130.0,650,50000,518.0,桃源居高实用，书包房，地铁口,"近地铁
新上
南
民水民电",585.0,45000
盐田,沙头角,东埔海景花园（二期）,4.0,2.0,119.0,620,52100,723.0,黄金海岸线，东铺海景花园,"近地铁
东南
民水民电
电梯房",558.0,46890
龙岗,龙岗中心城,万科天誉花园（二期）,3.0,3.0,87.29,438,50177,372.0,吉祥地铁口 次新小区 精装大三房 朝南看花园 看房方便,"近地铁
新上
民水民电
电梯房",394.2,45159
罗湖,百仕达,百仕达花园一期,3.0,2.0,111.42,645,57889,374.0,小区安静，户型好，红本在手，诚意出售,"近地铁
新上
南
民水民电",580.5,52100
盐田,盐田港,中海半山溪谷花园,2.0,2.0,72.61,260,35807,829.0,中海半山溪谷花园出入口73平2房2厅1卫，装修好，拎包入住,"近地铁
新上
南北通
民水民电",234.0,32226
罗湖,翠竹,翠竹苑,2.0,1.0,52.02,320,61514,326.0,翠竹苑二房改三房精装，业主诚心卖,"近地铁
新上
南
民水民电",288.0,55363
罗湖,洪湖,鹏大厦,2.0,1.0,38.0,340,89473,248.0,万科物业深中次新房，满五年，楼下洪湖地铁，商业配套齐全,"近地铁
新上
东
民水民电",306.0,80526
南山,前海,中海阳光玫瑰园,2.0,2.0,71.91,580,80656,570.0,中海阳光玫瑰园，新上好房推荐，刚需上车户型，诚心出售！,"近地铁
新上
南
民水民电",522.0,72590
宝安,新安,都市翠海华苑,1.0,1.0,19.26,265,137590,108.0,可以上宝中，19平方1房，都市翠海，满五年红本，楼下地铁口,"近地铁
新上
东南
民水民电",238.5,123831
罗湖,万象城,中海天钻,3.0,2.0,121.0,950,78512,399.0,中海天钻开发商装修三房业主急售,"近地铁
新上
西南
民水民电",855.0,70661
龙岗,龙岗中心城,佳兆业水岸新都,4.0,2.0,124.0,285,22983,790.0,水岸新都 精装四房 南北通透 独门独户 仙田外国语,"近地铁
新上
南
民水民电",256.5,20685
宝安,沙井,中熙香莎公馆,4.0,2.0,126.0,680,53968,,香莎公馆大户型业主自己住中间楼层保养装修好业主诚心卖看房,"新上
南
民水民电
电梯房",612.0,48571
福田,上下沙,京基滨河时代广场,2.0,2.0,66.83,450,67335,479.0,自住，看房方便，业主急售,"近地铁
南
民水民电
电梯房",405.0,60602
南山,华侨城,新天鹅堡三期,3.0,2.0,123.0,1700,138211,609.0,新天鹅堡三期安静精装3房，业主特价急卖，看房方便！,"近地铁
新上
南
民水民电",1530.0,124390
罗湖,莲塘,四季御园（新世界四季御园）,4.0,2.0,151.0,900,59602,340.0,近地铁、口岸楼上物业，豪装、南北通透大四房、交通便利配套齐全,"近地铁
北
民水民电
电梯房",810.0,53642
罗湖,黄贝岭,新天地名居,1.0,1.0,38.35,220,57366,356.0,165万急售 总价低 近双地铁 租金高,"近地铁
新上
东北
民水民电",198.0,51629
罗湖,洪湖,源兴居,3.0,2.0,93.0,500,53763,325.0,源兴居，近期入手看这套，业主有心卖，配套齐全，采光通透,"近地铁
新上
民水民电
电梯房",450.0,48387
宝安,桃源居,桃源居三区,1.0,1.0,53.0,280,52830,285.0,一房一厅 小户型 低总价 费用少 价格可谈,"近地铁
新上
东
民水民电",252.0,47547
宝安,碧海,泰华阳光海,4.0,2.0,127.52,958,75125,255.0,阳光海花园.视野开阔、采光通风好.户型方正好用.双阳台.急卖,"近地铁
新上
南
民水民电",862.2,67612
宝安,桃源居,桃源居世外桃源,4.0,2.0,129.55,550,42454,387.0,129平方4房2厅，桃源居世外桃源，双龙抱珠户型，高楼层,"近地铁
新上
南
民水民电",495.0,38209
盐田,梅沙,万科东海岸四期（达观居）,2.0,2.0,68.42,190,27769,,万科东海岸四期，新上两房,"新上
东南
民水民电
电梯房",171.0,24992
罗湖,新秀,华清园,1.0,1.0,36.48,136,37280,424.0,住家安静，随时可以看房，降价10万，费用少，居家首选,"近地铁
新上
西
民水民电",122.4,33552
龙岗,龙岗中心城,龙园大观花园（一期）,3.0,2.0,89.76,350,38992,,龙园大观 精装3房 朝南向 中高楼层采光好 华中师范附属,"新上
南
民水民电
电梯房",315.0,35093
罗湖,布心,太阳新城,2.0,2.0,69.0,322,46666,228.0,南向、精装两房，电梯小高层、满5年为一，诚心出售,"近地铁
新上
南
民水民电",289.8,41999
宝安,桃源居,桃源居世外桃源,1.0,1.0,57.9,280,48359,387.0,精装好房，上车首选，三面采光,"近地铁
新上
西南
民水民电",252.0,43523
盐田,沙头角,蓝郡广场,4.0,2.0,149.0,950,63758,607.0,蓝郡广场高楼看海装修好拎包住,"近地铁
新上
南
民水民电",855.0,57382
龙岗,龙岗中心城,百合盛世（二期）,4.0,2.0,87.0,365,41954,,业主向市场妥协！地铁口刚降价房源，精装，满五年急售，价格私聊,"新上
民水民电
电梯房
精装修",328.5,37759
盐田,沙头角,君临海域（二期）,4.0,2.0,206.0,850,41262,395.0,君临海域，楼层好，配套齐全，看房方便,"近地铁
新上
南北通
民水民电",765.0,37136
罗湖,黄贝岭,金城华庭,2.0,2.0,62.0,360,58064,528.0,金城华庭 带螺岭二房  户型方正实用 业主诚心卖,"近地铁
新上
南
民水民电",324.0,52258
罗湖,莲塘,四季御园（新世界四季御园）,4.0,2.0,134.02,650,48500,340.0,题 地铁口的口岸物业可谈价 正南向复式三房，中间层看山景采光,"近地铁
南
民水民电
电梯房",585.0,43650
福田,上下沙,金海湾花园,3.0,2.0,128.0,1188,92812,645.0,"金海湾花园,豪华装修，业主换房，价格可谈","近地铁
新上
民水民电
电梯房",1069.2,83531
南山,华侨城,纯水岸十五期,4.0,2.0,243.0,4500,185185,,"纯水岸十五期湖景特价房,毛坯大阳台 高实用 南北通透","新上
南北通
民水民电
电梯房",4050.0,166666
福田,红树湾,红树西岸,3.0,2.0,182.0,2900,159340,446.0,南山红树西岸精装好房出售看房方便,"近地铁
新上
西南
民水民电",2610.0,143406
宝安,桃源居,桃源居世外桃源,3.0,2.0,118.99,465,39078,387.0,桃源居南北通透三房，满五年红本，前后双阳台，户型方正，采光好,"近地铁
新上
南北通
民水民电",418.5,35170
南山,华侨城,新天鹅堡三期,3.0,2.0,123.0,2100,170731,609.0,天鹅湖花园高层看海景价格可谈,"近地铁
新上
南
民水民电",1890.0,153658
罗湖,翠竹,愉天小区,1.0,1.0,42.0,420,100000,335.0,满五年、可以读书没占用、红本在手、地理位置优越,"近地铁
新上
南
民水民电",378.0,90000
罗湖,人民南,新银座华庭,1.0,,24.0,102,42500,128.0,新银座华庭，业主有心卖，配套齐全，租金高，采光通透,"近地铁
新上
北
民水民电",91.8,38250
罗湖,翠竹,嘉多利花园,3.0,1.0,121.65,950,78092,598.0,嘉多利大花园自带泳池、儿童、老人娱乐设施,"近地铁
新上
民水民电
电梯房",855.0,70283
龙岗,布吉,信义荔山公馆（景和园）,3.0,2.0,86.44,458,52984,527.0,荔山公馆8号楼，看公园安静，景观好，采光好，满五年，拎包入住,"近地铁
新上
东北
民水民电",412.2,47686
南山,前海,鼎太风华（六期）,3.0,2.0,96.4,900,93360,582.0,鼎太风华安静南北通透户型方正诚意出售,"近地铁
新上
民水民电
电梯房",810.0,84024
盐田,沙头角,君临海域（二期）,4.0,2.0,205.25,750,36540,395.0,君临海域新上架房子，业主诚心出售，看房随时都可以,"近地铁
新上
南北通
民水民电",675.0,32886
福田,香蜜湖,港中旅花园（一期）,4.0,2.0,158.1,2500,158127,55.0,港中旅一期，户型通透四房，大社区配套齐全,"近地铁
新上
南北通
民水民电",2250.0,142314
罗湖,黄贝岭,金城华庭,4.0,2.0,130.31,1000,76740,528.0,双螺岭，双地铁，花园小区，教工幼儿园，价格可谈,"近地铁
新上
东南
民水民电",900.0,69066
宝安,桃源居,桃源居十四区,2.0,2.0,65.07,275,42262,260.0,桃源居十四区，65平方2房2厅，低总价急卖，户型方正，地铁口,"近地铁
新上
南
民水民电",247.5,38036
宝安,桃源居,桃源居六区,6.0,3.0,355.89,2380,66874,837.0,桃源居半山豪宅，电梯小高层洋房，中空复式大阳台，住家安静,"近地铁
东南
民水民电
电梯房",2142.0,60187
罗湖,笋岗,嘉宝田花园,3.0,2.0,99.25,650,65491,564.0,花园小区温馨三居室，双卫生间设计，生活便利无忧，理想居所,"近地铁
新上
南
民水民电",585.0,58942
罗湖,翠竹,怡泰大厦,3.0,1.0,59.99,247,41173,339.0,带翠竹学..位 近地铁 朝南3房 精装修 拎包入住,"近地铁
新上
南
民水民电",222.3,37056
福田,梅林,梅林一村,3.0,2.0,88.63,590,66568,382.0,梅林一村大社区方厅安静南向三房小高层带好书包,"满二年
近地铁
新上
西南",531.0,59911
龙岗,龙岗中心城,公园大地花园,4.0,2.0,169.0,1160,68639,953.0,公园大地花园精装大四房看花园！南北通透安静居家首选可谈价诚售,"近地铁
新上
南北通
民水民电",1044.0,61775
罗湖,人民南,新银座华庭,1.0,,23.56,100,42444,128.0,罗湖口岸单房业主急急急售双地铁,"近地铁
新上
北
民水民电",90.0,38200
盐田,盐田港,天利明园,1.0,1.0,48.6,130,26748,,地铁口的两房（天利明园）中高层 诚心出售 看房方便,"新上
北
民水民电
电梯房",117.0,24073
罗湖,新秀,东方都会大厦,1.0,,31.84,150,47110,633.0,急售房源，随时可以看房，降价20万，居家首选，看房方便,"近地铁
新上
东
民水民电",135.0,42399
罗湖,翠竹,合正荣悦,3.0,2.0,85.24,850,99718,410.0,合正荣悦三房两卫实用面积大.红本在手.车位充足.翠竹,"近地铁
新上
南
民水民电",765.0,89746
龙岗,龙岗中心城,恒裕嘉城花园,3.0,2.0,71.0,220,30985,497.0,恒裕嘉城  精装三房  诚意出售,"近地铁
南
民水民电
电梯房",198.0,27886
龙岗,大运,星河时代,5.0,2.0,216.0,2500,115740,696.0,全新毛批上叠墅，视野开阔无遮挡，户型好，可拓展空间大,"近地铁
南北通
民水民电
电梯房",2250.0,104166
福田,水围,金港豪庭,1.0,1.0,47.0,350,74468,467.0,金港豪庭厅出大阳台户型方正诚心出售,"近地铁
新上
北
民水民电",315.0,67021
宝安,沙井,中熙香莎公馆,3.0,2.0,94.19,480,50960,,香莎公馆精装三房大型社区周围生活配套很成熟诚售看房方便,"北
民水民电
电梯房
精装修",432.0,45864
宝安,桃源居,桃源居十一区,2.0,2.0,80.35,380,47293,461.0,桃源居十一区：精装高层朝南大阳台2房，看花园安静，降价出售,"近地铁
南
民水民电
电梯房",342.0,42564
盐田,盐田港,中海半山溪谷花园,3.0,2.0,87.45,520,59462,829.0,带150平米私家花园，精装3房，南北通透，距离地铁口300米,"近地铁
新上
东西通
民水民电",468.0,53516
南山,南头,麒麟花园（一期）,3.0,2.0,98.0,800,81632,,麒麟一期南北通3房 使用率高 一梯两户 诚意出售,"近地铁
新上
南北通
民水民电",720.0,73469
福田,香蜜湖,东海花园（二期福禄居),5.0,2.0,259.75,3850,148219,286.0,东海花园福禄居南北通透五房四卫双阳台诚意出售,"近地铁
西南
民水民电
精装修",3465.0,133397
龙岗,龙岗中心城,龙园大观花园（一期）,2.0,2.0,69.0,215,31159,,采光好，通风好，朝南，业主诚心卖,"南
民水民电
电梯房
拎包入住",193.5,28043
罗湖,百仕达,百仕达花园五期(乐湖),3.0,2.0,117.82,850,72143,768.0,时尚靓装拎包即住！价可议！成熟社区富有生活气息！,"近地铁
新上
东北
民水民电",765.0,64929
宝安,桃源居,桃源居六区,4.0,2.0,145.82,780,53490,837.0,桃源居六区，145平方4房，中楼层，高赠送面积，住宅利用率高,"近地铁
新上
东南
民水民电",702.0,48141
罗湖,洪湖,鹏大厦,1.0,1.0,31.0,310,100000,248.0,房子在地铁口旁边，高层南向带阳台，价格310万,"近地铁
新上
南
民水民电",279.0,90000
罗湖,莲塘,名骏豪庭,2.0,2.0,71.0,320,45070,703.0,名骏豪庭正规两房，精美装修，居家舒适，随时都可以看房,"近地铁
北
民水民电
电梯房",288.0,40563
宝安,碧海,华丰前海湾（一期）,4.0,2.0,176.59,1600,90605,814.0,碧海次新小区，首排一线海景房，4房3卫，满足你多孩家庭,"近地铁
新上
南
民水民电",1440.0,81544
南山,华侨城,新天鹅堡三期,3.0,2.0,123.0,2000,162601,609.0,新天鹅堡三期大阳台三房急卖 议价空间大 看房方便,"近地铁
新上
南
民水民电",1800.0,146341
罗湖,布心,碧岭华庭,3.0,2.0,123.58,530,42887,480.0,笋盘新上好房，碧岭华庭，环山而住，精装修，业主诚意出售,"近地铁
北
民水民电
电梯房",477.0,38598
宝安,桃源居,桃源居六区,4.0,2.0,170.14,868,51016,837.0,桃源居精装大四房，南北双阳台，高楼层，住家好房子，位置安静,"近地铁
新上
南北通
民水民电",781.2,45914
宝安,沙井,棕榈堡花园,3.0,2.0,78.88,399,50583,,沙井棕榈堡精装3房实用率高装修保养好业主诚售可谈！！,"新上
东南
民水民电
电梯房",359.1,45525
龙岗,龙岗中心城,龙园大观花园（一期）,5.0,2.0,155.88,599,38426,,龙园大观，精装五房，诚心出，随时可以看房,"东南
民水民电
电梯房
精装修",539.1,34583
南山,后海,海月花园（一期）,5.0,2.0,162.24,1580,97386,401.0,海月花园电梯162平5房急售 凤凰层看泳池 带车位 育才三中,"近地铁
新上
东北
民水民电",1422.0,87647
罗湖,莲塘,东方.尊峪花园,3.0,2.0,142.75,658,46094,832.0,东方尊峪高拓展户型，南北通近小区门口，轻松做四房，入则林静,"近地铁
新上
南北通
民水民电",592.2,41485
罗湖,莲塘,金色年华家园,2.0,1.0,38.0,175,46052,490.0,莲塘繁华地段 一房还好两房 看房方便,"近地铁
新上
北
民水民电",157.5,41447
罗湖,翠竹,泊林花园,2.0,1.0,68.0,380,55882,334.0,精装2房安静居家随时看房满五年红本在手,"近地铁
西
民水民电
精装修",342.0,50294
龙岗,龙岗中心城,榭丽花园,3.0,2.0,85.0,209,24588,570.0,榭丽花园精装3房近地铁龙岗河畔未来双语书包有效近三城一馆,"近地铁
新上
南
民水民电",188.1,22129
罗湖,黄贝岭,靖轩豪苑,2.0,2.0,68.69,410,59688,315.0,靖轩豪苑，高层南向，满五一，全新装，看房方便，带翠实,"近地铁
新上
西南
民水民电",369.0,53719
南山,蛇口,海上世界双玺花园二期,5.0,2.0,326.88,4200,128487,830.0,02户型，降价，便宜出售，看房随随时看，豪华装修，一线海景,"近地铁
新上
东南
民水民电",3780.0,115638
龙岗,坂田,四季花城(一期北区),2.0,2.0,70.39,360,51143,315.0,新上！东向大阳台两房采光好，地铁50米,"近地铁
新上
东
民水民电",324.0,46029
福田,香蜜湖,港中旅花园（二期）,4.0,2.0,158.0,2600,164556,332.0,港中旅二期，新上朝南4+1房，赠送大入户，户型实用，诚心卖,"近地铁
新上
西南
民水民电",2340.0,148100
罗湖,莲塘,名骏豪庭,2.0,2.0,68.85,280,40668,703.0,新上 名骏豪庭 中高层南向三房 装修保养好 居住舒适,"近地铁
新上
西南
民水民电",252.0,36601
宝安,沙井,博林君瑞,3.0,2.0,87.72,400,45599,,博林君瑞精装三房业主诚心卖,"新上
东南
民水民电
电梯房",360.0,41039
宝安,碧海,碧海富通城（四期）,2.0,2.0,82.0,450,54878,872.0,高层直面海景视野景，楼下碧海书包，富通城四期，看房随时,"近地铁
新上
东
民水民电",405.0,49390
盐田,沙头角,壹海城（二期）,3.0,2.0,156.24,618,39554,190.0,壹海城二期玺湾，价格可谈，配套齐全，交通便利,"近地铁
东南
民水民电
拎包入住",556.2,35599
宝安,桃源居,桃源居十六区,2.0,2.0,82.9,420,50663,543.0,桃源居16区新上（电梯大两房可改3房）高层视野 朝南看花园,"近地铁
新上
南
民水民电",378.0,45597
龙岗,龙岗中心城,远洋新干线(晶钻广场),1.0,1.0,31.97,52,16265,542.0,地铁口300米 可住可出租 带租约急售 价格可谈 看房方便,"近地铁
新上
南
民水民电",46.8,14638
盐田,沙头角,东埔海景花园（三期）,4.0,2.0,184.0,1520,82608,723.0,东埔海景三期山海大四房,"近地铁
新上
南北通
民水民电",1368.0,74347
龙华,龙华中心,壹成中心花园(九区),4.0,2.0,89.13,760,85268,,豪华装修业主自住装修标准,"新上
南
民水民电
电梯房",684.0,76741
福田,上下沙,金域蓝湾,3.0,2.0,149.18,970,65022,722.0,金域蓝湾，精装3房，业主自住，保养好,"近地铁
新上
南
民水民电",873.0,58520
宝安,桃源居,桃源居十四区,5.0,2.0,128.88,900,69832,260.0,顶楼带花园中空复式，一层面积两层空间，得房高实用，看房方便,"近地铁
新上
南
民水民电",810.0,62849
福田,梅林,梅林一村,3.0,2.0,98.0,620,63265,382.0,梅林一村方厅自住南向大三房诚心出售,"近地铁
新上
东南
民水民电",558.0,56938
罗湖,黄贝岭,凤凰印象,1.0,1.0,41.25,220,53333,381.0,双螺岭，双地铁，精装1房，价格可谈，业主诚意出,"近地铁
新上
北
民水民电",198.0,48000
南山,华侨城,世纪村1期,3.0,2.0,133.0,1250,93984,606.0,世纪村133平的3房安静诚心卖,"近地铁
新上
西
民水民电",1125.0,84586
龙岗,布吉,桂芳园（七期）,5.0,2.0,81.95,468,57107,500.0,桂芳园顶楼复式 桂芳园七期 满五年 钥匙房 花一层的钱买两层,"近地铁
新上
西北
民水民电",421.2,51396
南山,科技园,大冲城市花园,6.0,2.0,275.0,3450,125454,410.0,大冲城市花园安静毛坯大复式，业主诚意急卖，价格好谈，看房方便,"近地铁
新上
南
民水民电",3105.0,112909
南山,蛇口,南海玫瑰园（二期）,4.0,2.0,127.0,1980,155905,446.0,海畔花园美宅！127平+二百平花园+赠三十平室内，仅此一套,"近地铁
新上
南北通
民水民电",1782.0,140314
罗湖,翠竹,金丽豪苑,3.0,2.0,101.43,620,61125,319.0,深中 翠北 精装3房2厅2卫 电梯 红本 无欠,"近地铁
新上
南
民水民电",558.0,55012
龙岗,龙岗中心城,保利上城,4.0,2.0,126.78,640,50481,835.0,业主向市场妥协！地铁口刚降价房源，精装，满五年急售，价格私聊,"近地铁
南北通
民水民电
电梯房",576.0,45433
宝安,碧海,华丰前海湾（二期）,4.0,2.0,89.0,750,84269,748.0,碧海品质小区华丰前海湾，正规3房2卫，品牌物业，精装拎包入住,"近地铁
新上
南北通
民水民电",675.0,75842
南山,华侨城,世纪村1期,4.0,2.0,168.0,1680,100000,606.0,世纪村安静大阳台4+1房 急卖 议价空间大 看房方便,"近地铁
新上
东南
民水民电",1512.0,90000
罗湖,洪湖,鹏大厦,2.0,1.0,37.09,350,94365,248.0,深中护航——实用小2房 户型方正 总价低,"近地铁
新上
东
民水民电",315.0,84928
南山,华侨城,香山里花园(二期),4.0,2.0,175.0,1690,96571,,"香山里二期,位置安静，业主诚心卖","新上
南
民水民电
电梯房",1521.0,86914
福田,红树湾,中信红树湾花城北区,4.0,2.0,215.14,3200,148740,592.0,中信红树湾215平的5+1房保养好拎包入住,"近地铁
新上
西南
民水民电",2880.0,133866
罗湖,翠竹,合正荣悦,2.0,2.0,66.0,500,75757,410.0,花园小区 带翠竹+螺岭 车位充足 户型实用 住家舒适,"近地铁
新上
南
民水民电",450.0,68181
龙岗,布吉,桂芳园（一期）,3.0,2.0,88.0,298,33863,390.0,"桂芳园大三房东南向,横厅设计,满五年惟一红本,看花园,保养好","近地铁
新上
东
民水民电",268.2,30477
南山,南头,麒麟花园（一期）,3.0,2.0,140.75,1500,106571,,麒麟花园 大3房精装  业主急出 价格空间大,"近地铁
南北通
民水民电",1350.0,95914
罗湖,翠竹,怡泰大厦,3.0,2.0,120.09,550,45798,339.0,翠竹外国语，业主急卖，谈价空间大，租金高，车位充足,"近地铁
新上
东南
民水民电",495.0,41218
龙岗,坂田,四季花城(六期南区),4.0,2.0,128.73,580,45055,535.0,三面采光大四房，带露台花园,"近地铁
新上
南
民水民电",522.0,40550
龙岗,龙岗中心城,保利上城,5.0,2.0,167.72,850,50679,835.0,满五装修楼层好，双卫格局，带电梯,"近地铁
南北通
民水民电
电梯房",765.0,45611
福田,上下沙,金域蓝湾,5.0,2.0,213.11,1900,89155,722.0,万科金域蓝湾，高区，大户型，210平4+1房，全海景,"近地铁
新上
南北通
民水民电",1710.0,80240
龙岗,龙岗中心城,东方明珠城,3.0,2.0,93.5,270,28877,219.0,东方明珠城，龙城广场地铁口，配套成熟，业主急售,"近地铁
新上
东南
民水民电",243.0,25989
宝安,新安,丽景城,3.0,2.0,82.16,470,57205,42.0,3房户型 户型方正 使用率高 费用少 近地铁 价格可谈,"近地铁
新上
南
民水民电",423.0,51484
罗湖,翠竹,嘉湖新都,1.0,1.0,31.91,300,94014,340.0,嘉湖新都，深中未用，中间楼层，找我可有捡漏价格！！！,"近地铁
北
民水民电
电梯房",270.0,84613
南山,前海,绿海名都,2.0,1.0,69.8,550,78796,360.0,绿海名都三房满五年小高层,"近地铁
新上
南北通
民水民电",495.0,70916
罗湖,莲塘,鹏兴花园（五期）,3.0,2.0,73.0,418,57260,632.0,高实用98平的三房两卫、全屋豪装拎包入住、罗湖不限购欢迎置业,"近地铁
新上
南
民水民电",376.2,51534
宝安,碧海,碧海富通城（三期）,3.0,2.0,73.59,486,66041,942.0,富通3期：刚需上车三房两卫，户型好，通风好，使用率高,"近地铁
新上
南
民水民电",437.4,59437
罗湖,黄贝岭,新天地名居,1.0,1.0,39.0,170,43589,356.0,新天地名居 端头位一房 大厨房厅出阳台采光好视野开阔性价比高,"近地铁
新上
西
民水民电",153.0,39230
福田,梅林关,星河丹堤花园,3.0,2.0,93.99,600,63836,516.0,星河丹堤花园        温馨小三房         急售,"近地铁
新上
东南
民水民电",540.0,57452
龙华,上塘,和平里花园II期,4.0,2.0,179.52,930,51804,309.0,和平里大平层优质笋盘，自住保养好,"近地铁
新上
南北通
民水民电",837.0,46624
龙岗,龙岗中心城,保利上城,3.0,2.0,88.0,440,50000,835.0,深中龙外有效，双龙抱珠三房两卫，业主诚心出售,"近地铁
新上
南北通
民水民电",396.0,45000
罗湖,新秀,新秀村（南区）,4.0,2.0,106.0,480,45283,485.0,费用少，住家安静，降价16万，随时可以看房，急售,"近地铁
新上
南北通
民水民电",432.0,40755
龙岗,龙岗中心城,百合盛世（二期）,4.0,2.0,102.86,360,34999,,《保真保看》南北通 业主着急卖 价格空间大 看房方便,"满二年
新上
南北通
民水民电",324.0,31499
龙华,龙华中心,壹成中心花园(九区),5.0,2.0,108.0,660,61111,,笋盘急售价格便宜正南向,"新上
南
民水民电
拎包入住",594.0,55000
盐田,沙头角,壹海城（二期）,4.0,2.0,185.79,1300,69971,190.0,玺湾185平少有放卖户型，东南向楼下就是19.5公里海滨栈道,"近地铁
东南
民水民电
电梯房",1170.0,62974
罗湖,翠竹,合正荣悦,4.0,2.0,208.68,1860,89131,410.0,合正荣悦 通风采光好 业主急卖 价格好谈,"近地铁
新上
南
民水民电",1674.0,80218
罗湖,翠竹,泊林花园,2.0,2.0,65.61,390,59442,334.0,330万急售 总价低 近地铁 租金高 户型实用,"近地铁
新上
北
民水民电",351.0,53498
宝安,新安,鸿景园,4.0,2.0,145.86,900,61703,677.0,145平方4房，鸿景园，满五年税费少，降价急卖，住家安静,"近地铁
新上
东南
民水民电",810.0,55533
龙岗,龙岗中心城,保利上城,3.0,2.0,80.56,200,24826,835.0,地铁3号线，深中龙外书包有效，户型方正三房业主诚心出售,"近地铁
新上
东南
民水民电",180.0,22343
福田,上下沙,金域蓝湾,2.0,2.0,78.23,710,90758,722.0,万科金域蓝湾，两房装修保养好，随时看房，红本满五,"近地铁
西北
民水民电
电梯房",639.0,81682
盐田,沙头角,倚山花园（三期）,3.0,2.0,143.0,800,55944,632.0,倚山花园三期高层海景房可租可售,"近地铁
东南
民水民电
电梯房",720.0,50350
罗湖,布心,彩世界家园,1.0,1.0,49.0,188,38367,543.0,价3.8万即可入手布心繁华地段彩世界家园精装一房一厅 急售,"近地铁
新上
东北
民水民电",169.2,34530
罗湖,百仕达,旭飞华达园,1.0,1.0,22.45,80,35634,510.0,新上靓房 户型方正，采光通风佳 价格有惊喜，业主好说话诚心卖,"近地铁
新上
南
民水民电",72.0,32071
宝安,西乡,招商果岭,3.0,2.0,83.26,530,63656,,招商果岭精装大3房，安静，仅一个点契税，拎包入住！,"新上
东
民水民电
电梯房",477.0,57290
盐田,沙头角,倚山花园（一期）,9.0,4.0,262.86,2480,94346,657.0,梧桐山下独栋别墅，上下三层，前后私家花园，万科物业,"满二年
近地铁
东北
民水民电",2232.0,84911
福田,香蜜湖,东海花园（一期）,5.0,2.0,134.17,1650,122978,464.0,东海花园134平四房东南向安静密码在手,"近地铁
新上
西
民水民电",1485.0,110680
罗湖,百仕达,百仕达花园一期,3.0,2.0,112.1,680,60660,196.0,百仕达 业主房产证已满五年，且只有一套房产,"近地铁
新上
东南
民水民电",612.0,54594
南山,华侨城,天鹅堡一期,3.0,2.0,221.0,2230,100904,,"天鹅堡安静精装特价4+1房,业主急卖，看房方便","新上
南北通
民水民电
电梯房",2007.0,90814
宝安,宝安中心区,丽晶国际,3.0,2.0,132.22,1200,90757,324.0,壹方城旁，精装4房，南北通透，朝南，诚心出售,"近地铁
新上
南
民水民电",1080.0,81681
罗湖,翠竹,翠竹苑,2.0,2.0,50.0,280,56000,326.0,翠竹苑，业主诚售，两房，居住舒适，两房，配套齐全,"近地铁
新上
南
民水民电",252.0,50400
福田,上下沙,蓝湾半岛,3.0,2.0,104.25,850,81534,424.0,高层，安静，采光好，适合居家,"近地铁
新上
西南
民水民电",765.0,73381
龙岗,大运,颐安都会中央花园（二期）,2.0,2.0,77.0,340,44155,280.0,业主向市场妥协！地铁口刚降价房源，精装，满五年急售，价格私聊,"近地铁
新上
东西通
民水民电",306.0,39740
罗湖,翠竹,金丽豪苑,1.0,1.0,54.0,350,64814,319.0,金丽豪苑，深圳中在业主诚心出售,"近地铁
新上
东北
民水民电",315.0,58333
罗湖,翠竹,合正荣悦,4.0,2.0,158.96,1300,81781,410.0,合正荣悦.南北通透.实用率高.业主诚心卖.价格好谈,"近地铁
新上
南
民水民电",1170.0,73603
盐田,梅沙,万科东海岸二期(齐山居),4.0,2.0,165.45,510,30825,,海景四房，东南向大阳台，视野开阔，万科东海岸,"东南
民水民电
电梯房
拎包入住",459.0,27742
福田,香蜜湖,东海花园（二期福禄居),5.0,3.0,269.21,5268,195683,286.0,东海花园福禄居五房赠送复式天台花园南北通透,"近地铁
新上
南北通
民水民电",4741.2,176115
南山,桃园,香瑞园,3.0,2.0,86.46,660,76335,513.0,端头位置，带阳光房，使用率高，专梯入户,"近地铁
新上
东北
民水民电",594.0,68702
龙岗,龙岗中心城,新亚洲花园,4.0,2.0,129.9,430,33102,,业主向市场妥协！地铁口刚降价房源，精装，满五年急售，价格私聊,"新上
东南
民水民电
电梯房",387.0,29792
南山,华侨城,假日湾华庭,3.0,2.0,138.75,1150,82882,480.0,世界之窗地铁口假日湾华庭精装3+1房，中间楼层诚心出售,"近地铁
新上
东
民水民电",1035.0,74594
罗湖,新秀,东方都会大厦,2.0,1.0,30.56,151,49410,633.0,急售，降价10万，住家安静，随时可以看房，费用少,"近地铁
新上
南
民水民电",135.9,44469
罗湖,莲塘,鹏兴花园（二期）,4.0,3.0,200.11,1200,59967,238.0,顶复送花园。户型方正。,"近地铁
南
民水民电
电梯房",1080.0,53970
宝安,桃源居,桃源居十四区,2.0,2.0,57.84,245,42358,260.0,总价这么低的两房哪里找，找我能帮您买到笋盘,"近地铁
新上
南
民水民电",220.5,38122
盐田,沙头角,倚山花园（三期）,3.0,2.0,89.0,390,43820,632.0,倚山花园三期精装修自住房视野开阔,"近地铁
西南
民水民电
电梯房",351.0,39438
龙岗,布吉,国展苑,1.0,1.0,44.32,170,38357,631.0,布吉地铁口，国展苑精装一房，对面就是公园，一站罗湖，3站福田,"近地铁
东南
民水民电
电梯房",153.0,34521
盐田,梅沙,万科东海岸二期(齐山居),2.0,2.0,77.81,260,33414,,万科精装2房自住装修价格可议,"新上
民水民电
精装修",234.0,30073
盐田,盐田港,中海半山溪谷花园,3.0,2.0,106.96,310,28982,829.0,全新装修四房南北通透住家安静环境好业主急售看房提前约,"近地铁
新上
南
民水民电",279.0,26084
南山,西丽,博林天瑞（二期）,4.0,2.0,129.4,1180,91190,633.0,西丽豪宅标杆小区，笋盘！！保养好，可以直接入住，好房寻有缘人,"近地铁
西南
民水民电
拎包入住",1062.0,82071
罗湖,莲塘,鹏兴花园（六期）,2.0,2.0,73.44,340,46296,378.0,两居室  花园小区绿化高，住家舒适。户型采光通透。,"近地铁
南
民水民电
电梯房",306.0,41666
宝安,新安,勤诚达22世纪(和园),6.0,2.0,201.46,1768,87759,220.0,勤诚达22世纪，201平方6房2厅，南北通看灵芝公园，带宝中,"近地铁
新上
南北通
民水民电",1591.2,78983
龙岗,布吉,佳兆业可园（五期）,2.0,2.0,72.66,345,47481,677.0,可园南区小3房朝南向，看花园大阳台，高楼层，保养好拎包入住,"近地铁
新上
南
民水民电",310.5,42733
盐田,沙头角,东埔海景花园（三期）,4.0,2.0,184.21,1250,67857,723.0,东埔海景三期山海大四房双阳台高层,"近地铁
东南
民水民电
电梯房",1125.0,61071
龙岗,龙岗中心城,万象天成（盛龙花园二期）,2.0,1.0,71.42,194,27163,760.0,万象天成精装两房朝南向看房方便可谈,"近地铁
新上
南
民水民电",174.6,24447
宝安,桃源居,桃源居十五区,3.0,2.0,118.61,580,48899,518.0,位置安静配套设施齐全地铁口,"近地铁
新上
南
民水民电",522.0,44009
龙华,龙华中心,锦绣江南（四期）,3.0,2.0,108.66,538,49512,,业主诚心出售，江南电梯南北通透3房，书包在，看房随时,"新上
东南
民水民电
电梯房",484.2,44561
宝安,碧海,广兴源圣拿威,6.0,2.0,182.65,1600,87599,812.0,湾美花园 6房 南北通透 保养好 诚心卖,"近地铁
新上
南
民水民电",1440.0,78839
宝安,新安,丽景城,4.0,2.0,99.88,548,54865,42.0,丽景城东南朝向豪装装修大三房送100平米私家花园,"近地铁
新上
东南
民水民电",493.2,49378
福田,福田口岸,港城华庭,3.0,2.0,62.89,358,56924,387.0,新上笋盘河套核心资产实用小三房精装修,"近地铁
新上
民水民电
电梯房",322.2,51232
罗湖,翠竹,金翠园,2.0,2.0,65.85,560,85041,527.0,金翠园优质2房，深中+锦田，4-6-8高楼层视野好，自住保养,"近地铁
新上
南
民水民电",504.0,76537
罗湖,百仕达,百仕达花园二期,4.0,2.0,130.67,700,53570,436.0,百仕达，品质大三房，地铁商业配套齐,"近地铁
新上
南
民水民电",630.0,48213
盐田,沙头角,君临海域（二期）,4.0,2.0,159.68,750,46968,395.0,君临海域小区，价格可谈，配套齐全，交通便利,"近地铁
南
民水民电
电梯房",675.0,42271
罗湖,黄贝岭,新天地名居,1.0,1.0,38.62,218,56447,356.0,精装修一房，格局好，方正实用，诚心出售，居家舒适，拎包入住！,"近地铁
新上
东北
民水民电",196.2,50802
盐田,沙头角,倚山花园（三期）,3.0,2.0,89.04,410,46046,632.0,新世界倚山花园小区，价格可谈，配套齐全，交通便利,"近地铁
西南
民水民电
电梯房",369.0,41441
宝安,西乡,润恒尚园,4.0,2.0,97.08,690,71075,,润恒尚园花园.配套设施齐全.地段好.户型方正装修豪华.急卖,"新上
西北
民水民电
电梯房",621.0,63968
龙岗,布吉,大世纪水山缘,4.0,2.0,79.0,370,46835,,大世纪水山缘顶层复式带天台花园4房，满五年惟一，高实用率,"新上
西北
民水民电
电梯房",333.0,42152
罗湖,黄贝岭,金城华庭,2.0,2.0,62.0,350,56451,528.0,降价急售 金城华庭 朝东南 户型好 满五唯一 螺岭未用,"近地铁
新上
南
民水民电",315.0,50806
龙岗,布吉,龙珠花园（A区）,3.0,2.0,108.0,245,22685,459.0,龙珠花园电梯高楼层3房，南北对流，满二年惟一，低总价三地铁,"近地铁
新上
北
民水民电",220.5,20416
罗湖,翠竹,合正荣悦,4.0,2.0,140.34,1100,78381,410.0,翠竹 合正荣悦5栋.豪华装修 保养很好业主诚心卖，红本在手.,"近地铁
新上
南
民水民电",990.0,70543
罗湖,新秀,新秀村（南区）,4.0,2.0,105.0,380,36190,485.0,住家安静，大户型，中间楼层，随时可以看房,"近地铁
新上
南北通
民水民电",342.0,32571
龙岗,龙岗中心城,保利上城,4.0,2.0,126.79,660,52054,835.0,保利126平大四房朝东南向，总价低保养好诚心卖配合看房,"近地铁
新上
南北通
民水民电",594.0,46849
福田,香蜜湖,东海国际公寓,2.0,2.0,140.0,1200,85714,409.0,东海国际公寓，新上高层朝南两房，视野开阔，看海景，价格可谈,"近地铁
新上
东南
民水民电",1080.0,77143
龙华,龙华中心,锦绣江南（一期）,5.0,2.0,144.76,590,40757,,锦绣江南三层复式，带大露台，业主诚心出售,"新上
南
民水民电
精装修",531.0,36681
罗湖,黄贝岭,金城华庭,3.0,2.0,106.96,850,79468,528.0,金城华庭高层朝东南 大三房户型大气 满五唯一诚心卖 价格可谈,"近地铁
新上
南
民水民电",765.0,71521
罗湖,黄贝岭,新天地名居,3.0,2.0,112.22,710,63268,356.0,新天地名居的地铁站步行可达，上下班通勤方便，交通便利,"近地铁
南
民水民电
精装修",639.0,56941
南山,深圳湾,太古城花园（南区）,2.0,1.0,46.7,520,111349,163.0,地铁商场直通 太古城花园 经典小两房诚售,"近地铁
新上
南
民水民电",468.0,100214
龙岗,布吉,佳兆业可园（七期）,4.0,2.0,87.68,366,41742,758.0,可园精装复式三房满五税少急卖,"近地铁
新上
北
民水民电",329.4,37568
盐田,梅沙,万科东海岸二期(齐山居),4.0,2.0,165.0,680,41212,,万科东海岸，电梯5房，全毛坯结构，红本满五年,"民水民电
电梯房",612.0,37091
罗湖,翠竹,泊林花园,1.0,1.0,46.29,270,58327,334.0,精装住宅1房东向随时看房安静居家,"近地铁
新上
东
民水民电",243.0,52494
宝安,桃源居,桃源居十四区,3.0,2.0,122.6,520,42414,260.0,电梯通透大三房，方正实用率高，看房方便精装拎包入住,"近地铁
新上
民水民电
电梯房",468.0,38173
宝安,桃源居,桃源居十四区,4.0,2.0,147.75,780,52791,260.0,桃源居大四房带入户花园置换必看,"近地铁
新上
东南
民水民电",702.0,47512
龙岗,布吉,佳兆业可园（六期）,6.0,3.0,107.85,780,72322,760.0,可园南区一楼带80平院子复式实用300平，满五年惟一，高实用,"近地铁
新上
北
民水民电",702.0,65090
福田,皇岗口岸,皇御苑五期,2.0,2.0,84.0,598,71190,92.0,廊桥国际漂亮2房，视野开阔，看花园安静，红本满五税少近地铁,"近地铁
新上
东
民水民电",538.2,64071
龙岗,龙岗中心城,保利上城,3.0,1.0,84.85,200,23571,835.0,深中龙外书包有效，近地铁，低总价三房，业主诚心出售,"近地铁
新上
南
民水民电",180.0,21214
宝安,西乡,圣淘沙,3.0,2.0,70.13,560,79851,210.0,精装房业主急售,"近地铁
新上
西南
民水民电",504.0,71866
罗湖,莲塘,四季御园（新世界四季御园）,3.0,2.0,75.0,425,56666,340.0,口岸上盖物业，近地铁口，南向，高楼层，精装三房,"近地铁
新上
南
民水民电",382.5,50999
龙岗,龙岗中心城,佳兆业水岸新都,3.0,2.0,80.51,190,23599,790.0,佳兆业水岸新都 精装两房 朝南向 仙田外国语 满5年税少,"近地铁
民水民电
电梯房
精装修",171.0,21239
宝安,新安,勤诚达22世纪(和园),3.0,2.0,88.45,850,96099,220.0,朝花园里面的，88平方3房2厅2卫，勤诚达和园，带宝中，高层,"近地铁
新上
东南
民水民电",765.0,86489
南山,华侨城,锦绣花园三期,3.0,2.0,148.0,1300,87837,375.0,"锦绣花园安静精装特价房,业主急卖，看房方便","近地铁
新上
南
民水民电",1170.0,79053
南山,西丽,宝能城花园,4.0,2.0,133.97,1350,100768,207.0,宝能城东区134平双龙抱珠户型。业主报价1400还可以谈,"近地铁
新上
南
民水民电",1215.0,90691
龙岗,龙岗中心城,龙园大观花园（一期）,4.0,2.0,88.27,258,29228,,龙园大观一期 使用白分之白 精装四房 华中师范附属 环境好,"新上
南
民水民电
电梯房",232.2,26305
宝安,桃源居,桃源居十五区,3.0,2.0,87.83,450,51235,518.0,桃源居15区（电梯正规3房）精装修 拎包入住 南北通,"近地铁
南
民水民电
电梯房",405.0,46112
龙华,龙华中心,锦绣江南（四期）,4.0,2.0,112.87,560,49614,,业主诚心出售，江南四期电梯朝南4房，看房方便,"新上
南
民水民电
电梯房",504.0,44653
宝安,宝安中心区,熙龙湾（二期）,4.0,2.0,131.0,1780,135877,347.0,前海欢乐港湾旁，熙龙湾精装海景小户型，南北通透，居家安静舒适,"近地铁
新上
南北通
民水民电",1602.0,122289
盐田,盐田港,中海半山溪谷花园,3.0,2.0,88.76,340,38305,829.0,中海半山溪谷，超大型社区,"近地铁
南
民水民电
电梯房",306.0,34474
龙岗,布吉,宇宏健康花城（岭宏健康家园）,3.0,2.0,89.0,520,58426,545.0,宇宏健康花城89平朝南大三房业主诚心卖,"近地铁
新上
东
民水民电",468.0,52583
宝安,西乡,润恒尚园,4.0,2.0,102.3,600,58651,,润恒尚园花园.碧海豪宅首选.户型实用方正.看房方便.急卖房,"新上
南
民水民电
电梯房",540.0,52786
罗湖,布心,淘金山湖景花园二期,5.0,2.0,173.57,1197,68963,856.0,花园大社区居住好,"近地铁
新上
南北通
民水民电",1077.3,62067
龙岗,龙岗中心城,龙园大观花园（二期）,3.0,2.0,89.67,275,30668,,龙园大观二期 精装3房 朝南向 中高楼层采光好 华中师范,"新上
东南
民水民电
电梯房",247.5,27601
罗湖,百仕达,百仕达花园二期,3.0,2.0,132.0,820,62121,436.0,业主有心卖，百仕达花园，采光通透，拎包入住，租金高,"近地铁
新上
南北通
民水民电",738.0,55909
罗湖,莲塘,名骏豪庭,3.0,2.0,69.29,300,43296,703.0,名骏豪庭实用2房改3房 人车分流小区近 莲南接送方便,"近地铁
北
民水民电
电梯房",270.0,38966
罗湖,翠竹,翠竹苑,2.0,2.0,47.38,260,54875,326.0,翠竹外国语教学，翠竹苑精装两房，价格随便谈,"近地铁
东南
民水民电
电梯房",234.0,49388
罗湖,莲塘,四季御园（新世界四季御园）,3.0,2.0,76.81,500,65095,340.0,四季御园，精装朝南三房，拎包入住看房方便,"近地铁
新上
东南
民水民电",450.0,58586
罗湖,人民南,双城世纪大厦,2.0,1.0,58.0,300,51724,256.0,260万急售 总价低 近地铁 客厅带阳台,"近地铁
新上
北
民水民电",270.0,46552
罗湖,莲塘,四季御园（新世界四季御园）,4.0,2.0,152.59,800,52428,340.0,四季御园，精装大四方，拎包入住，看房方便,"近地铁
新上
南北通
民水民电",720.0,47185
宝安,桃源居,桃源居十六区,2.0,1.0,69.32,350,50490,543.0,桃源居16区（电梯两房）高层视野 看花园 安静,"近地铁
新上
南
民水民电",315.0,45441
罗湖,布心,阳光明居,2.0,1.0,55.0,400,72727,459.0,2.8.0买翠园东晓书包房，紧凑小2室，地铁口附近小高层，,"近地铁
新上
东
民水民电",360.0,65454
宝安,宝安中心区,金泓凯旋城,4.0,2.0,163.0,1520,93251,352.0,前海金泓凯旋城大四房业主诚心卖 看房随时,"近地铁
新上
东南
民水民电",1368.0,83926
罗湖,翠竹,鹏城合正星园,3.0,2.0,103.39,800,77376,420.0,合正上新 深中 锦田未用 看房方便 05年小区,"近地铁
北
民水民电
电梯房",720.0,69638
南山,华侨城,天鹅堡一期,4.0,,220.0,2350,106818,,"天鹅堡精装大四房特价房 看房方便,价格可谈","新上
西南
民水民电
电梯房",2115.0,96136
龙岗,布吉,佳兆业可园（一期）,2.0,2.0,69.4,305,43948,697.0,可园精装大两房满五税少户型方正急卖,"近地铁
北
民水民电
电梯房",274.5,39553
南山,华侨城,天鹅堡二期,4.0,2.0,230.0,2500,108695,,天鹅堡二期精装保养好，看房方便，价格好谈,"新上
南
民水民电
电梯房",2250.0,97826
宝安,新安,新安湖花园（二期）,5.0,2.0,138.28,598,43245,425.0,新放盘，新装修，新安湖花园二期，138平方5房，户型通透漂亮,"近地铁
新上
民水民电
精装修",538.2,38920
罗湖,人民南,新银座华庭,2.0,2.0,57.89,275,47503,128.0,新银座精装两房业主诚心出售,"近地铁
新上
南
民水民电",247.5,42753
罗湖,百仕达,君逸华府,2.0,2.0,72.31,400,55317,541.0,东晓+翠园（东晓），百仕达三期花园，天河城商城对面,"近地铁
西北
民水民电
电梯房",360.0,49785
罗湖,百仕达,君逸华府,2.0,2.0,72.31,375,51860,541.0,好房新上，东晓+翠园（东晓）百仕达三期花园，业主诚意出售,"近地铁
新上
南
民水民电",337.5,46674
盐田,沙头角,壹海城（二期）,3.0,2.0,155.0,950,61290,190.0,壹海城二期玺湾小区，价格可谈，配套齐全，交通便利,"近地铁
新上
南
民水民电",855.0,55161
福田,香蜜湖,东海国际公寓,5.0,2.0,285.0,1860,65263,409.0,东海国际公寓精装复式来电少50个,"近地铁
新上
北
民水民电",1674.0,58737
宝安,桃源居,桃源居六区,3.0,2.0,84.23,420,49863,837.0,桃源居首府朝南小三房，使用率超高户型，两梯四户通透格局，满五,"近地铁
新上
西南
民水民电",378.0,44877
南山,华侨城,香山美墅果岭,4.0,2.0,197.0,3300,167512,,香山美墅，业主诚心卖,"南
民水民电
拎包入住
可上网",2970.0,150761
罗湖,翠竹,翠竹苑,3.0,2.0,76.7,420,54758,326.0,翠竹3房，新装修业主自住保养好，好楼层3-2-8,"近地铁
新上
民水民电
电梯房",378.0,49282
龙岗,龙岗中心城,满京华喜悦里,4.0,2.0,120.39,400,33225,350.0,南联地铁口，满京华喜悦里，大四房两厅，业主诚心放卖，价格可谈,"近地铁
新上
南
民水民电",360.0,29902
龙岗,龙岗中心城,保利上城,4.0,2.0,142.0,720,50704,835.0,保利7/8栋03号房141平大四房，一手业主满五年税少诚心卖,"近地铁
新上
西南
民水民电",648.0,45634
罗湖,黄贝岭,金城华庭,2.0,1.0,54.0,310,57407,528.0,金城华庭 全新精装二房 户型好采光通透诚心卖 价格可谈,"近地铁
新上
西北
民水民电",279.0,51666
罗湖,莲塘,名骏豪庭,2.0,2.0,69.32,350,50490,703.0,名骏豪庭69平米南向2房可改3房 安静 小区人车分流,"近地铁
南
民水民电
电梯房",315.0,45441
福田,香蜜湖,香域中央花园,4.0,2.0,153.96,2980,193556,216.0,香域中和央4房有学和位有车位，价格可谈,"近地铁
南北通
民水民电
电梯房",2682.0,174200
龙华,龙华中心,锦绣江南（二期）,3.0,2.0,109.22,520,47610,,锦绣江南大三房急售,"新上
南
民水民电
电梯房",468.0,42849
罗湖,布心,松泉公寓,3.0,2.0,71.0,300,42253,520.0,业主急卖看房方便 价格大把空间 满五年税费少,"近地铁
民水民电
拎包入住
精装修",270.0,38028
龙岗,龙岗中心城,龙园大观花园（二期）,3.0,2.0,95.0,310,32631,,龙园大观二期 精装3房 中高楼层 采光好 华中师范附属,"新上
东西通
民水民电
电梯房",279.0,29368
龙岗,大运,中海康城花园,2.0,2.0,88.83,280,31520,,南北通视野采光好位置佳,"新上
西南
民水民电
电梯房",252.0,28368
罗湖,莲塘,东方.尊峪花园,3.0,2.0,124.75,580,46492,832.0,万科东方尊峪，精装三房，高楼层，红本五年，朝南向，看山景,"近地铁
新上
南
民水民电",522.0,41843
罗湖,人民南,新银座华庭,1.0,,24.0,100,41666,128.0,新银座高层 拎包入住租金回报高  业主急急急急售 双地铁,"近地铁
新上
北
民水民电",90.0,37499
龙岗,龙岗中心城,佳兆业水岸新都,1.0,1.0,57.21,145,25345,790.0,水岸新都 原始毛坯两房 仙田外国语 近地铁口,"近地铁
新上
南
民水民电",130.5,22810
龙岗,龙岗中心城,佳兆业水岸新都,3.0,2.0,64.91,200,30811,790.0,佳兆业水岸新都 顶楼复式 精装三房 仙田外国语 近地铁口,"近地铁
新上
南
民水民电",180.0,27730
宝安,桃源居,桃源居三区,3.0,2.0,110.36,520,47118,285.0,桃源居3区（低密洋房）经典大三房 跃层风格,"近地铁
南北通
民水民电
电梯房",468.0,42406
龙岗,龙岗中心城,公园大地花园,4.0,2.0,162.45,1000,61557,953.0,公园大地靠山边的中间楼层 住家装修近龙城公园 高赠送业主急售,"近地铁
南
民水民电
精装修",900.0,55401
盐田,梅沙,万科东海岸三期（悠翠居）,4.0,3.0,167.4,850,50776,,万科东海岸三期，新上别墅,"南
民水民电
拎包入住
可上网",765.0,45698
龙华,龙华中心,壹成中心花园(八区),3.0,2.0,76.36,435,56966,861.0,壹成八区精装修3房换房诚心出售自住看房方便,"近地铁
新上
西南
民水民电",391.5,51269
宝安,新安,君成雍和园,4.0,2.0,138.38,848,61280,83.0,君成雍和园，地铁口，满五年，南北通透，急售,"近地铁
新上
南
民水民电",763.2,55152
罗湖,黄贝岭,靖轩豪苑,2.0,2.0,73.63,418,56770,315.0,地铁口翠园可用阳光非常好大两房,"近地铁
新上
东南
民水民电",376.2,51093
盐田,沙头角,倚山花园（三期）,3.0,2.0,138.8,700,50432,632.0,倚山花园小区，价格可谈，配套齐全，交通便利,"近地铁
南
民水民电
精装修",630.0,45389
南山,桃园,香瑞园,3.0,2.0,119.06,1380,115907,513.0,"高楼层视野好 南北通透 , 满五 近地铁 香瑞园","近地铁
新上
东北
民水民电",1242.0,104316
盐田,盐田港,金港盛世华庭,2.0,2.0,54.46,205,37642,969.0,精装修二房，金港盛世，楼下地铁口。,"近地铁
新上
南
民水民电",184.5,33878
盐田,沙头角,倚山花园（三期）,2.0,2.0,80.2,310,38653,632.0,新世界倚山花园三期梧桐山下大花园式次新小区,"近地铁
新上
西南
民水民电",279.0,34788
罗湖,黄贝岭,新天地名居,1.0,1.0,38.4,208,54166,356.0,新天地一房一厅户型方正采光好满五唯一诚心卖价格可谈看房方便,"近地铁
新上
东北
民水民电",187.2,48749
盐田,沙头角,东埔海景花园（三期）,4.0,2.0,138.57,900,64949,723.0,南北通透大平层！实用250平米！满5年无增值税！,"近地铁
新上
南北通
民水民电",810.0,58454
龙岗,坂田,四季花城(一期北区),3.0,2.0,97.1,545,56127,315.0,次新！贴心好房买了省心入住，地铁50米,"近地铁
新上
南
民水民电",490.5,50514
罗湖,布心,阳光明居,2.0,2.0,75.57,460,60870,459.0,翠园东晓就在隔壁，价格有大空间，适合陪读居家的小区,"近地铁
新上
南
民水民电",414.0,54783
宝安,宝安中心区,西城上筑花园,2.0,2.0,75.0,569,75866,470.0,西城上筑花园.户型方正视线开阔.城市配套成熟，交通便捷。急卖,"近地铁
新上
东北
民水民电",512.1,68279
龙岗,龙岗中心城,佳兆业水岸新都,3.0,2.0,144.09,480,33312,790.0,佳兆业水岸新都 一期洋房 一楼带院子带地下室 环境好,"近地铁
南北通
民水民电
电梯房",432.0,29981
龙岗,大运,颐安都会中央花园（二期）,3.0,2.0,76.5,350,45751,280.0,颐安都会二期紧邻大运会馆，星河山姆购物广场多条地铁转换站旁边,"近地铁
南
民水民电
电梯房",315.0,41176
宝安,新安,君成雍和园,1.0,1.0,54.96,480,87336,83.0,住宅，雍和园，54平方1房1厅，满5年，布局分明，性价比高,"近地铁
东
民水民电
电梯房",432.0,78602
罗湖,莲塘,东方.尊峪花园,4.0,2.0,173.99,900,51727,832.0,东方尊峪带挑高入户，高层罗湖市区景观，视野开阔，实用200平,"近地铁
新上
南北通
民水民电",810.0,46554
福田,上下沙,花好园,2.0,1.0,59.79,460,76935,249.0,花好园精装两房，户型方正，使用率高，看花园安静,"近地铁
新上
南
民水民电",414.0,69242
宝安,宝安中心区,西城上筑花园,2.0,2.0,74.59,580,77758,470.0,壹方城商圈，看花园2房，安静，满五年，诚心出售,"近地铁
新上
东北
民水民电",522.0,69982
龙岗,龙岗中心城,满京华喜悦里,3.0,2.0,80.45,310,38533,350.0,高赠送拓展面积大使用率高，地铁口物业成熟社区周边配套齐全,"近地铁
东南
民水民电
电梯房",279.0,34680
福田,梅林,梅林一村,3.0,2.0,97.06,568,58520,382.0,福田梅林一村十三区精装三房诚心出售,"近地铁
新上
北
民水民电",511.2,52668
南山,前海,星海名城（六期）,4.0,2.0,134.12,950,70832,829.0,星海名城六期，精装4房，近地铁口，诚心出售,"近地铁
新上
西南
民水民电",855.0,63749
龙岗,大运,颐安都会中央花园（三期）,3.0,2.0,89.0,420,47191,552.0,大运片区地铁枢纽站，紧邻星河山姆会员店，临大运会馆,"近地铁
南
民水民电
电梯房",378.0,42472
龙岗,龙岗中心城,佳兆业水岸新都,2.0,2.0,72.81,255,35022,790.0,水岸新都 送入户花园 精装两房 朝南向 近地铁口,"近地铁
新上
南
民水民电",229.5,31520
龙岗,龙岗中心城,龙园大观花园（二期）,4.0,2.0,114.61,450,39263,,龙园大观 二楼带平台 精装4房 独门独户 南北通透 近地铁口,"新上
西北
民水民电",405.0,35337
罗湖,百仕达,新港鸿花园,2.0,2.0,82.11,400,48715,549.0,户型方正，实用格局好 已满五年，税费少,"近地铁
新上
南
民水民电",360.0,43844
盐田,梅沙,东部华侨城天麓（三区）,5.0,2.0,300.67,2800,93125,,天麓三区，独栋别墅，占地1000平米,"南
民水民电",2520.0,83812
罗湖,百仕达,百仕达花园一期,3.0,2.0,111.0,700,63063,374.0,品质靓装 安静楼层好 南北通户型方正实用 双地铁口物业,"近地铁
新上
南北通
民水民电",630.0,56757
福田,福田中心区,黄埔雅苑（一期翠悠园）,4.0,2.0,164.0,1800,109756,270.0,黄埔雅苑一期，新上高层四房，户型实用，业主急售，价格空间大,"近地铁
新上
南
民水民电",1620.0,98780
龙岗,龙岗中心城,佳兆业水岸新都,4.0,2.0,145.63,420,28840,790.0,佳兆业水岸新都 带地下室 精装3房 送入户花园 仙田外国语,"近地铁
新上
南
民水民电",378.0,25956
龙岗,布吉,慢城（三期）,2.0,2.0,74.55,350,46948,,慢城南北通透方正两房精装修户型方正花园中间安静舒适近地铁,"南北通
民水民电
电梯房
精装修",315.0,42253
福田,梅林,碧荔花园,2.0,2.0,75.22,460,61153,545.0,梅林碧荔花园电梯两房户型方正凤凰楼层业主换房诚心出售,"近地铁
新上
北
民水民电",414.0,55038
罗湖,翠竹,合正荣悦,2.0,1.0,48.0,400,83333,410.0,合正荣悦朝南两房.装修保养好.业主诚心卖.价格好谈,"近地铁
新上
西南
民水民电",360.0,75000
坪山,坪山中心区,天峦湖花园,5.0,2.0,205.0,800,39024,,天峦湖业主诚心出售，价格便宜,"新上
东西通
民水民电",720.0,35122
盐田,沙头角,碧桐湾,1.0,,20.52,80,38986,296.0,碧桐湾新上架小房子，业主诚心出售，看房随时都可以安排,"近地铁
新上
北
民水民电",72.0,35087
龙岗,布吉,百合星城（一期）,2.0,2.0,78.0,240,30769,332.0,百合星城 四条地铁环绕 满五年 可改三房 大阳台 过渡期首选,"近地铁
新上
北
民水民电",216.0,27692
宝安,桃源居,桃源居十四区,4.0,2.0,124.76,700,56107,260.0,桃源居14区，124平方4房2厅，户型使用率高，低价诚心出售,"近地铁
东南
民水民电
电梯房",630.0,50496
宝安,桃源居,桃源居十六区,2.0,2.0,82.89,390,47050,543.0,2房 户型使用率高 周边近地铁 配套成熟,"近地铁
南
民水民电
电梯房",351.0,42345
罗湖,百仕达,东乐花园(罗湖),3.0,2.0,84.0,315,37500,393.0,精装修拎包入住性价比高 已满二年，税费少，价格实惠,"近地铁
新上
南
民水民电",283.5,33750
罗湖,莲塘,鹏兴花园（五期）,3.0,2.0,107.0,498,46542,632.0,鹏兴花园五期，三房二厅二卫，中高楼层，南北通，有心出售，,"近地铁
新上
北
民水民电",448.2,41888
盐田,沙头角,君临海域（一期）,2.0,2.0,66.59,316,47454,418.0,君临海域小区，价格可谈，配套齐全，交通便利,"近地铁
南
民水民电
电梯房",284.4,42709
盐田,沙头角,东埔海景花园（三期）,4.0,2.0,184.0,1770,96195,723.0,东埔海景大四房豪华装修高层,"近地铁
南北通
民水民电
电梯房",1593.0,86576
龙岗,布吉,中城康桥花园（二期）,3.0,2.0,89.49,318,35534,532.0,特殊户型多送露台，3地铁交通方便大社区，标准三房实用率高,"近地铁
南
民水民电
电梯房",286.2,31981
罗湖,新秀,东方都会大厦,1.0,,30.56,126,41230,633.0,业主急卖，东方都会大厦，谈价空间大，配套齐全，采光通透,"近地铁
南
民水民电
电梯房",113.4,37107
南山,西丽,宝能城花园,4.0,2.0,89.92,900,100088,207.0,宝能城89平超笋盘、急卖、价格可议、业主我熟看房联系我,"近地铁
北
民水民电
电梯房",810.0,90079
南山,前海,佳兆业前海广场,3.0,2.0,85.9,750,87310,849.0,前海佳兆业前海广场 精装3房 业主诚心售,"近地铁
新上
东南
民水民电",675.0,78579
龙岗,龙岗中心城,麓园,3.0,2.0,88.57,370,41774,586.0,业主向市场妥协！地铁口刚降价房源，精装，满五年急售，价格私聊,"近地铁
新上
东南
民水民电",333.0,37597
罗湖,洪湖,源兴居,2.0,2.0,54.0,240,44444,325.0,价钱可谈 2房户型实用 近地铁 带桂园学..位,"近地铁
新上
南
民水民电",216.0,40000
罗湖,人民南,新银座华庭,2.0,1.0,54.21,260,47961,128.0,此房急卖，240来万，地段优越，来回香港便利,"近地铁
新上
南
民水民电",234.0,43165
宝安,宝安中心区,金泓凯旋城,4.0,2.0,175.0,1530,87428,352.0,金泓凯旋精装大三房，客厅出大阳台看花园，小区社区大，住家舒适,"近地铁
新上
南
民水民电",1377.0,78685
罗湖,翠竹,合正荣悦,4.0,2.0,163.48,1396,85392,410.0,合正荣悦 5栋单位高楼层 朝南 通风采光好。业主诚心可谈,"近地铁
新上
南
民水民电",1256.4,76853
宝安,宝安中心区,高发西岸花园（一期）,6.0,2.0,166.17,1400,84251,196.0,高发西岸大四房二卫东南向,"近地铁
新上
东南
民水民电",1260.0,75826
宝安,新安,流塘阳光花园,4.0,2.0,87.49,720,82295,301.0,装修保养好 赠送多 居家安静 产权清晰,"近地铁
新上
东南
民水民电",648.0,74066
罗湖,人民南,新银座华庭,1.0,1.0,47.39,200,42202,128.0,罗湖口岸一房一厅 业主急急急拎包入住双地铁,"近地铁
新上
北
民水民电",180.0,37982
龙岗,龙岗中心城,佳兆业水岸新都,3.0,2.0,134.21,360,26823,790.0,佳兆业水岸新都 南北通透 独门独户 仙田外国语 大社区环境好,"近地铁
新上
南北通
民水民电",324.0,24141
龙岗,龙岗中心城,佳兆业水岸新都,3.0,2.0,73.13,280,38287,790.0,佳兆业水岸新都 精装三房 带露台 仙田外国语 近地铁口,"近地铁
新上
东
民水民电",252.0,34458
罗湖,百仕达,百仕达花园一期,3.0,2.0,113.34,730,64407,461.0,方正，精装，朝南，看房约,"近地铁
新上
南
民水民电",657.0,57966
罗湖,百仕达,君逸华府,1.0,1.0,44.93,330,73447,541.0,翠园中..学 精装高层红本满五唯1 咫尺粤海城商场,"近地铁
西南
民水民电
精装修",297.0,66102
罗湖,百仕达,百仕达花园五期(乐湖),3.0,2.0,141.73,940,66323,768.0,新上—喜荟城楼上 百仕达乐湖 南向高楼层 3+1房 景观好,"近地铁
南
民水民电
电梯房",846.0,59691
福田,福田中心区,彩福大厦,4.0,2.0,114.0,615,53947,98.0,福田CBD高层南向四房，配套成熟，满五年红本在手，诚心出售,"近地铁
新上
西
民水民电",553.5,48552
宝安,桃源居,桃源居十六区,3.0,2.0,117.71,618,52501,543.0,3房户型 通风采光好 使用率高 配套成熟 价格可谈,"近地铁
新上
南
民水民电",556.2,47251
罗湖,莲塘,名骏豪庭,1.0,1.0,43.0,200,46511,703.0,罗沙路旁品质小区，业主诚心出，看房方便,"近地铁
新上
北
民水民电",180.0,41860
罗湖,翠竹,翠竹苑,2.0,1.0,65.0,325,50000,326.0,翠竹苑大2房，业主换房急卖，价格空间大，看房方便，地铁口,"近地铁
南北通
民水民电
电梯房",292.5,45000
龙岗,龙岗中心城,佳兆业水岸新都,3.0,2.0,119.0,460,38655,790.0,佳兆业水岸新都 复式4房 实用面积大 一楼带院子带地下室,"近地铁
新上
南
民水民电",414.0,34790
罗湖,翠竹,金丽豪苑,4.0,2.0,114.0,820,71929,319.0,金丽豪苑，业主有心卖，配套齐全，可谈价,"近地铁
新上
北
民水民电",738.0,64736
南山,前海,阳光棕榈园（三期）,3.0,2.0,116.16,860,74035,845.0,阳光棕榈园三期高楼层,"近地铁
新上
东南
民水民电",774.0,66632
宝安,新安,君成雍和园,1.0,1.0,53.19,330,62041,83.0,君成雍和园 精装修 地铁口 只交契税,"近地铁
新上
东北
民水民电",297.0,55837
罗湖,百仕达,东乐花园(罗湖),2.0,2.0,82.0,350,42682,393.0,大社区，东乐花园，中间楼层，可改三房,"近地铁
新上
南北通
民水民电",315.0,38414
罗湖,百仕达,百仕达花园五期(乐湖),3.0,2.0,141.73,980,69145,768.0,830万急售 总价低 中间楼层 近双地铁 靠公园,"近地铁
南
民水民电
电梯房",882.0,62230
罗湖,洪湖,源兴居,3.0,2.0,92.94,480,51646,325.0,源兴居，公园里的家，方正三房，桂园未用,"近地铁
南
民水民电
电梯房",432.0,46481
龙岗,龙岗中心城,佳兆业水岸新都,2.0,2.0,80.62,235,29149,790.0,佳兆业水岸新都 精装两房 朝南向 仙田外语,"近地铁
新上
东南
民水民电",211.5,26234
宝安,新安,勤诚达22世纪(和园),5.0,2.0,186.25,1588,85261,220.0,送私家花园平台，186平方5房新装修，勤诚达和园，带宝中,"近地铁
新上
东南
民水民电",1429.2,76735
罗湖,莲塘,东方.尊峪花园,4.0,2.0,182.4,1050,57565,832.0,东方尊峪中高层大三房看房方便,"近地铁
南
民水民电
电梯房",945.0,51808
罗湖,莲塘,东方.尊峪花园,4.0,2.0,181.06,850,46945,832.0,万科东方尊峪，三阶梯，南北通透大四房，红本五年，看房方便,"近地铁
新上
南北通
民水民电",765.0,42250
龙岗,布吉,信义金御半山（一期）,4.0,2.0,89.0,760,85393,527.0,南北通透看小区四房,"近地铁
西北
民水民电
电梯房",684.0,76854
龙岗,布吉,桂芳园（五期）,3.0,2.0,92.63,530,57216,492.0,地铁口物业，周边配套齐全，适合居住,"近地铁
东南
民水民电
电梯房",477.0,51494
罗湖,布心,彩世界家园,3.0,2.0,90.12,430,47714,543.0,近公园近地铁采光好,"近地铁
新上
西北
民水民电",387.0,42943
盐田,梅沙,东部华侨城天麓（三区）,5.0,3.0,212.0,1600,75471,,身份编配天麓三区联排别墅，人生追求。,"新上
东南
民水民电",1440.0,67924
罗湖,莲塘,金色年华家园,3.0,2.0,75.7,380,50198,490.0,置换可谈 岁宝楼上 下楼就是地铁、华润罗外、莲南都在周边围绕,"近地铁
新上
西北
民水民电",342.0,45178
罗湖,洪湖,鹏大厦,1.0,,21.02,360,171265,248.0,275万急售 总价低 带深中 近地铁,"近地铁
新上
南
民水民电",324.0,154138
龙岗,龙岗中心城,百合盛世（二期）,2.0,2.0,75.82,218,28752,,新上笋盘 业主急卖 满五带书位有红本 来电优先看房 满五年,"新上
南
民水民电
电梯房",196.2,25877
南山,华侨城,天鹅堡一期,3.0,2.0,221.0,2400,108597,,天鹅堡，装修保养好，东南朝向,"新上
东南
民水民电
电梯房",2160.0,97737
罗湖,莲塘,东方.尊峪花园,2.0,2.0,124.57,650,52179,832.0,东方尊峪豪宅大社区高层大三房,"近地铁
东
民水民电
电梯房",585.0,46961
罗湖,莲塘,东方.尊峪花园,4.0,2.0,181.0,1100,60773,832.0,东方尊峪三阶梯，高层视野景观开阔，实用超200平，南北通透,"近地铁
西南
民水民电
电梯房",990.0,54696
宝安,宝安中心区,幸福海岸（三期）,4.0,2.0,145.94,1500,102781,94.0,幸福海岸花园.前海高档小区.户型方正实用.安静舒适.急卖,"近地铁
新上
北
民水民电",1350.0,92503
龙华,龙华中心,城市明珠花园（二期）,4.0,2.0,112.9,510,45172,479.0,总共23栋电梯房，车位比例一比一，是个成熟大社区，各种生活配,"近地铁
新上
东
民水民电",459.0,40655
罗湖,莲塘,东方.尊峪花园,3.0,2.0,127.0,600,47244,832.0,罗湖半山豪宅区高层城市景观大三房车位充足,"近地铁
新上
南
民水民电",540.0,42520
盐田,沙头角,壹海城（二期）,4.0,2.0,185.79,1200,64589,190.0,壹海城 玺湾高层 4发2卫 停车位充足,"近地铁
东南
民水民电
电梯房",1080.0,58130
罗湖,莲塘,四季御园（新世界四季御园）,3.0,2.0,78.02,480,61522,340.0,新世界四季御园，精装好3房，装修保养好，业主全天配合,"近地铁
南
民水民电
电梯房",432.0,55370
福田,香蜜湖,东海国际公寓,3.0,2.0,246.0,2600,105691,409.0,东海国际公寓高层海景视野开阔看房方便,"近地铁
新上
西南
民水民电",2340.0,95122
龙华,上塘,潜龙曼海宁花园（南区）,4.0,2.0,121.16,620,51172,408.0,上塘曼海宁看花园4房笋盘,"近地铁
东南
民水民电
电梯房",558.0,46055
罗湖,人民南,友谊大厦,2.0,1.0,52.0,225,43269,235.0,国贸地铁口 业主急急急 拎包入住 罗湖口岸,"近地铁
新上
南
民水民电",202.5,38942
盐田,盐田港,中海半山溪谷花园,5.0,2.0,134.65,480,35647,829.0,半山溪谷看房方便,"近地铁
新上
南
民水民电",432.0,32082
南山,南头,豪方天际花园,4.0,2.0,89.54,850,94929,226.0,南山豪方天际 精装4房 大花园社区进地铁公园,"近地铁
新上
南
民水民电",765.0,85436
福田,上下沙,花好园,1.0,,29.44,228,77445,249.0,花好园，9号线下沙地铁口，红本满五,"近地铁
新上
南
民水民电",205.2,69700
盐田,梅沙,万科东海岸四期（达观居）,2.0,1.0,88.0,300,34090,,万科精装2房，可改三房子，大阳台,"新上
南
民水民电
电梯房",270.0,30681
盐田,梅沙,万科东海岸二期(云山居),2.0,2.0,82.88,400,48262,,万科精装2房，新装修，户型方正，实用,"新上
南
民水民电
电梯房",360.0,43436
南山,南头,麒麟花园（一期）,3.0,2.0,119.29,898,75278,,麒麟花园一期三房满五年小高层电梯房,"近地铁
新上
南北通
民水民电",808.2,67750
罗湖,布心,淘金山湖景花园二期,4.0,2.0,173.69,1090,62755,856.0,豪装现房东南向高层看山景红本满五诚售价格有惊喜,"近地铁
新上
南北通
民水民电",981.0,56480
盐田,梅沙,东部华侨城天麓（六区）,4.0,3.0,174.32,990,56792,,原生态环境（内独栋别墅）花园500平 多车位,"南
民水民电
可上网
精装修",891.0,51113
宝安,宝安中心区,鸿荣源尚都,4.0,2.0,133.34,1280,95995,513.0,尚都花园.周边配套齐全.视野开阔.户型方正实用.地段好.急卖,"近地铁
新上
南北通
民水民电",1152.0,86396
罗湖,翠竹,怡泰大厦,3.0,2.0,99.65,458,45960,339.0,380谈价空间大，东南朝向，双卫采光通透，拎包入住。,"近地铁
新上
西南
民水民电",412.2,41364
宝安,桃源居,桃源居六区,6.0,2.0,302.72,2400,79281,837.0,桃源居山顶中空复式房，依山而建，视野空气好，俯瞰桃源居景观,"近地铁
新上
南
民水民电",2160.0,71353
宝安,宝安中心区,丽晶国际,6.0,2.0,164.0,1388,84634,324.0,丽晶国际花园.生活配套齐全.户型方正好用.地段好.看房方便,"近地铁
新上
东西通
民水民电",1249.2,76171
龙岗,龙岗中心城,中央悦城,5.0,3.0,182.0,468,25714,320.0,悦城花园16号地铁口复式上下两层满五税少诚心出售看房方便价格,"近地铁
新上
民水民电
电梯房",421.2,23143
福田,香蜜湖,安峦公馆,4.0,2.0,125.0,2199,175920,70.0,香蜜湖次新房，新上四房，南北通，户型实用，价格可谈，深高护航,"近地铁
新上
南北通
民水民电",1979.1,158328
盐田,盐田港,天利明园,1.0,1.0,46.58,105,22541,,业主急售，精装修，地铁口，一房可改两房，满5年,"新上
南
民水民电
电梯房",94.5,20287
罗湖,莲塘,东方.尊峪花园,2.0,2.0,89.34,450,50369,832.0,东方尊峪带露台花园8平方，适合做三房，层高3.5米，大空间,"近地铁
南
民水民电
电梯房",405.0,45332
福田,景田,东方玫瑰花园（一期）,4.0,2.0,143.17,1350,94293,404.0,东方玫瑰园，小高层南北通四房，安静位置，业主急卖，价格可谈,"近地铁
新上
南北通
民水民电",1215.0,84864
盐田,盐田港,金港盛世华庭,7.0,3.0,250.0,880,35200,969.0,三层复式，豪华装修，带100多平大露台，业主诚心出售,"近地铁
新上
东南
民水民电",792.0,31680
福田,香蜜湖,香域中央花园,4.0,2.0,157.95,3480,220322,216.0,香蜜公园旁边高楼层南北通有一个私家车位,"近地铁
新上
南北通
民水民电",3132.0,198290
罗湖,百仕达,旭飞华达园,1.0,1.0,40.98,220,53684,510.0,水贝商圈地段，旭飞华达园，精装修满五年，业主诚意出售,"近地铁
西南
民水民电
电梯房",198.0,48316
罗湖,翠竹,翠竹苑,2.0,2.0,52.02,260,49980,326.0,"翠竹2楼2房，2-3-0-W,翠小空置，地铁口物业价格可谈","近地铁
新上
南
民水民电",234.0,44982
宝安,桃源居,桃源居六区,4.0,2.0,147.0,720,48979,837.0,147平方4房，桃源居六区，满五年税费少，赠送大入户花园,"近地铁
新上
民水民电
电梯房",648.0,44081
宝安,西乡,白金假日公寓,2.0,2.0,44.8,320,71428,219.0,宝安1号线坪洲地铁口小户型两房低总价精装房诚意出售,"近地铁
新上
南
民水民电",288.0,64285
福田,皇岗口岸,皇御苑B区,3.0,2.0,113.86,830,72896,294.0,皇御苑二期南北通透三房精致装修,"近地铁
新上
东南
民水民电",747.0,65606
罗湖,翠竹,龙丽园,3.0,2.0,85.0,500,58823,453.0,带深中和锦田在，东南朝向，保养好，诚心出售，价格好谈，都配合,"近地铁
新上
西南
民水民电",450.0,52941
龙岗,龙岗中心城,佳兆业水岸新都,3.0,2.0,108.0,300,27777,790.0,佳兆业水岸新都 一楼带院子 精装3房 仙田外国语 近地铁口,"近地铁
新上
民水民电
电梯房",270.0,24999
罗湖,翠竹,泊林花园,2.0,1.0,68.0,399,58676,334.0,精装住家两房看园林景观安静随时看房,"近地铁
新上
西
民水民电",359.1,52808
宝安,桃源居,桃源居十五区,2.0,2.0,77.36,380,49120,518.0,户型方正 使用率高 近地铁 价格可谈,"近地铁
新上
南
民水民电",342.0,44208
龙岗,龙岗中心城,保利上城,4.0,2.0,141.19,750,53119,835.0,业主精装急售！南北通看花园，高楼层视野无遮挡，,"近地铁
新上
西南
民水民电",675.0,47807
罗湖,翠竹,逸翠园,3.0,2.0,115.95,500,43122,485.0,翡翠星空 公园里的家 红本满五 大阳台 景观好 高层,"近地铁
新上
南
民水民电",450.0,38810
罗湖,布心,阳光明居,2.0,2.0,73.97,450,60835,459.0,精装户型实用 地铁口物业 翠园+东晓,"近地铁
新上
南
民水民电",405.0,54752
罗湖,翠竹,怡泰大厦,4.0,2.0,120.09,580,48297,339.0,怡泰4房，业主自住，盘源维护人4+8+8找我可以帮到您,"近地铁
新上
南
民水民电",522.0,43467
罗湖,布心,松泉公寓,2.0,1.0,56.75,245,43171,520.0,公园2房急卖！置换房价格好谈，户型方正，光线好！安静朝南！,"近地铁
东南
民水民电
精装修",220.5,38854
宝安,桃源居,桃源居十四区,4.0,2.0,147.89,720,48684,260.0,桃源居十四区，147平方4房2厅，送入户花园，次新小区安静,"近地铁
南北通
民水民电
电梯房",648.0,43816
罗湖,莲塘,东方.尊峪花园,5.0,2.0,181.14,850,46925,832.0,东方尊峪5栋带私家入户，南北通透，性价比高带大露台，双数层,"近地铁
新上
南北通
民水民电",765.0,42232
罗湖,万象城,中海天钻,3.0,2.0,118.7,1200,101095,399.0,中海天钻3房精装出售,"近地铁
西
民水民电
电梯房",1080.0,90986
罗湖,翠竹,愉天小区,1.0,1.0,29.11,320,109927,335.0,急售！愉天小区低总价小户型 地铁口物业 待迁满五年！,"近地铁
新上
南
民水民电",288.0,98934
龙华,龙华中心,壹成中心花园(七区),5.0,2.0,139.0,910,65467,,豪华拎包入住,"新上
南
民水民电
电梯房",819.0,58920
龙岗,布吉,佳兆业可园（六期）,3.0,2.0,110.1,456,41416,760.0,可园南区朝南3房高楼层看花园，满五年惟一，高实用，保养好,"近地铁
新上
北
民水民电",410.4,37274
罗湖,莲塘,鹏兴花园（五期）,3.0,2.0,74.03,350,47278,632.0,鹏兴花园五期  复式实用率高 近莲南 诚心出售,"近地铁
新上
北
民水民电",315.0,42550
罗湖,莲塘,东方.尊峪花园,5.0,2.0,182.0,900,49450,832.0,万科东方尊峪，安静大社区，天然氧吧,"近地铁
新上
南北通
民水民电",810.0,44505
罗湖,莲塘,四季御园（新世界四季御园）,3.0,2.0,102.77,580,56436,340.0,新世界四季御园，新上复试房源,"近地铁
新上
南
民水民电",522.0,50792
盐田,沙头角,东埔海景花园（三期）,4.0,2.0,184.95,930,50283,723.0,东埔海景大平层 海景双阳台,"近地铁
南北通
民水民电
电梯房",837.0,45255
盐田,梅沙,万科东海岸四期（达观居）,2.0,2.0,88.0,400,45454,,带私家花园的大二房，山海景观，业主诚心出售,"民水民电
电梯房
精装修",360.0,40909
南山,前海,诺德假日花园,4.0,2.0,85.0,900,105882,435.0,诺德假日花园满五年业主诚意出售,"近地铁
新上
东
民水民电",810.0,95294
龙岗,大运,颐安都会中央花园（二期）,5.0,2.0,145.0,800,55172,280.0,业主向市场妥协！地铁口刚降价房源，精装，满五年急售，价格私聊,"近地铁
新上
南北通
民水民电",720.0,49655
罗湖,莲塘,四季御园（新世界四季御园）,3.0,2.0,82.0,498,60731,340.0,新世界四季御园，精装好房，装修保养好，看房配合,"近地铁
新上
北
民水民电",448.2,54658
南山,华侨城,天鹅堡一期,3.0,2.0,220.0,2500,113636,,天鹅堡，东南看花园，房子保养好,"东南
民水民电
电梯房
拎包入住",2250.0,102272
罗湖,布心,松泉公寓,2.0,2.0,61.36,200,32594,520.0,松泉公寓 东晓+翠园 近地铁 近公园 换房诚心出售 价格可谈,"近地铁
新上
南
民水民电",180.0,29335
宝安,西乡,金港华庭,3.0,2.0,89.0,380,42696,710.0,急！急！西乡碧海空中花园小区，直降40万，配套成熟，看房方便,"近地铁
新上
东北
民水民电",342.0,38426
盐田,沙头角,碧桐湾,2.0,2.0,64.3,255,39657,296.0,碧桐湾 两房 高楼层采光充足 通透 精装修,"近地铁
新上
东
民水民电",229.5,35691
南山,华侨城,天鹅堡三期,5.0,2.0,272.0,4300,158088,879.0,"天鹅堡三期毛坯大复式特价房,带露台，业主急卖，看房方便","近地铁
新上
南北通
民水民电",3870.0,142279
罗湖,翠竹,嘉湖新都,3.0,2.0,82.0,650,79268,340.0,地铁铁口满五年，看房方便，诚心出售,"近地铁
新上
北
民水民电",585.0,71341
龙华,龙华中心,锦绣江南（一期）,4.0,2.0,141.14,695,49241,,龙华民治锦绣江南3层复试自住装修保养好位置安静宜居家,"新上
南
民水民电
精装修",625.5,44317
宝安,新安,流塘阳光花园,3.0,2.0,71.45,410,57382,301.0,地铁口流塘站 次新宜居家小区 南向看花园景观,"近地铁
南
民水民电
电梯房",369.0,51644
宝安,新安,勤诚达22世纪(和园),4.0,2.0,130.04,1280,98431,220.0,正南向看灵芝公园，单证的，勤诚达和园，130平方4房，高层的,"近地铁
新上
南
民水民电",1152.0,88588
南山,华侨城,纯水岸一期,5.0,2.0,282.61,5000,176922,,纯水岸精装保养好，看房方便，价格好谈,"新上
南北通
民水民电
电梯房",4500.0,159230
南山,西丽,桃源村（二期）,3.0,2.0,91.58,446,48700,141.0,安静南向看花园诚心卖降30万,"近地铁
新上
南
民水民电",401.4,43830
南山,华侨城,纯水岸十五期,5.0,3.0,445.0,11200,251685,,纯水岸十五期精装顶层三层大复式，湖景，业主急卖，看房方便！,"南北通
民水民电
电梯房",10080.0,226516
福田,上下沙,京基滨河时代广场,1.0,2.0,62.26,320,51397,479.0,京基滨河时代广场，商务公寓，客厅出阳台，大一房一厅，舒适,"近地铁
南
民水民电
电梯房",288.0,46257
罗湖,人民南,新银座华庭,2.0,2.0,57.0,285,50000,128.0,新银座，二房一厅，业主诚心出售,"近地铁
新上
南
民水民电",256.5,45000
罗湖,莲塘,梧桐山新居（二期）,1.0,,24.37,159,65244,448.0,梧桐山新居二期精美一房出售，看房方便，价格可谈,"近地铁
新上
东
民水民电",143.1,58720
罗湖,翠竹,金丽豪苑,1.0,1.0,53.83,500,92885,319.0,带深中和翠北在，业主急卖了，价格好谈空间大，都配合，可看房,"近地铁
南
民水民电
电梯房",450.0,83596
宝安,西乡,圣淘沙,3.0,2.0,69.19,608,87873,210.0,碧海笋盘丨圣淘沙骏园丨业主急售丨全明格局丨动静分区丨使用率高,"近地铁
新上
东南
民水民电",547.2,79086
罗湖,翠竹,翠华花园,3.0,2.0,75.0,445,59333,253.0,好房新上，翠华花园，精装修满五年，业主诚意出售急卖,"近地铁
南
民水民电
拎包入住",400.5,53400
福田,福田口岸,金地名津,1.0,1.0,46.0,250,54347,353.0,福田口岸科技创新C位金地名津一房一厅，自住投资相当不错,"近地铁
新上
民水民电
电梯房",225.0,48912
福田,福田口岸,金地名津,2.0,2.0,63.0,370,58730,353.0,福田口岸科技创新区金地名津住宅中高层两房,"近地铁
新上
东
民水民电",333.0,52857
罗湖,莲塘,东方.尊峪花园,3.0,2.0,124.41,588,47263,832.0,三阶梯端头位置市区景观，居高临下，景观开阔，大阳台入则林静,"近地铁
新上
西北
民水民电",529.2,42537
南山,深圳湾,太古城花园（南区）,2.0,1.0,47.0,598,127234,163.0,地铁口宝能太古城业主诚心卖价格可以谈,"近地铁
新上
南
民水民电",538.2,114511
南山,华侨城,新天鹅堡三期,3.0,2.0,122.1,1800,147420,609.0,新天鹅湖三期，D栋高层，200万豪华装修，看山，湖，海景无挡,"近地铁
新上
南北通
民水民电",1620.0,132678
罗湖,莲塘,梧桐山新居（二期）,3.0,1.0,75.6,355,46957,448.0,境装修大三房户型实用看房方便,"近地铁
南
民水民电
电梯房",319.5,42261
宝安,新安,中洲华府（一期）,4.0,2.0,138.0,1229,89057,493.0,中洲华府精装修四房 东南朝向 使用率高,"近地铁
新上
东南
民水民电",1106.1,80151
龙岗,布吉,佳兆业可园（六期）,2.0,2.0,73.38,350,47696,760.0,公园里的家大社区舒适宜居,"近地铁
新上
南
民水民电",315.0,42926
罗湖,莲塘,东方.尊峪花园,4.0,2.0,182.34,1055,57858,832.0,东方尊峪二台地中高层大三房环境舒适,"近地铁
南
民水民电
电梯房",949.5,52072
罗湖,布心,崇德雍翠华府,2.0,2.0,61.23,269,43932,488.0,雍翠华府全新装修两房满五年近地铁近公园换大房诚心出售,"近地铁
新上
西北
民水民电",242.1,39539
盐田,梅沙,万科东海岸四期（达观居）,2.0,1.0,88.75,480,54084,,万科东海岸四期高层精装海景两房,"南
民水民电
电梯房
精装修",432.0,48676
南山,华侨城,纯水岸十五期,5.0,2.0,255.91,3980,155523,,纯水岸十五期湖景4+2房 高实用  南北通透业主急卖，看房方,"新上
东南
民水民电
电梯房",3582.0,139971
南山,科技园,名家富居,3.0,2.0,120.7,980,81193,397.0,急售 名家富居3房户型实用 高赠送 空置中 随时可看房,"近地铁
新上
东北
民水民电",882.0,73074
罗湖,莲塘,东方.尊峪花园,4.0,2.0,158.0,720,45569,832.0,东方尊峪大平层带私家入户，南北通透，四房单价低，拓展面积大,"近地铁
新上
南北通
民水民电",648.0,41012
龙岗,龙岗中心城,万象天成（盛龙花园二期）,2.0,2.0,76.75,200,26058,760.0,万象天成双地铁精装修朝南看花园满五诚心出售看房方便,"近地铁
南北通
民水民电
电梯房",180.0,23452
罗湖,莲塘,东方.尊峪花园,4.0,2.0,139.36,800,57405,832.0,全屋200多W新装、万科物业车位巨充足、依山而建负氧离子高、,"近地铁
新上
南
民水民电",720.0,51664
宝安,桃源居,桃源居三区,2.0,2.0,82.58,500,60547,285.0,位置安静.配套齐全.地铁口.看房方便,"近地铁
南
民水民电
电梯房",450.0,54492
宝安,桃源居,桃源居十一区,2.0,2.0,79.79,420,52638,461.0,桃源居户型方正采光好书包房交通方便,"近地铁
新上
南
民水民电",378.0,47374
龙岗,布吉,信义荔山公馆（景和园）,2.0,2.0,73.0,360,49315,527.0,商品住宅 近医院 高楼层视野好 交通便利  带电梯,"近地铁
新上
北
民水民电",324.0,44384
罗湖,万象城,中海天钻,4.0,2.0,180.03,1450,80542,399.0,中海天钻精装修4房业主诚意出价格可聊,"近地铁
南北通
民水民电
电梯房",1305.0,72488
罗湖,莲塘,东方.尊峪花园,3.0,2.0,124.18,600,48316,832.0,东方尊峪热门户型大三房绿化高环境好,"近地铁
新上
南
民水民电",540.0,43484
龙岗,龙岗中心城,公园大地花园,5.0,3.0,125.0,770,61600,953.0,公园大地赠送多保养新拎包入住,"近地铁
南北通
民水民电
电梯房",693.0,55440
宝安,宝安中心区,壹方中心·玖誉(三期),3.0,2.0,100.9,1380,136769,250.0,宝中ONE 豪装三房业主置换诚售价格可谈,"近地铁
东北
民水民电
电梯房",1242.0,123092
龙岗,布吉,佳兆业可园（一期）,3.0,2.0,88.37,430,48659,697.0,可园高楼层3十2房带大阳台，满五年惟一，看花园安静，新装修,"近地铁
新上
北
民水民电",387.0,43793
罗湖,翠竹,嘉多利花园,4.0,2.0,141.0,1100,78014,598.0,花园中间，南北通透格局，好房急卖！价格好谈，看房方便！,"近地铁
新上
南
民水民电",990.0,70213
罗湖,黄贝岭,靖轩豪苑,2.0,2.0,72.0,450,62500,315.0,翠园本部+翠园中小九年制地铁口东南向大两房价格可谈,"近地铁
新上
东南
民水民电",405.0,56250
南山,前海,星海名城（二期）,2.0,2.0,75.89,505,66543,754.0,资源丰富，小区内自带三所幼儿园,"近地铁
新上
南
民水民电",454.5,59889
宝安,宝安中心区,花样年花郡家园,1.0,1.0,38.0,250,65789,419.0,业主换房急售价格可谈宝体地铁口旁,"近地铁
新上
南
民水民电",225.0,59210
盐田,沙头角,君临海域（一期）,2.0,2.0,67.33,225,33417,418.0,君临海域，精装修，业主诚心出售,"近地铁
东南
民水民电
电梯房",202.5,30075
罗湖,莲塘,名骏豪庭,2.0,2.0,69.0,258,37391,703.0,名骏豪庭，二房二厅，东南向，安静小区，高楼层，,"近地铁
新上
东南
民水民电",232.2,33652
龙岗,布吉,万科红（海轩广场）,2.0,2.0,71.77,385,53643,483.0,万科红朝南两房 满五税少 户型方正 急卖,"近地铁
新上
南
民水民电",346.5,48279
罗湖,翠竹,泊林花园,3.0,2.0,76.74,530,69064,334.0,水贝泊林 东南三房 看房方便  业主换房  价格可谈,"近地铁
新上
南
民水民电",477.0,62158
罗湖,新秀,新秀村（南区）,2.0,2.0,71.45,252,35269,485.0,朋友的房子，看房方便，住家安静，急售，费用少,"近地铁
新上
南北通
民水民电",226.8,31742
龙岗,布吉,信义金御半山（三期信义荔景御园）,5.0,2.0,124.77,848,67965,525.0,信义金御半山三期，朝南看花园，户型方正，少有放盘，采光好，急,"近地铁
南北通
民水民电
电梯房",763.2,61168
福田,香蜜湖,东海国际公寓,3.0,2.0,187.0,1280,68449,409.0,复试三房三卫，业主诚心出售，价格笋,"近地铁
西北
民水民电
电梯房",1152.0,61604
盐田,沙头角,上东湾,2.0,2.0,43.66,280,64131,266.0,口岸物业，近地铁口，高楼层，精装2房,"近地铁
北
民水民电
电梯房",252.0,57718
罗湖,布心,崇德雍翠华府,3.0,2.0,62.0,250,40322,488.0,崇德雍翠华府 急售 朝南 花园小区 红本满五,"近地铁
新上
东北
民水民电",225.0,36290
宝安,新安,都市翠海华苑,2.0,2.0,52.69,550,104384,108.0,2房户型 通风采光好 使用率高 配套成熟 价格可谈,"近地铁
新上
西南
民水民电",495.0,93946
罗湖,翠竹,翠拥华庭,2.0,2.0,66.95,380,56758,477.0,价钱可谈 客厅带阳台 看园景 近双地铁,"近地铁
新上
西南
民水民电",342.0,51082
罗湖,布心,崇德雍翠华府,2.0,1.0,51.47,238,46240,488.0,雍翠华府小两房罗湖上车盘装修保养好,"近地铁
南
民水民电
电梯房",214.2,41616
罗湖,翠竹,嘉多利花园,4.0,2.0,140.14,1250,89196,598.0,南区小高层-宜居花园小区--价格可谈-深中空置-急卖,"近地铁
新上
南北通
民水民电",1125.0,80276
罗湖,翠竹,怡泰大厦,1.0,2.0,52.31,250,47792,339.0,业主急卖，翠竹未用，朝南向，谈价空间大，配套齐全,"近地铁
新上
南
民水民电",225.0,43013
罗湖,万象城,中海天钻,3.0,2.0,121.41,1020,84012,399.0,南向三房诚意出售,"近地铁
新上
南
民水民电",918.0,75611
罗湖,翠竹,怡泰大厦,3.0,2.0,96.25,420,43636,339.0,380万翠竹锦星急卖3房，中间楼层，谈价空间大，采光通透,"近地铁
新上
东
民水民电",378.0,39272
罗湖,黄贝岭,金城华庭,2.0,1.0,50.0,400,80000,528.0,金城华庭 低楼层 精装修 满五年,"近地铁
新上
南
民水民电",360.0,72000
宝安,宝安中心区,壹方中心·玖誉(三期),5.0,2.0,173.01,3000,173400,250.0,壹方玖誉花园.滨海奢居大豪宅.户型方正实用.业主换房急卖,"近地铁
东南
民水民电
电梯房",2700.0,156060
福田,香蜜湖,东海国际公寓,3.0,2.0,246.29,2580,104754,409.0,香蜜湖东海国际公寓端头位置海景房，装修好可拎包入住,"近地铁
西南
民水民电
电梯房",2322.0,94279
罗湖,翠竹,合正荣悦,2.0,2.0,67.13,560,83420,410.0,合正荣悦府.朝南双阳台.业主诚心卖.价格空间大,"近地铁
新上
南
民水民电",504.0,75078
龙岗,布吉,中城康桥花园（二期）,3.0,2.0,89.17,306,34316,532.0,石芽岭地铁站中城康桥花园二期电梯两卫三房满5诚售,"近地铁
南
民水民电
电梯房",275.4,30884
宝安,西乡,招商果岭,3.0,2.0,88.46,458,51774,,招商果岭花园88.38平精装三房低价急售,"新上
东南
民水民电
电梯房",412.2,46597
南山,前海,鼎太风华（六期）,2.0,2.0,71.79,680,94720,582.0,前海鼎太风华社区六期 精装2房 业主诚心售,"近地铁
新上
东北
民水民电",612.0,85248
盐田,沙头角,君临海域（一期）,2.0,2.0,66.87,360,53835,418.0,君临海域，一线海景，带精装修,"近地铁
东南
民水民电
电梯房",324.0,48452
罗湖,万象城,中海天钻,4.0,2.0,179.6,1600,89086,399.0,开发商豪华装修南北通4房出售,"近地铁
新上
南北通
民水民电",1440.0,80177
盐田,沙头角,君临海域（一期）,2.0,2.0,67.6,250,36982,418.0,君临海域小区，价格可谈，配套齐全，交通便利,"近地铁
东南
民水民电
电梯房",225.0,33284
龙岗,大运,中海康城花园,5.0,2.0,262.81,1100,41855,,大运片区。中海康城264平复式。豪华装修，拎包入住,"南北通
民水民电
电梯房",990.0,37670
罗湖,人民南,新银座华庭,1.0,,24.0,115,47916,128.0,新银座豪装单房 拎包入住 业主急急急售罗湖口岸双地铁,"近地铁
新上
北
民水民电",103.5,43124
罗湖,布心,今日家园,2.0,2.0,61.0,350,57377,241.0,业主诚心出售，290可以，地铁口，税费少,"近地铁
新上
西南
民水民电",315.0,51639
福田,上下沙,金域蓝湾,4.0,2.0,117.73,1090,92584,722.0,金域蓝湾，随时看房，深圳湾海景，红树林公园旁，,"近地铁
新上
南
民水民电",981.0,83326
南山,华侨城,天鹅堡一期,4.0,2.0,245.12,2438,99461,,天鹅堡靠山面水南北通透大4房诚售,"新上
南北通
民水民电
电梯房",2194.2,89515
罗湖,布心,碧岭华庭,3.0,2.0,120.0,620,51666,480.0,业主急卖，配套齐全，租金高，谈价空间大，采光好,"近地铁
新上
东
民水民电",558.0,46499
南山,深圳湾,太古城花园（北区一期）,4.0,2.0,156.0,2280,146153,202.0,地铁商场直通 太古城北区 板楼四房诚售,"近地铁
新上
南北通
民水民电",2052.0,131538
盐田,沙头角,倚山花园（三期）,5.0,2.0,89.0,500,56179,632.0,倚山花园5房出售精装修朝南看房方便,"近地铁
南
民水民电
电梯房",450.0,50561
罗湖,莲塘,东方.尊峪花园,2.0,2.0,89.0,450,50561,832.0,梧桐山下豪宅区看房方便中高层大两居车位充足,"近地铁
新上
南
民水民电",405.0,45505
南山,蛇口,湾厦栖游记,1.0,,30.0,209,69666,417.0,栖游记经典1房地铁口物业税费低高性价比,"近地铁
南
民水民电
带家私",188.1,62699
南山,华侨城,天鹅堡二期,3.0,2.0,164.8,1850,112257,,"天鹅堡二期,大社区，业主很诚心卖","南
民水民电
电梯房
精装修",1665.0,101031
龙岗,坪地,宜城风景花园,4.0,2.0,89.0,275,30898,953.0,宜城风景精装四房，业主换房到市区，急需凑首付，非常急售,"近地铁
新上
北
民水民电",247.5,27808
宝安,新安,君成雍和园,3.0,2.0,51.0,420,82352,83.0,3房户型 通风采光好 使用率高 配套成熟 价格可谈,"近地铁
东
民水民电
电梯房",378.0,74117
宝安,桃源居,桃源居十四区,2.0,2.0,74.23,420,56580,260.0,(新挂牌）（电梯两房）朝南 高层视野 总价低,"近地铁
新上
南
民水民电",378.0,50922
罗湖,人民南,阳光新干线家园,1.0,1.0,39.04,178,45594,224.0,琪琪幼儿园、丽晶幼儿、新新中英文幼儿园,"近地铁
新上
北
民水民电",160.2,41035
罗湖,翠竹,龙屋,3.0,2.0,98.29,590,60026,550.0,龙屋业主诚心出售,"近地铁
南北通
民水民电
拎包入住",531.0,54023
龙岗,布吉,佳兆业可园（六期）,2.0,2.0,77.71,335,43108,760.0,可园全新装修两房满五税少换房急卖,"近地铁
新上
北
民水民电",301.5,38797
福田,香蜜湖,宝能城市公馆（一、二期）,3.0,2.0,108.88,1550,142358,501.0,香蜜湖次新房，小区优质房源，业主诚心出售，精装修，深高书包,"近地铁
新上
西南
民水民电",1395.0,128122
龙岗,布吉,龙园意境华府,5.0,2.0,171.47,1100,64151,,龙园意境的别墅五房不错的-周边的配套齐全-户型方正实用-可看,"南
民水民电
电梯房
拎包入住",990.0,57736
龙岗,布吉,佳兆业可园（五期）,2.0,2.0,74.44,295,39629,677.0,可园东南向2房高楼层看公园景观，满五年惟一，近地铁安静住家,"近地铁
新上
东南
民水民电",265.5,35666
罗湖,新秀,新秀村（南区）,2.0,2.0,74.63,260,34838,485.0,住家安静，费用少，降价31万，居家首选，配套成熟,"近地铁
新上
南北通
民水民电",234.0,31354
宝安,桃源居,桃源居十五区,4.0,2.0,154.55,680,43998,518.0,高性价比4房，南北通透，业主诚心出售，满5红本,"近地铁
新上
南
民水民电",612.0,39598
龙岗,布吉,佳兆业可园（六期）,4.0,2.0,107.09,490,45755,760.0,可园南区5房带大阳台，满五年惟一，实用率高看花园安静，近地铁,"近地铁
北
民水民电
电梯房",441.0,41180
福田,香蜜湖,东海花园（君豪阁）,4.0,2.0,315.43,3880,123006,318.0,东海君豪阁南向高楼层三个套房看山安静,"近地铁
新上
西南
民水民电",3492.0,110705
龙岗,龙岗中心城,保利上城,3.0,2.0,89.17,390,43736,835.0,深中龙外书包，南北通透三房两卫，近地铁，业主诚心出售,"近地铁
南
民水民电
电梯房",351.0,39362
罗湖,百仕达,百仕达花园二期,3.0,2.0,130.67,650,49743,436.0,朋友的房子，精装大三房诚意出售,"近地铁
新上
南
民水民电",585.0,44769
罗湖,黄贝岭,新天地名居,2.0,1.0,53.05,500,94250,356.0,260万急售 2房精装修 户型实用 近双地铁,"近地铁
西南
民水民电
电梯房",450.0,84825
罗湖,莲塘,名骏豪庭,2.0,2.0,67.0,360,53731,703.0,名骏豪庭 精装可拎包入住 南北通透 正规商品房 环境好,"近地铁
新上
北
民水民电",324.0,48358
盐田,沙头角,君临海域（二期）,4.0,2.0,212.0,1100,51886,395.0,一线海景大平层，精装四房，前后双阳台，南北通透,"近地铁
南
民水民电
拎包入住",990.0,46697
龙华,红山,水榭春天花园（一期）,3.0,2.0,83.12,650,78200,805.0,上塘道精装修三房，业主诚心出售看房方便,"近地铁
新上
南
民水民电",585.0,70380
光明,公明中心区,天汇时代花园（二期）,4.0,2.0,88.56,410,46296,512.0,光明天汇时代配套齐全,"近地铁
新上
东南
民水民电",369.0,41666
罗湖,人民南,冠懋金色都汇（金色都汇）,2.0,2.0,67.63,335,49534,121.0,业主诚心出售价格看好可谈楼下就是地铁口.交通方便,"近地铁
新上
东
民水民电",301.5,44581
宝安,新安,鸿景园,4.0,2.0,146.33,1038,70935,677.0,4房户型 户型方正 使用率高 费用少 近地铁 价格可谈,"近地铁
新上
民水民电
电梯房",934.2,63842
罗湖,布心,今日家园,3.0,2.0,102.71,688,66984,241.0,业主急售 价格可以谈 近地铁 翠园东晓 红本在手,"近地铁
新上
北
民水民电",619.2,60286
罗湖,洪湖,源兴居,2.0,1.0,81.69,400,48965,325.0,罗湖不限购住宅 桂圆在 靠近洪湖公园 价格好谈,"近地铁
新上
南
民水民电",360.0,44068
龙岗,布吉,阳光花园,3.0,2.0,89.92,310,34475,560.0,电梯三房两厅，客厅出阳台，满五年，看房方便，税费少,"近地铁
南
民水民电
电梯房",279.0,31028
龙岗,布吉,桂芳园（一期）,3.0,2.0,93.75,265,28266,390.0,桂芳园 满五年 看别墅景观 拎包入住 安静舒适  住家首选,"近地铁
西南
民水民电",238.5,25439
罗湖,布心,今日家园,4.0,2.0,67.62,480,70984,241.0,少有端头4房。翠园东晓正对面，布心地铁口，交通便利装修保养好,"近地铁
新上
北
民水民电",432.0,63886
福田,香蜜湖,东海花园（一期）,4.0,2.0,155.62,1950,125305,464.0,东海花园一期，新上4+1房，厅出阳台，少有放盘，急卖,"近地铁
新上
东南
民水民电",1755.0,112774
宝安,桃源居,桃源居六区,3.0,2.0,84.38,420,49774,837.0,次新房，桃源居六区，84平方3房2厅，低价急卖，房子户型方正,"近地铁
东南
民水民电
电梯房",378.0,44797
罗湖,洪湖,源兴居,1.0,,21.43,118,55062,325.0,源兴居，业主诚售，厅出阳台，可谈价，推窗看公园,"近地铁
新上
北
民水民电",106.2,49556
南山,前海,鼎太风华（五期）,3.0,2.0,109.64,1050,95767,651.0,鼎太风华五期双书包房，南向厅出25平超大露台，精装修价可再谈,"近地铁
南
民水民电
电梯房",945.0,86190
罗湖,百仕达,君逸华府,3.0,2.0,97.37,520,53404,541.0,新上！百仕达三期，98平米3房，随时可以看，业主着急出,"近地铁
南
民水民电
电梯房",468.0,48064
罗湖,莲塘,梧桐山新居（一期）,2.0,2.0,64.0,320,50000,448.0,梧桐山新居，户型方正，住家安静，朝南向，看房随时方便,"近地铁
南
民水民电
精装修",288.0,45000
罗湖,翠竹,怡泰大厦,2.0,1.0,67.53,284,42055,339.0,急卖！怡泰大厦 翠竹未用 地铁口物业 罗湖益田假日广场旁,"近地铁
新上
民水民电
电梯房",255.6,37850
龙岗,坂田,四季花城(六期南区),4.0,2.0,163.0,1000,61349,535.0,四季花城联排叠墅一楼带80平大花园 位置好 带固定停车位诚售,"近地铁
新上
南北通
民水民电",900.0,55214
龙岗,龙岗中心城,保利上城,2.0,1.0,63.39,246,38807,835.0,地铁口，保利上城两房出售，深中龙外有效,"近地铁
新上
西北
民水民电",221.4,34926
龙岗,布吉,佳兆业可园（六期）,2.0,2.0,77.71,320,41178,760.0,可园2房2卫高楼层看花园安静，大阳台，近地铁，保养好拎包入住,"近地铁
北
民水民电
电梯房",288.0,37060
罗湖,人民南,置地广场,1.0,1.0,40.0,260,65000,330.0,置地逸轩，一房一厅，出售一百七十万带租金5300,"近地铁
新上
南
民水民电",234.0,58500
龙岗,布吉,佳兆业可园（四期）,5.0,2.0,95.16,590,62000,697.0,可园南区3十2房高实用率，满五年惟一，中等楼层景观好拎包入住,"近地铁
新上
东北
民水民电",531.0,55800
罗湖,布心,今日家园,3.0,2.0,66.22,385,58139,241.0,端头位 朝南看罗湖全景 价格可以谈,"近地铁
新上
南
民水民电",346.5,52325
宝安,新安,中洲华府（一期）,5.0,2.0,193.68,1880,97067,493.0,单证193平方5房，豪华装修，中洲华府，南北通，看花园中间,"近地铁
南北通
民水民电
精装修",1692.0,87360
罗湖,布心,彩世界家园,1.0,1.0,47.7,210,44025,543.0,彩世界家园，业主有心卖，配套齐全，租金高，谈价空间大,"近地铁
东
民水民电
电梯房",189.0,39622
宝安,沙井,拾悦城,3.0,2.0,88.05,350,39750,410.0,拾悦城精装三房小区花园安静舒适居住适宜定岗湖湿地公园,"近地铁
新上
东西通
民水民电",315.0,35775
罗湖,人民南,新银座华庭,2.0,1.0,67.97,320,47079,128.0,急售房源，业主急用钱，低于市场价卖，送全屋家私家电,"近地铁
新上
南
民水民电",288.0,42371
罗湖,翠竹,怡泰大厦,2.0,1.0,58.01,320,55162,339.0,"怡泰大厦，业主有心卖,谈价空间大，配套齐全，租金高","近地铁
东
民水民电
电梯房",288.0,49646
宝安,宝安中心区,宏发领域,1.0,1.0,49.07,432,88037,212.0,宏发领域，双地铁口，海天,"近地铁
新上
南
民水民电",388.8,79233
南山,南头,麒麟花园（一期）,2.0,1.0,69.55,660,94895,,麒麟花园一期满五年近公园,"近地铁
新上
南
民水民电",594.0,85406
福田,百花,百花公寓（一期）,3.0,2.0,95.07,980,103081,376.0,百花公寓 南向方正3房 居家舒适 业主诚心出售 看房方便,"近地铁
新上
西南
民水民电",882.0,92773
福田,香蜜湖,港中旅花园（一期）,2.0,2.0,94.0,1600,170212,55.0,小高层 一梯两户  南北通透  赠送多  黄金楼层  税费少,"近地铁
南北通
民水民电
带家私",1440.0,153191
宝安,沙井,鸿荣源禧园,5.0,2.0,173.03,958,55366,480.0,鸿荣源禧园精装大复式满五年超大阳台看花园,"近地铁
新上
南北通
民水民电",862.2,49829
福田,上下沙,花好园,2.0,1.0,61.08,468,76620,249.0,"花好园,方正两房，客厅出阳台，楼下9号线，","近地铁
南
民水民电
电梯房",421.2,68958
罗湖,布心,崇德雍翠华府,2.0,2.0,68.0,280,41176,488.0,雍翠华府.业主诚心卖.价格好谈.红本在手,"近地铁
南
民水民电
拎包入住",252.0,37058
罗湖,翠竹,翠竹苑,3.0,1.0,71.16,450,63237,326.0,附近双地铁口，四通八达，交通便利，出行方便,"近地铁
新上
南
民水民电",405.0,56913
龙华,龙华中心,壹成中心花园(七区),3.0,2.0,78.58,425,54085,,业主诚心在卖价格便宜位置安静,"近地铁
新上
南
民水民电",382.5,48676
罗湖,翠竹,合正荣悦,3.0,2.0,85.24,860,100891,410.0,合正荣悦 三房两卫 实用面积大 装修保养好 价格空间大,"近地铁
新上
北
民水民电",774.0,90802
龙岗,龙岗中心城,悦澜山花园,3.0,2.0,87.98,375,42623,403.0,悦澜山花园 南北通透双阳台 精装3+1房保养好 地铁口,"近地铁
新上
东西通
民水民电",337.5,38361
龙岗,布吉,荣超花园,3.0,2.0,88.66,310,34965,864.0,荣超花园  精装三房  业主急售  价格好谈,"近地铁
南
民水民电
精装修",279.0,31468
盐田,盐田港,中海半山溪谷花园,2.0,2.0,76.86,230,29924,829.0,半山溪谷在卖房子,"近地铁
东南
民水民电
电梯房",207.0,26932
宝安,新安,都市翠海华苑,2.0,1.0,60.29,598,99187,108.0,宝中，都市翠海，60平方2房，满五年，楼下是公园和灵芝地铁口,"近地铁
南
民水民电
电梯房",538.2,89268
龙岗,龙岗中心城,保利上城,2.0,2.0,63.0,230,36507,835.0,深中，龙外书包有效，高层看花园安静，近地铁，两房业主诚心出售,"近地铁
西北
民水民电
电梯房",207.0,32856
龙岗,龙岗中心城,中央悦城,3.0,2.0,86.0,256,29767,320.0,新悦苑 楼下地铁口，公园 书包都在家门口 精装3房 换房急售,"近地铁
西南
民水民电
电梯房",230.4,26790
宝安,新安,新安湖花园（二期）,3.0,1.0,115.23,650,56408,425.0,地铁口，新安湖花园二期，115平方大3房，诚心出售，花园安静,"近地铁
新上
西北
民水民电",585.0,50767
南山,科技园,大冲城市花园,6.0,3.0,274.2,3313,120824,410.0,华润城275平复式5房，核心位置核心地段,"近地铁
南
民水民电
电梯房",2981.7,108742
罗湖,人民南,友谊大厦,2.0,1.0,47.0,200,42553,235.0,友谊大厦，二房一厅，业主换房称新出售。,"近地铁
东南
民水民电
电梯房",180.0,38298
罗湖,莲塘,名骏豪庭,2.0,2.0,69.0,330,47826,703.0,只交契税、红本在手随时可以过户、中高层景观开阔、全明户型住房,"近地铁
新上
民水民电
电梯房",297.0,43043
盐田,梅沙,东部华侨城天麓（六区）,4.0,3.0,265.37,1000,37683,,上下六层 套内可优化3000平 看山水画景观 花园1000平,"北
民水民电",900.0,33915
盐田,盐田港,中海半山溪谷花园,4.0,2.0,121.0,499,41239,829.0,中海大开发商,"近地铁
南
民水民电
电梯房",449.1,37115
盐田,梅沙,万科东海岸四期（达观居）,1.0,1.0,60.54,230,37991,,无增值税 看华侨城瀑布 装修保养好 高楼层,"东北
民水民电
电梯房
拎包入住",207.0,34192
福田,福田中心区,黄埔雅苑（三期乐悠园）,4.0,2.0,164.64,1588,96452,402.0,黄埔雅苑三期，新上四房，视野开阔，诚心卖，价格可谈,"近地铁
东北
民水民电
电梯房",1429.2,86807
龙岗,布吉,大世纪水山缘,2.0,2.0,75.92,380,50052,,大世纪水山缘带装修2房带大阳台，满五年惟一红本，大阳台朝南向,"南
民水民电
电梯房
拎包入住",342.0,45047
盐田,盐田港,中海半山溪谷花园,3.0,2.0,107.0,320,29906,829.0,中海半山溪谷花园小区，价格可谈，配套齐全，交通便利,"近地铁
南
民水民电
电梯房",288.0,26915
盐田,沙头角,东埔海景花园（三期）,4.0,2.0,184.0,1520,82608,723.0,东埔海景三期山海大四房高层精装,"近地铁
南
民水民电
电梯房",1368.0,74347
福田,上下沙,金域蓝湾,2.0,2.0,76.36,690,90361,722.0,万科金域蓝湾，高层大两房，视野开阔，深圳湾海景,"近地铁
西南
民水民电
电梯房",621.0,81325
南山,科技园,硅谷别墅三期,5.0,2.0,335.35,7000,208737,945.0,硅谷别墅三期 诚意出售,"近地铁
新上
东北
民水民电",6300.0,187863
南山,华侨城,世纪村2期,3.0,2.0,138.0,1360,98550,704.0,世纪村138平的3可以该4房,"近地铁
新上
西北
民水民电",1224.0,88695
福田,香蜜湖,香荔花园,4.0,2.0,147.19,1480,100550,102.0,香蜜湖5房，价格15 公园商场旁边,"近地铁
新上
东南
民水民电",1332.0,90495
南山,科技园,硅谷别墅三期,1.0,1.0,45.0,355,78888,945.0,华润城片区万象天地旁边南山外国语书包小户型低总价看房方便,"近地铁
东
民水民电
电梯房",319.5,70999
罗湖,翠竹,金翠园,1.0,2.0,56.83,450,79183,527.0,金翠园一房，深中未用，红本满五，双地铁口，诚心卖房,"近地铁
新上
东
民水民电",405.0,71265
罗湖,翠竹,泊林花园,2.0,1.0,59.0,480,81355,334.0,"泊林花园,业主有心卖，配套齐全，租金高，谈价空间大，采光通透","近地铁
西
民水民电
电梯房",432.0,73220
宝安,新安,都市翠海华苑,2.0,2.0,56.5,400,70796,108.0,2房户型 通风采光好 使用率高 配套成熟 价格可谈,"近地铁
南
民水民电
电梯房",360.0,63716
罗湖,翠竹,金丽豪苑,1.0,1.0,53.0,460,86792,319.0,310万业主有心卖，谈价空间大，配套齐全，租金高，采光通透,"近地铁
南
民水民电
电梯房",414.0,78113
盐田,盐田港,中海半山溪谷花园,2.0,2.0,71.83,195,27147,829.0,半山小高层 安静居家 精装修2房 近深外高中地铁、,"近地铁
南
民水民电
电梯房",175.5,24432
南山,华侨城,纯水岸十五期,5.0,2.0,263.31,3700,140518,,纯水岸十五期，朝南厅出阳台全湖景大平层，高赠送，方便看房,"新上
东南
民水民电
电梯房",3330.0,126466
罗湖,布心,太阳新城,2.0,2.0,61.55,320,51990,228.0,水贝地铁口  太阳新城两房出售,"近地铁
新上
西南
民水民电",288.0,46791
南山,西丽,博林天瑞花园(一期),3.0,2.0,84.43,838,99253,755.0,博林天瑞85平精品靓盘全新装修急卖价格亲民看房联系、业主我熟,"近地铁
西南
民水民电
电梯房",754.2,89328
罗湖,翠竹,怡泰大厦,2.0,2.0,67.54,400,59224,339.0,全天候管家式服务，更贴心，更便利,"近地铁
西南
民水民电
电梯房",360.0,53302
盐田,沙头角,壹海城（二期）,4.0,2.0,211.0,1480,70142,190.0,一线山海大平层，端头位，精装大四房，三面采光,"近地铁
东南
民水民电
电梯房",1332.0,63128
罗湖,莲塘,名骏豪庭,2.0,1.0,43.0,210,48837,703.0,户型方正 业主 诚心出售 看房 随时方便,"近地铁
北
民水民电
电梯房",189.0,43953
龙岗,大运,中海康城花园,3.0,2.0,89.0,319,35842,,大运新城精装修四房，业主降价急售满五年税费少港中大书包,"南
民水民电
电梯房
精装修",287.1,32258
龙岗,大运,中海康城花园,3.0,2.0,87.26,250,28650,,中海康城，刚需三房，大运体育馆旁，急卖,"满二年
新上
西南
民水民电",225.0,25785
宝安,新安,华联城市全景花园,5.0,2.0,253.14,3000,118511,303.0,专梯入户  大平层 新安品质花园小区 配套齐全,"近地铁
西南
民水民电
电梯房",2700.0,106660
罗湖,布心,崇德雍翠华府,2.0,2.0,61.23,290,47362,488.0,雍翠华府两房诚意出售、看房提前约,"近地铁
新上
西南
民水民电",261.0,42626
南山,前海,诺德假日花园,2.0,1.0,48.55,455,93717,435.0,诺德假日花园 水景园林 精装修 带阳台看南山 近商圈公园,"近地铁
新上
西南
民水民电",409.5,84345
罗湖,翠竹,翠竹苑,3.0,1.0,71.16,480,67453,326.0,带个大院子，翠竹苑，业主急卖，谈价空间大，采光通透,"近地铁
南
民水民电
电梯房",432.0,60708
罗湖,莲塘,鹏兴花园（五期）,3.0,2.0,107.35,620,57755,632.0,户型方正，业主诚心出售，看房方便，楼层好,"近地铁
南北通
民水民电
电梯房",558.0,51980
宝安,碧海,华丰前海湾（一期）,5.0,2.0,176.55,1800,101954,814.0,碧海笋盘丨华丰前海湾丨业主急售丨房东置换丨使用率高丨看房方便,"近地铁
新上
东
民水民电",1620.0,91759
盐田,盐田港,中海半山溪谷花园,3.0,2.0,89.57,320,35726,829.0,中海半山溪谷正规3房，位置安静，适合居家,"近地铁
南
民水民电
电梯房",288.0,32153
福田,福田口岸,金地名津,3.0,2.0,91.5,600,65573,353.0,户型方正，周边配套齐全，业主诚心出售,"近地铁
新上
南
民水民电",540.0,59016
罗湖,翠竹,合正荣悦,2.0,2.0,48.07,450,93613,410.0,合正荣悦.翠竹.业主诚心卖.价格好谈.红本在手,"近地铁
新上
南
民水民电",405.0,84252
罗湖,翠竹,翠竹苑,2.0,1.0,52.0,300,57692,326.0,翠竹苑送38平花园，1:1.3拆赔，买一送一4房，使用率高,"近地铁
南北通
民水民电
拎包入住",270.0,51923
盐田,沙头角,东埔海景花园（一期）,3.0,2.0,117.0,520,44444,689.0,东浦海景花园，生活娱乐设施齐全，税费少，业主出税费，业主急卖,"近地铁
新上
南
民水民电",468.0,40000
罗湖,翠竹,怡泰大厦,2.0,1.0,59.96,365,60873,339.0,诚心出售，价格可议,"近地铁
民水民电
电梯房
精装修",328.5,54786
福田,百花,南天大厦（二期）,3.0,2.0,88.78,1060,119396,279.0,"南天二花园4栋门前开阔,高层采光.业主有心卖","近地铁
新上
南北通
民水民电",954.0,107456
宝安,桃源居,桃源居十五区,2.0,2.0,80.44,450,55942,518.0,桃源居15区（电梯高层大两房）朝南 看山景 户型方正,"近地铁
南
民水民电
电梯房",405.0,50348
福田,香蜜湖,东海花园（二期福禄居),4.0,2.0,163.8,2300,140415,286.0,东海花园福禄居四房带阳台中楼层看房方便,"近地铁
北
民水民电
电梯房",2070.0,126374
龙岗,大运,阳光天健城,5.0,2.0,143.0,980,68531,396.0,阳光天健城好房：独门独户，双龙抱珠，厅出阳台，高楼层采光好,"近地铁
东南
民水民电
电梯房",882.0,61678
宝安,新安,丽景城,2.0,1.0,71.54,395,55213,42.0,2房户型 通风采光好 使用率高 配套成熟 价格可谈,"近地铁
新上
南
民水民电",355.5,49692
龙岗,龙岗中心城,公园大地花园,4.0,2.0,168.49,1186,70389,953.0,公园大地 山景房源 实用近230平 简欧装修 可拎包入住,"近地铁
新上
南北通
民水民电",1067.4,63350
罗湖,百仕达,百仕达花园一期,6.0,2.0,282.62,1700,60151,461.0,百仕达花园，业主有心卖，花园社区，电梯小高层，带院子,"近地铁
南北通
民水民电
电梯房",1530.0,54136
龙岗,布吉,佳兆业可园（三期）,5.0,2.0,97.89,499,50975,726.0,"可园3十2房带大阳台,满五年惟一,保养好,看花园,大入户花园","近地铁
东北
民水民电
精装修",449.1,45878
福田,福田中心区,黄埔雅苑（四期骏悠园）,4.0,2.0,167.59,1900,113371,270.0,黄埔雅苑四期，新上高层朝南4+1房，视野开阔，价格可谈,"近地铁
民水民电
电梯房",1710.0,102034
盐田,沙头角,蓝郡广场,7.0,3.0,302.76,3500,115603,607.0,高层俯视海湾！海景漂亮！套内490平米！,"近地铁
新上
南北通
民水民电",3150.0,104043
罗湖,百仕达,新港鸿花园,3.0,2.0,149.34,1150,77005,549.0,新港鸿花园，业主有心卖，配套齐全，采光通透,"近地铁
新上
南
民水民电",1035.0,69304
盐田,沙头角,壹海城（一期）,4.0,2.0,152.63,755,49466,100.0,盐田CBD 出门即是地铁口 南向 全海景复试单位 精装4房,"近地铁
南
民水民电
电梯房",679.5,44519
福田,宝安南,鸿翔花园,3.0,2.0,82.99,640,77117,299.0,罗湖双名教助學 满二年税费少  看房 探底价私信我助您置好物,"近地铁
西南
民水民电
精装修",576.0,69405
南山,西丽,宝能城花园,4.0,2.0,135.0,1680,124444,207.0,东南朝向采光好 动静分离大阳台 宝能城大四房二厅出售,"近地铁
新上
东南
民水民电",1512.0,112000
龙岗,龙岗中心城,保利上城,1.0,1.0,53.97,290,53733,835.0,深中龙外书包有效，看花园安静，近地铁，交通便利，业主诚心出售,"近地铁
新上
西北
民水民电",261.0,48360
罗湖,莲塘,鹏兴花园（二期）,4.0,2.0,124.07,575,46344,238.0,南北通透，一梯二户，精装四房，五年免个税，地铁口物业，带罗外,"近地铁
南北通
民水民电
电梯房",517.5,41710
罗湖,新秀,华清园,1.0,1.0,33.13,115,34711,424.0,花园社区，降价25万，配套成熟，随时可以看房，住家安静,"近地铁
新上
北
民水民电",103.5,31240
罗湖,翠竹,合正荣悦,2.0,2.0,65.66,600,91379,410.0,合正荣悦府朝南66平标准两房.通风采光好中间楼层.急卖好谈,"近地铁
南
民水民电
电梯房",540.0,82241
宝安,桃源居,桃源居十一区,4.0,2.0,109.88,540,49144,461.0,桃源居高层4房，南北通透户型方正，得房高看房方便高赠送,"近地铁
新上
南
民水民电",486.0,44230
罗湖,莲塘,金色年华家园,2.0,2.0,63.55,360,56648,490.0,精装修大两房 盒马楼上 生活配套齐全 空中花园 人车分流,"近地铁
东
民水民电
电梯房",324.0,50983
罗湖,百仕达,旭飞华达园,1.0,1.0,39.03,215,55085,510.0,新上精装一房一厅，温馨居住，交通便利，价格有惊喜,"近地铁
西
民水民电
电梯房",193.5,49576
龙岗,龙岗中心城,保利上城,4.0,2.0,126.79,700,55209,835.0,深中龙外书包有效，小高层，南北通透四房，业主诚心出售,"近地铁
南北通
民水民电
电梯房",630.0,49688
罗湖,翠竹,合正荣悦,4.0,2.0,122.26,1190,97333,410.0,合正荣悦.标准四房朝东南.通风采光好.业主诚心价格可谈,"近地铁
新上
东南
民水民电",1071.0,87600
宝安,新安,流塘阳光花园,4.0,2.0,117.99,880,74582,301.0,5房户型 通风采光好 使用率高 配套成熟 价格可谈,"近地铁
西南
民水民电
电梯房",792.0,67124
罗湖,翠竹,合正荣悦,4.0,2.0,134.22,1050,78229,410.0,合正荣悦.带露台大阳台.实用面积大.诚心卖.价格空间大,"近地铁
新上
南
民水民电",945.0,70406
罗湖,新秀,新秀村（南区）,2.0,2.0,76.58,280,36563,485.0,地铁口，急售房源，随时可以看房，降价10万，住家安静,"近地铁
新上
南
民水民电",252.0,32907
罗湖,万象城,中海天钻,4.0,2.0,180.03,1800,99983,399.0,中海天钻180平米开发商豪华装修业主急售,"近地铁
新上
南北通
民水民电",1620.0,89985
宝安,新安,流塘阳光花园,4.0,2.0,89.69,700,78046,301.0,流塘阳光花园，89平方4房2卫，赠送面积多，高楼层，视野开阔,"近地铁
新上
东北
民水民电",630.0,70241
龙岗,龙岗中心城,百合盛世（二期）,4.0,2.0,139.87,468,33459,,百合盛世精装南北通透大四房，满五年红本在手，看公园,"新上
南
民水民电
电梯房",421.2,30113
罗湖,人民南,新银座华庭,1.0,1.0,36.3,230,63360,128.0,新银座方正实用一房一厅  双地铁 罗湖口岸,"近地铁
北
民水民电
电梯房",207.0,57024
罗湖,东门,东门168,3.0,2.0,78.5,430,54777,499.0,华润未来城旁边，双地铁，停车位充足，价格可谈，看房可约,"近地铁
新上
南北通
民水民电",387.0,49299
宝安,新安,君成雍和园,8.0,2.0,206.21,1600,77590,83.0,君成雍和园地铁口，复式实用，百万豪华装修，看房方便,"近地铁
南北通
民水民电
电梯房",1440.0,69831
龙岗,大运,阳光天健城,4.0,2.0,143.89,830,57682,396.0,龙外新荀盘：南北通大四房，中空大客厅，三大阳台，高赠送,"近地铁
南北通
民水民电
电梯房",747.0,51914
盐田,沙头角,蓝郡广场,6.0,2.0,204.67,1800,87946,607.0,俯视海湾！东南朝向！户型正气！专梯入户！实用300平米！,"近地铁
新上
南北通
民水民电",1620.0,79151
罗湖,布心,碧岭华庭,2.0,2.0,73.81,350,47419,480.0,碧岭华庭南向两房小区依山而建环境优美,"近地铁
新上
南
民水民电",315.0,42677
龙岗,龙岗中心城,保利上城,2.0,2.0,63.57,188,29573,835.0,深中，龙外书包，看花园安静两房出售,"近地铁
新上
北
民水民电",169.2,26616
龙岗,大运,阳光天健城,4.0,2.0,135.67,890,65600,396.0,阳光天健城，高层朝南户型，客厅视野好，满五税少,"近地铁
新上
南北通
民水民电",801.0,59040
罗湖,洪湖,源兴居,2.0,2.0,58.89,250,42452,325.0,源兴居周边有大型超市，生活便利，适合居家,"近地铁
新上
北
民水民电",225.0,38207
盐田,沙头角,壹海城（二期）,3.0,2.0,154.46,919,59497,190.0,万科壹海城二期新上架房源，业主诚心出售，看房随时安排。,"近地铁
南
民水民电
电梯房",827.1,53547
罗湖,莲塘,四季御园（新世界四季御园）,3.0,2.0,87.18,480,55058,340.0,莲塘口岸，地铁物业，精装三房，诚意出售看房有钥匙,"近地铁
北
民水民电
电梯房",432.0,49552
罗湖,翠竹,鹏城合正星园,3.0,2.0,104.23,850,81550,420.0,花园小区三房诚心出售,"近地铁
北
民水民电
电梯房",765.0,73395
福田,香蜜湖,兰江山第,4.0,2.0,176.25,1800,102127,,香蜜湖176平四房精装1800万，小区安静宜居，楼龄新南北通,"南北通
民水民电
电梯房
拎包入住",1620.0,91914
罗湖,翠竹,鹏城合正星园,5.0,2.0,103.89,1680,161709,420.0,标准两层复式，朝南安静，楼层好，适合住家，业主急卖了，,"近地铁
东北
民水民电
电梯房",1512.0,145538
宝安,碧海,广兴源圣拿威,1.0,1.0,33.15,330,99547,812.0,坪洲地铁口正规一房一厅，品质次新住宅小区，配套完善住家方便,"近地铁
西南
民水民电
电梯房",297.0,89592
宝安,碧海,华丰前海湾（二期）,3.0,2.0,88.0,819,93068,748.0,华丰精装三房，保养好，租金高，西南向,"近地铁
民水民电
电梯房
精装修",737.1,83761
龙岗,龙岗中心城,万科翰邻城,3.0,2.0,89.0,530,59550,643.0,万科翰邻城精装朝南三房，深中龙初，地铁口满五年税费少,"近地铁
新上
南
民水民电",477.0,53595
宝安,新安,73区,3.0,2.0,77.0,300,38961,618.0,居家小三房，近公园安静，方正实用有书包，看房方便,"近地铁
南
民水民电
拎包入住",270.0,35065
宝安,新安,恒丰工业城,2.0,1.0,41.97,74,17631,,位置安静.配套齐全.地铁口.看房方便,"东南
民水民电
精装修",66.6,15868
宝安,桃源居,深业U中心,1.0,1.0,58.33,208,35659,943.0,西乡小户型急售，看房方便,"近地铁
南
民水民电
电梯房",187.2,32093
宝安,桃源居,桃源居四区,4.0,2.0,99.3,550,55387,339.0,西乡大三房急售，看房方便,"近地铁
南北通
民水民电
电梯房",495.0,49848
宝安,新安,中洲中央公园,2.0,2.0,118.88,780,65612,430.0,宝中地铁口高端住家公寓，高品质诚心出售,"近地铁
新上
西北
民水民电",702.0,59051
宝安,桃源居,桃源居十二区,2.0,1.0,56.0,230,41071,378.0,西乡小户型急售，看房方便,"近地铁
新上
南
民水民电",207.0,36964
罗湖,新秀,帝景台,3.0,2.0,89.0,495,55617,,帝景台高使用率三房，精装修，停车位充足，业主诚售,"南
民水民电
电梯房",445.5,50055
宝安,新安,玺玥华府,3.0,2.0,95.0,880,92631,274.0,宝中3房急售，看房方便,"近地铁
新上
南
民水民电",792.0,83368
宝安,新安,福安楼,4.0,2.0,134.0,680,50746,570.0,福安楼精装4房户型方正格局漂亮满五年低价出售,"近地铁
南北通
民水民电
精装修",612.0,45671
宝安,桃源居,润科华府（一期）,4.0,2.0,143.0,820,57342,844.0,西乡4房急售，看房方便,"近地铁
新上
南
民水民电",738.0,51608
宝安,新安,海雅广场,2.0,1.0,50.53,476,94201,575.0,一房一厅 小户型 低总价 费用少 价格可谈,"近地铁
东南
民水民电
电梯房",428.4,84781
宝安,新安,尖岗山壹号花园,4.0,2.0,136.0,1250,91911,,尖岗山壹号21楼5房做4房安静通透装修保养业主熟找石廷廷,"新上
东西通
民水民电
电梯房",1125.0,82720
宝安,新安,丰华苑,3.0,2.0,92.57,768,82964,533.0,宝中3房急售，看房方便,"近地铁
南北通
民水民电
电梯房",691.2,74668
南山,南山中心区,海印长城小区一期,3.0,2.0,124.13,1280,103117,351.0,海印长城，全南向三房，客厅卧室都朝南，高楼层，采光好,"近地铁
新上
民水民电
电梯房",1152.0,92805
宝安,桃源居,桃源居十二区,2.0,1.0,73.0,265,36301,378.0,西乡2房急售，看房方便,"近地铁
民水民电
电梯房
精装修",238.5,32671
宝安,新安,中粮天悦壹号,2.0,2.0,72.0,660,91666,669.0,宝中雪未房658万带走,"近地铁
新上
东北
民水民电",594.0,82499
宝安,新安,新宝苑,2.0,1.0,54.91,600,109269,596.0,宝中小户型急售，看房方便,"近地铁
民水民电
电梯房
拎包入住",540.0,98342
宝安,新安,天河楼,3.0,1.0,83.0,520,62650,594.0,天河楼公务员小区大三房出售,"近地铁
新上
西南
民水民电",468.0,56385
宝安,新安,湖景居,4.0,2.0,146.84,830,56524,93.0,宝中书包，楼下地铁、户型方正、装修保养好,"近地铁
西北
民水民电
电梯房",747.0,50872
宝安,新安,福城新纪元,3.0,2.0,87.65,420,47917,746.0,万达楼上精装修3房急售，看房方便,"近地铁
西南
民水民电
电梯房",378.0,43125
宝安,西乡,泰华豪园,2.0,1.0,78.12,500,64004,565.0,宝中2房急售，看房方便,"近地铁
西
民水民电
精装修",450.0,57604
罗湖,翠竹,愉天小区,3.0,2.0,80.51,590,73282,421.0,愉天金陆楼深中+翠北空置红本满5年精装3房看房方便,"近地铁
东西通
民水民电",531.0,65954
福田,香蜜湖,万科瑧山府,4.0,2.0,231.0,4500,194805,294.0,万科瑧山府一期，新上4+1房，南北通，专梯入户，诚心出售,"近地铁
新上
南北通
民水民电",4050.0,175324
龙岗,龙岗中心城,又一城（龙平紫园）,2.0,2.0,77.0,288,37402,929.0,深中书包一手全新毛坯满五红本有钥匙看房,"近地铁
东南
民水民电
电梯房",259.2,33662
宝安,沙井,鸿荣源禧园,4.0,2.0,178.65,1300,72767,480.0,禧园高档小区 文荟萃高品质的象征 豪华装修,"近地铁
新上
南
民水民电",1170.0,65490
福田,香蜜湖,港中旅花园（二期）,4.0,2.0,157.45,2750,174658,332.0,4加1房 带赠送大入户花园 豪华装修即 可入住 还价就成！！,"近地铁
新上
东南
民水民电",2475.0,157192
宝安,沙井,博林君瑞,3.0,2.0,89.0,455,51123,,精品好房 适合年经人首次购房 总价低,"新上
东南
民水民电
电梯房",409.5,46011
宝安,沙井,鸿荣源禧园,3.0,2.0,78.45,478,60930,480.0,禧园三房 精品好房 适合年经人首次购房,"近地铁
新上
南
民水民电",430.2,54837
福田,香蜜湖,香域中央花园,3.0,2.0,147.0,2400,163265,216.0,香蜜湖香域花园南北通板楼精装大3房看房方便自带好书包,"近地铁
新上
南北通
民水民电",2160.0,146938
宝安,沙井,博林君瑞,3.0,2.0,89.0,400,44943,,博林君瑞离梦想很近 实现舒适三房奢华生活 新婚首选,"新上
东南
民水民电
电梯房",360.0,40449
南山,华侨城,天鹅堡三期,3.0,2.0,152.77,1800,117824,879.0,精装特价！天鹅堡三期通透大三房，业主急卖，看房方便,"近地铁
新上
南北通
民水民电",1620.0,106042
龙岗,大运,星河时代,6.0,3.0,226.01,2000,88491,696.0,高实用底叠，送前庭后院车库，两层地下室，墅级享受，人居典范,"近地铁
南北通
民水民电
电梯房",1800.0,79642
南山,华侨城,新天鹅堡二期,2.0,2.0,135.0,2800,207407,588.0,高层海景特价房！天鹅湖花园大两房，业主急卖！,"近地铁
新上
南
民水民电",2520.0,186666
罗湖,莲塘,景福花园,3.0,2.0,90.7,635,70011,,地铁口新房配套齐全口岸物业户型房子实用近仙湖空气好,"北
民水民电
电梯房",571.5,63010
南山,后海,滨海之窗花园,3.0,2.0,106.0,1300,122641,599.0,南二外三房 海德三宝之一 南北通 楼层好宜居,"近地铁
新上
南北通
民水民电",1170.0,110377
罗湖,人民南,华乐大厦,3.0,2.0,142.98,450,31472,288.0,业主诚心在买，看房方便，大阳台，朝东,"近地铁
新上
东西通
民水民电",405.0,28325
南山,华侨城,香山美墅云颂,4.0,2.0,167.85,1750,104259,,"香山美墅高层景观好！安静精装特价房,业主急卖，看房方便","新上
南
民水民电
电梯房",1575.0,93833
罗湖,百仕达,翠苑大厦,3.0,1.0,81.63,320,39201,498.0,新上翠苑大厦看房方便有心卖,"近地铁
新上
东南
民水民电",288.0,35281
福田,香蜜湖,香榭里花园（一期）,3.0,2.0,136.87,1580,115438,448.0,香榭里花园新上房源，高楼层景观视野好，东实加深高护航，诚售,"近地铁
新上
西南
民水民电",1422.0,103894
宝安,沙井,珑湾世界花园,3.0,2.0,83.0,330,39759,,珑湾经典户型设计 合理空间划分 内外兼修的品质建筑,"南
民水民电
拎包入住
精装修",297.0,35783
南山,华侨城,新天鹅堡二期,6.0,2.0,585.0,16000,273504,588.0,天鹅湖花园满五年湖景房安静舒适,"近地铁
新上
南
民水民电",14400.0,246154
宝安,沙井,万丰海岸城瑧园,3.0,2.0,82.59,450,54486,,海岸城三房 畅想真正的浪漫花园洋房生活，回家就是一种度假,"南
民水民电
电梯房
精装修",405.0,49037
宝安,沙井,珑湾世界花园,4.0,2.0,109.0,436,40000,,珑湾精装四房 旁边就是天虹旗舰店 交通方便,"新上
西北
民水民电
精装修",392.4,36000
宝安,沙井,星河荣御,5.0,2.0,181.0,860,47513,,星河荣御大户型 经典户型设计  南北通透 内外兼修的品质建筑,"新上
南
民水民电
电梯房",774.0,42762
南山,华侨城,香山美墅花园,4.0,2.0,186.0,2600,139784,,香山美墅次新房，满五年税费少价格可以谈,"新上
南
民水民电
电梯房",2340.0,125806
南山,华侨城,新天鹅堡一期,5.0,2.0,380.0,8500,223684,588.0,全湖景特价房 天鹅湖一期精装4+1房 业主特价急卖,"近地铁
新上
南
民水民电",7650.0,201316
宝安,沙井,西荟城（二期）,2.0,,143.0,780,54545,970.0,经典户型设计 合理空间划分 内外兼修的品质建筑,"近地铁
新上
南
民水民电",702.0,49090
南山,华侨城,香山美墅云颂,3.0,2.0,137.83,1900,137850,,香山美墅云颂好房,"新上
南
民水民电
电梯房",1710.0,124065
南山,华侨城,香山美墅云颂,4.0,2.0,166.0,1950,117469,,香山美墅5期精装4房满五年价格可谈,"新上
南
民水民电
电梯房",1755.0,105722
南山,华侨城,新天鹅堡一期,5.0,2.0,371.24,11000,296304,588.0,正看全湖景特价房！天鹅湖花园豪装4+1房，业主急卖！,"近地铁
新上
南北通
民水民电",9900.0,266674
罗湖,翠竹,翠拥华庭,6.0,2.0,402.49,2850,70809,477.0,周边有大型超市，生活便利，适合居家,"近地铁
新上
东南
民水民电",2565.0,63728
罗湖,翠竹,鸿业苑,3.0,2.0,132.3,800,60468,267.0,业主有心卖，中小未用，近地铁，配套齐全，采光通透,"近地铁
东北
民水民电
电梯房",720.0,54421
宝安,桃源居,桃源居五区,5.0,3.0,123.87,750,60547,502.0,位置安静.配套齐全.近地铁.看房方便,"近地铁
新上
民水民电
拎包入住",675.0,54492
罗湖,洪湖,源兴居,3.0,2.0,101.16,580,57334,325.0,小区配套齐全,"近地铁
新上
南
民水民电",522.0,51601
宝安,新安,丽景城,3.0,2.0,109.0,600,55045,42.0,住家氛围浓 人车分流 电梯,"近地铁
新上
南
民水民电",540.0,49540
盐田,盐田港,中海半山溪谷花园,3.0,2.0,88.0,350,39772,829.0,中海半山溪谷花园，超大型社区,"近地铁
南北通
民水民电
电梯房",315.0,35795
宝安,宝安中心区,西城雅筑,2.0,2.0,63.7,450,70643,483.0,宝安中区鸿荣源地产开发明星楼盘阳光温馨好房欢迎您！！,"近地铁
新上
西北
民水民电",405.0,63579
盐田,沙头角,蓝郡广场,5.0,2.0,244.45,1900,77725,607.0,高赠送 大阳台 山海景观 5房3卫,"近地铁
东南
民水民电
电梯房",1710.0,69952
南山,前海,鼎太风华（七期）,2.0,2.0,77.85,520,66795,375.0,封闭式花园小区，小高层为主小区内有幼儿园，篮球场，网球场,"近地铁
新上
南
民水民电",468.0,60116
南山,南头,阳光里雅居,2.0,1.0,45.0,420,93333,415.0,阳光里雅居 次新小区 南山站 实用两房 简装 随时看房,"近地铁
新上
南
民水民电",378.0,84000
盐田,盐田港,中海半山溪谷花园,2.0,2.0,70.0,290,41428,829.0,半山溪谷，精装修出售,"近地铁
新上
西北
民水民电",261.0,37285
南山,前海,诺德假日花园,2.0,1.0,48.0,390,81250,435.0,经理推荐，诺德假日花园，住家舒适,"近地铁
新上
西
民水民电",351.0,73125
龙岗,龙岗中心城,万象天成（盛龙花园二期）,1.0,1.0,76.0,155,20394,760.0,装修保养非常好，看房超方便有钥匙,"近地铁
新上
南
民水民电",139.5,18355
福田,梅林,梅林一村,3.0,2.0,98.0,718,73265,382.0,梅林一村13区   高层南向 采光好,"近地铁
新上
西南
民水民电",646.2,65938
罗湖,翠竹,翠拥华庭,2.0,2.0,72.0,400,55555,477.0,翠拥华庭业主急售看房方便红本议价空间大随时过户红本,"近地铁
新上
东北
民水民电",360.0,50000
南山,华侨城,纯水岸一期,5.0,2.0,217.56,3600,165471,,纯水岸小高层精装特价4+1房，业主急卖，看房方便,"新上
南北通
民水民电
电梯房",3240.0,148924
南山,前海,鼎太风华社区,4.0,2.0,183.0,2150,117486,949.0,一梯一户南北通透高层板式，三个或以上阳台空间设计，,"近地铁
新上
南北通
民水民电",1935.0,105737
南山,前海,鼎太风华（一期）,3.0,3.0,94.43,680,72011,933.0,生活氛围浓，配套完善，小区内有幼儿园，篮球场，网球场，游乐场,"近地铁
新上
南
民水民电",612.0,64810
宝安,新安,鸿景园,4.0,2.0,141.0,880,62411,677.0,户型方正 使用率高 近地铁 配套成熟 价格可谈,"近地铁
新上
西北
民水民电",792.0,56170
南山,前海,鼎太风华社区,3.0,2.0,143.0,1650,115384,949.0,非拼合宽景大宅，一梯一户南北通透高层板式,"近地铁
新上
南
民水民电",1485.0,103846
罗湖,百仕达,旭飞华达园,1.0,1.0,42.0,165,39285,510.0,诚心出售，价格可议,"近地铁
新上
南
民水民电",148.5,35356
龙华,龙华中心,丰润花园,2.0,2.0,72.0,350,48611,,丰润花园精装修2房出售周边配套全齐,"新上
南
民水民电
精装修",315.0,43750
龙华,龙华中心,壹成中心花园(七区),5.0,2.0,125.0,720,57600,,壹城花园精装修5房出售配套全齐,"新上
南
民水民电
电梯房",648.0,51840
罗湖,布心,观山瑞苑,3.0,2.0,107.0,530,49532,621.0,业主急卖，降价60万，随时看房,"近地铁
新上
南
民水民电",477.0,44579
龙岗,大运,阳光天健城,4.0,2.0,143.11,890,62189,396.0,阳光天健城，配套成熟，业主急售，看房方便，价可谈,"近地铁
新上
南北通
民水民电",801.0,55970
宝安,宝安中心区,天悦龙庭（二期）,2.0,2.0,92.89,760,81817,308.0,天悦龙庭位于宝安区核心地段，地理位置优越，紧邻前海，旁靠区政,"近地铁
新上
东南
民水民电",684.0,73635
南山,西丽,宝能城花园,3.0,2.0,89.0,880,98876,207.0,宝能城精装好房，近地铁站，配套成熟，车位多,"近地铁
新上
南
民水民电",792.0,88988
南山,前海,星海名城（五期）,2.0,2.0,70.4,450,63920,946.0,前海片区花园社区，过渡首选，红五一税费少，价格有空间,"近地铁
新上
民水民电",405.0,57528
南山,西丽,宝能城花园,3.0,2.0,89.0,800,89887,207.0,地铁口物业，宝能城花园 高使用率，精装修,"近地铁
新上
南
民水民电",720.0,80898
南山,西丽,宝能城花园,5.0,2.0,155.0,1750,112903,207.0,明星户型 宝能城 精装保养好 价格有惊喜车位多,"近地铁
新上
西南
民水民电",1575.0,101613
南山,西丽,宝能城花园,4.0,2.0,89.91,800,88977,207.0,VIP代理，业主换房诚心卖房，价格好谈，厅出大阳台，使用率高,"近地铁
新上
南
民水民电",720.0,80079
南山,南头,豪方天际花园,4.0,2.0,89.54,800,89345,226.0,豪方天际花园精装4房价格美丽,"近地铁
新上
东南
民水民电",720.0,80410
南山,前海,星海名城（三期）,3.0,2.0,107.0,665,62149,698.0,前海，大型花园社区，绿化率50，人车分流，小高层带电梯,"近地铁
新上
北
民水民电",598.5,55934
南山,前海,星海名城（五期）,2.0,1.0,51.0,380,74509,946.0,资源丰富，小区内自带三所幼儿园适合住家，出行购物娱乐都比较方,"近地铁
新上
东南
民水民电",342.0,67058
南山,前海,阳光棕榈园（三期）,1.0,1.0,39.69,338,85159,845.0,业主急售，税费少，花园安静,"近地铁
西南
民水民电
电梯房",304.2,76643
南山,前海,星海名城（一期）,2.0,2.0,70.0,420,60000,614.0,前海自贸区星海名城小高层业主诚心卖价格可谈,"近地铁
新上
南
民水民电",378.0,54000
罗湖,布心,观山瑞苑,3.0,2.0,122.0,488,40000,621.0,诚心出售，价格可议,"近地铁
新上
东北
民水民电",439.2,36000
龙华,龙华中心,美丽365（一期）,6.0,3.0,167.55,680,40584,373.0,4号线地铁口顶楼复式大户型诚心出售,"近地铁
新上
南
民水民电",612.0,36526
南山,西丽,桃源村（二期）,3.0,2.0,91.0,480,52747,141.0,桃源村 方正三房 诚心出售 满五 交通生活便利,"近地铁
新上
西北
民水民电",432.0,47472
罗湖,布心,今日家园,2.0,2.0,68.0,300,44117,241.0,新上架！！！罗湖区地铁口书包房，高使用率过度快，转手没问题,"近地铁
新上
北
民水民电",270.0,39705
福田,百花,百花公寓（一期）,3.0,2.0,106.54,950,89168,376.0,百花公寓，107平精装修三房，红本满五年，业主诚心卖价格可谈,"近地铁
新上
东北
民水民电",855.0,80251
宝安,碧海,广兴源圣拿威,5.0,2.0,82.99,865,104229,812.0,西乡的绿化标志小区，人文大社区，住宅品质得到广大住户认可,"近地铁
新上
南
民水民电",778.5,93806
宝安,碧海,广兴源圣拿威,4.0,2.0,52.11,865,165995,812.0,西乡的绿化标志小区，人文大社区，住宅品质得到广大住户认可,"近地铁
新上
南
民水民电",778.5,149396
龙华,龙华中心,美丽365（一期）,2.0,2.0,76.25,250,32786,373.0,新上的房源，清湖双地铁口物业，朝南2房，看房方便,"近地铁
新上
南
民水民电",225.0,29507
南山,南头,麒麟花园（一期）,2.0,2.0,82.0,550,67073,,麒麟花园正规2房精装修近地铁近公园诚心卖价格可谈生活配套方便,"新上
南北通
民水民电
精装修",495.0,60366
南山,前海,雷圳碧榕湾海景花园,3.0,2.0,49.19,380,77251,325.0,罗宝线-鲤鱼门罗宝线-大新 环中线-前海湾,"近地铁
新上
西
民水民电",342.0,69526
南山,华侨城,新天鹅堡三期,3.0,2.0,123.0,1680,136585,609.0,华侨城新天鹅堡精装好房出售业主诚售看房方便,"近地铁
新上
东
民水民电",1512.0,122926
南山,前海,鼎太风华（五期）,3.0,2.0,108.0,1000,92592,651.0,前海自贸区鼎太风华经典户型精装修近地铁,"近地铁
新上
民水民电
电梯房",900.0,83333
南山,前海,中海阳光玫瑰园,3.0,2.0,111.91,850,75953,570.0,南山前海自贸区阳光玫瑰园3房诚心卖价格可谈户型好,"近地铁
新上
东南
民水民电",765.0,68358
南山,前海,诺德假日花园,4.0,2.0,146.0,1080,73972,435.0,前海自贸区4房南向诚心卖价格可谈朝南户型好诺的假日花园,"近地铁
新上
西
民水民电",972.0,66575
盐田,沙头角,蓝郡广场,4.0,2.0,202.66,1350,66614,607.0,复式豪宅，全海景，赠送150平，车位充足,"近地铁
新上
民水民电
电梯房",1215.0,59953
南山,前海,星海名城（五期）,2.0,1.0,58.94,335,56837,946.0,资源丰富，小区内自带三所幼儿园,"近地铁
新上
北
民水民电",301.5,51153
南山,华侨城,假日湾华庭,3.0,2.0,128.0,1000,78125,480.0,假日湾新放售房源,"近地铁
新上
东南
民水民电",900.0,70312
盐田,沙头角,东埔海景花园（二期）,3.0,2.0,94.81,450,47463,723.0,海景二期，3房外国语书包，看房方便,"近地铁
新上
西南
民水民电",405.0,42717
宝安,沙井,拾悦城,4.0,2.0,116.33,460,39542,410.0,拾悦城毛坯4房2卫中间楼层采光视野好满二税费少业主急售！！,"近地铁
新上
西南
民水民电",414.0,35588
南山,前海,星海名城（一期）,2.0,2.0,70.48,458,64982,614.0,前海自贸区星海名城70平2房花园社区南向近地铁,"近地铁
新上
南
民水民电",412.2,58484
南山,前海,星海名城（五期）,2.0,1.0,47.0,398,84680,946.0,资源丰富，小区内自带三所幼儿园两个游泳池,"近地铁
新上
北
民水民电",358.2,76212
龙华,红山,公馆一八六六花园,2.0,2.0,61.98,420,67763,770.0,公馆1866精装修2房出售周边配套全齐,"近地铁
新上
南
民水民电",378.0,60987
宝安,碧海,碧海富通城（四期）,3.0,2.0,79.94,490,61295,872.0,好房推荐碧海富通城四期高楼层采光好诚心出售,"近地铁
新上
西南
民水民电",441.0,55166
盐田,盐田港,佳兆业山海苑,4.0,2.0,131.54,520,39531,725.0,精装大4房佳兆业大社区地铁口 次新房,"近地铁
新上
东北
民水民电",468.0,35578
盐田,盐田港,佳兆业山海苑,3.0,2.0,100.0,420,42000,725.0,（地铁口精装4房）佳兆业百万综合体次新房,"近地铁
南
民水民电
电梯房",378.0,37800
福田,梅林关,星河盛世花园,1.0,1.0,48.34,295,61026,404.0,诚心出售价格可谈，正南向大一房，高楼层采光好，近地铁站配套齐,"近地铁
新上
南
民水民电",265.5,54923
罗湖,新秀,新秀村,3.0,2.0,68.51,240,35031,299.0,急售房源，看房方便，住家安静，配套成熟，近公园,"近地铁
新上
南
民水民电",216.0,31528
南山,前海,诺德假日花园,2.0,2.0,49.9,500,100200,435.0,明星社区 诺德假日家园 标准两房 精装 密码看房,"近地铁
新上
东
民水民电",450.0,90180
宝安,宝安中心区,深业新岸线（二期）,4.0,2.0,166.0,1400,84337,273.0,宝安中区超大花园阳光温馨好房大户型好房欢迎您！！,"近地铁
新上
南
民水民电",1260.0,75903
宝安,宝安中心区,花样年花郡家园,2.0,2.0,58.0,450,77586,419.0,宝安中区沃尔玛商圈阳光温馨靓房在这里！！,"近地铁
新上
东南
民水民电",405.0,69827
福田,梅林,嘉鑫阳光雅居,1.0,1.0,41.0,360,87804,553.0,靠着公园温馨小户型安静次新房,"近地铁
新上
东北
民水民电",324.0,79024
罗湖,东门,东门天地大厦,2.0,2.0,69.0,298,43188,72.0,业主急卖，降价46万，随时看房,"近地铁
新上
南
民水民电",268.2,38869
宝安,新安,勤诚达22世纪(和园),4.0,2.0,126.04,1200,95207,220.0,户型方正 使用率高 近地铁 配套成熟 价格可谈,"近地铁
新上
南北通
民水民电",1080.0,85686
南山,前海,中海阳光玫瑰园,3.0,2.0,98.14,960,97819,570.0,紧邻深圳青青世界、月亮湾公园、大南山郊野公园,"近地铁
新上
南
民水民电",864.0,88037
盐田,梅沙,万科东海岸二期(云山居),2.0,2.0,87.0,350,40229,,万科二期精装2房价格可议,"新上
东南
民水民电
电梯房",315.0,36206
罗湖,人民南,新银座华庭,2.0,1.0,53.0,245,46226,128.0,新上房源业主换房急售议价空间大看好谈红本满五年只有一套,"近地铁
新上
南北通
民水民电",220.5,41603
福田,梅林关,星河丹堤花园,4.0,2.0,200.05,2300,114971,516.0,星河丹堤B区，新上复式洋房，赠送多，低密度，价格可谈,"近地铁
南北通
民水民电
精装修",2070.0,103474
南山,科技园,华润悦府二期(南区),1.0,1.0,107.0,3000,280373,507.0,南山华润悦府精装好房出售看房方便,"近地铁
新上
南
民水民电",2700.0,252336
福田,红树湾,中信红树湾花城南区,4.0,2.0,221.0,3500,158371,467.0,南山中信红树湾精装好房出售看房方便,"近地铁
新上
南北通
民水民电",3150.0,142534
龙岗,布吉,荣超花园,3.0,2.0,88.42,260,29405,864.0,荣超花园  满五年  东南向 精装修 拎包入住,"近地铁
新上
东西通
民水民电",234.0,26464
盐田,盐田港,金港盛世华庭,1.0,1.0,43.38,200,46104,969.0,金港盛世华庭，地铁口物业,"近地铁
新上
南
民水民电",180.0,41494
罗湖,布心,今日家园,2.0,2.0,62.0,320,51612,241.0,诚心出售，价格可议,"近地铁
新上
东南
民水民电",288.0,46451
南山,南头,麒麟花园（一期）,4.0,2.0,140.0,1250,89285,,麒麟花园业主诚心卖价格可谈近地铁户型好使用率高近公园,"新上
南
民水民电",1125.0,80356
罗湖,百仕达,君逸华府,3.0,2.0,98.0,550,56122,541.0,君逸华府东晓在业主诚心出售,"近地铁
新上
东南
民水民电",495.0,50510
福田,皇岗口岸,御花园,2.0,2.0,69.24,420,60658,308.0,业主急卖，口岸物业价格可以谈，随时看房近地铁,"近地铁
新上
东北
民水民电",378.0,54592
罗湖,百仕达,旭飞华达园,1.0,,22.86,88,38495,510.0,诚心出售，价格可议,"近地铁
新上
南
民水民电",79.2,34646
南山,科技园,华润城润府一期,3.0,2.0,89.0,1270,142696,,南山精装好房,"新上
西南
民水民电
电梯房",1143.0,128426
福田,香蜜湖,香蜜湖水榭花都（三期）,4.0,2.0,205.0,5000,243902,541.0,香蜜湖水榭花都三期，新上高层南北通4+1房，看香蜜湖全景,"近地铁
新上
南北通
民水民电",4500.0,219512
南山,前海,诺德假日花园,2.0,2.0,49.8,400,80321,435.0,"寻觅都市中的静谧角落, 尊享品质生活每一刻","近地铁
新上
西北
民水民电",360.0,72289
福田,香蜜湖,香域中央花园,4.0,2.0,207.0,3980,192270,216.0,香域中/央花园，小高层南北通4+1房，大阳台，业主诚心出售,"近地铁
新上
南北通
民水民电",3582.0,173043
龙岗,坂田,佳兆业城市广场五期,2.0,2.0,52.0,135,25961,826.0,地铁口物业，人流大租金回报率高，无缝衔接续约,"近地铁
新上
西
民水民电",121.5,23365
南山,前海,星海名城（二期）,3.0,2.0,113.63,680,59843,754.0,星海名城二期3房，满五唯壹，精装，安静，价格笋！,"近地铁
新上
西北
民水民电",612.0,53859
罗湖,新秀,东方都会大厦,2.0,1.0,50.83,215,42297,633.0,诚心出售，价格可议,"近地铁
新上
东
民水民电",193.5,38067
盐田,盐田港,金港盛世华庭,3.0,2.0,95.9,430,44838,969.0,金港盛世地铁口物业,"近地铁
新上
南
民水民电",387.0,40354
盐田,盐田港,天利明园,2.0,2.0,70.0,160,22857,,天利名园，精装两房出售,"北
民水民电
电梯房",144.0,20571
龙岗,坂田,四季花城(一期北区),3.0,2.0,113.12,470,41548,315.0,安静，多层带电梯，红本在手，户型方正，业主诚心卖，,"近地铁
新上
南北通
民水民电",423.0,37393
宝安,碧海,碧海富通城（一期）,3.0,2.0,85.65,480,56042,,地势平坦，拥有着得天独厚的居住开发资源的宝中区区域,"新上
南
民水民电
精装修",432.0,50438
罗湖,翠竹,金丽豪苑,3.0,2.0,101.0,580,57425,319.0,深中书包 金丽豪苑 可改三房 业主有心卖 欢迎看房,"近地铁
新上
南
民水民电",522.0,51682
罗湖,翠竹,翠竹苑,3.0,2.0,78.0,750,96153,326.0,，户型南北通透，生活配套齐全。,"近地铁
南
民水民电
拎包入住",675.0,86538
罗湖,翠竹,翠竹苑,2.0,1.0,52.0,456,87692,326.0,户型南北通透，生活配套齐全看房方便,"近地铁
南
民水民电
电梯房",410.4,78923
盐田,盐田港,佳兆业山海苑,2.0,1.0,54.0,270,50000,725.0,（精装2房）拎包入住业主急售可谈价,"近地铁
东南
民水民电
电梯房",243.0,45000
罗湖,黄贝岭,深业东岭花园（一期）,3.0,1.0,80.0,510,63750,435.0,深业东岭，业主急售，价格可以谈，近地铁，随时方便看房,"近地铁
新上
南
民水民电",459.0,57375
盐田,盐田港,金港盛世华庭,2.0,1.0,59.46,180,30272,969.0,金港盛世，阳台面积大，视野开阔，采光好，业主诚心售,"近地铁
新上
东
民水民电",162.0,27245
盐田,盐田港,金港盛世华庭,2.0,1.0,59.46,180,30272,969.0,金港盛世，阳台大气，活动空间大，居住舒适，视野开阔,"近地铁
新上
南
民水民电",162.0,27245
盐田,盐田港,金港盛世华庭,2.0,1.0,59.43,180,30287,969.0,正对地铁口，出行十分便利，楼下就是商场，地段好,"近地铁
新上
南
民水民电",162.0,27258
南山,桃园,香瑞园,3.0,2.0,89.0,740,83146,513.0,北区小户型低密度小高层,"近地铁
新上
北
民水民电",666.0,74831
龙岗,龙岗中心城,佳兆业水岸新都,5.0,2.0,289.0,1400,48442,790.0,水岸新都  有天有地 天然养吧 看房约,"近地铁
新上
南北通
民水民电",1260.0,43598
罗湖,东门,东门168,1.0,1.0,24.11,245,101617,499.0,少50个出手 价格可谈,"近地铁
西
民水民电
电梯房",220.5,91455
罗湖,翠竹,龙屋,4.0,2.0,93.0,800,86021,550.0,3房 户型方正 南北通透装修保养好,"近地铁
新上
南
民水民电",720.0,77419
福田,福田中心区,中海华庭,3.0,2.0,121.1,1300,107349,300.0,《中海华庭》峰座A户型，东边户，南北通透，安静，满五惟一,"近地铁
新上
南北通
民水民电",1170.0,96614
宝安,碧海,广兴源圣拿威,4.0,2.0,178.34,1550,86912,812.0,广兴源圣拿威 物管严格，保障安全，车位比1:1.2,"近地铁
新上
南
民水民电",1395.0,78221
罗湖,翠竹,翠拥华庭,2.0,1.0,66.8,450,67365,477.0,近期入手看这套，业主急卖，租金高，可谈价，采光通透,"近地铁
新上
西
民水民电",405.0,60628
罗湖,百仕达,旭飞华达园,1.0,,23.0,140,60869,510.0,旭飞华达园户型方正带阳台，采光通风佳,"近地铁
新上
南
民水民电",126.0,54782
龙岗,龙岗中心城,龙园大观花园（一期）,5.0,2.0,166.0,620,37349,,业主急售，看房方便，近公园近地铁，南北通户型，生活配套成熟,"新上
南北通
民水民电
电梯房",558.0,33614
福田,百花,长城大厦(三花园),3.0,2.0,120.82,1200,99321,312.0,福田双名教助學 满二年税费少  看房 探底价私信我助您置好物,"近地铁
新上
南北通
民水民电",1080.0,89389
宝安,碧海,碧海富通城（五期）,1.0,1.0,44.81,268,59808,725.0,碧海富通城五期业主诚心出售看房方便,"近地铁
新上
东
民水民电",241.2,53827
南山,前海,阳光棕榈园（三期）,3.0,2.0,105.0,650,61904,845.0,前海 正规商品房 南向采光好 满五 商业配套成熟 双卫,"近地铁
新上
北
民水民电",585.0,55714
南山,南头,豪方天际花园,3.0,2.0,89.0,800,89887,226.0,豪方天际 楼龄新 临地铁 南向采光好 近医院 停车方便,"近地铁
新上
民水民电
电梯房",720.0,80898
南山,南头,麒麟花园（二期）,4.0,2.0,140.0,1300,92857,566.0,麒麟花园 近医院 环境好 精装好房 满五 产权清晰,"近地铁
新上
南
民水民电",1170.0,83571
盐田,梅沙,万科东海岸四期（达观居）,2.0,1.0,88.72,450,50721,,万科东海岸，依山而建，面朝大海,"新上
南
民水民电
电梯房",405.0,45649
南山,科技园,华润城润府三期,2.0,2.0,89.0,1138,127865,706.0,南山华润城精装两房出售看房方便,"近地铁
新上
西南
民水民电",1024.2,115078
罗湖,百仕达,旭飞华达园,1.0,,22.0,75,34090,510.0,旭飞华达园性价比高单间、满二年红本税费少、优质单间、户型方正,"近地铁
新上
南
民水民电",67.5,30681
龙岗,布吉,佳兆业可园（五期）,5.0,2.0,172.0,750,43604,677.0,"佳兆业可园,环境优美 ，居家舒适，素以高赠送面积闻名深圳","近地铁
新上
东南
民水民电",675.0,39244
盐田,梅沙,东部华侨城天麓（六区）,4.0,3.0,270.23,2200,81412,,天麓双拼别墅，高使用率，南北通透，大花园,"新上
南
民水民电",1980.0,73271
龙华,上塘,潜龙曼海宁（北区）,2.0,2.0,71.9,380,52851,541.0,曼海宁2房位置安静价位可谈,"近地铁
新上
南
民水民电",342.0,47566
盐田,盐田港,佳兆业山海苑,3.0,2.0,100.0,300,30000,725.0,佳兆业山海苑小区，价格可谈，配套齐全，交通便利,"近地铁
新上
南
民水民电",270.0,27000
福田,上下沙,京基滨河时代广场,1.0,1.0,41.15,190,46172,479.0,京基滨河时代广场，商务公寓，红本，酒店固定租约，回报稳定,"近地铁
新上
民水民电
电梯房",171.0,41555
宝安,新安,君成雍和园,4.0,2.0,89.0,630,70786,83.0,户型方正 使用率高 近地铁 价格可谈,"近地铁
新上
西南
民水民电",567.0,63707
福田,香蜜湖,东海花园（二期福禄居),2.0,2.0,120.42,1560,129546,286.0,东海花园二期，动静分区实用三房，诚心卖,"近地铁
新上
东南
民水民电",1404.0,116591
盐田,盐田港,中海半山溪谷花园,3.0,2.0,108.37,320,29528,829.0,中海半山溪谷大三房推荐，低密度大社区，小高层,"近地铁
新上
东
民水民电",288.0,26575
罗湖,百仕达,百仕达花园五期(乐湖),4.0,2.0,162.16,1300,80167,768.0,乐湖有心卖的业主，价格空间很大，可以你说了算的,"近地铁
新上
东北
民水民电",1170.0,72150
南山,前海,阳光棕榈园（三期）,1.0,1.0,40.0,370,92500,845.0,阳光棕前海低密度花园社区，精致户型 价格美丽,"近地铁
新上
西
民水民电",333.0,83250
罗湖,黄贝岭,深业东岭花园（二期）,2.0,2.0,54.0,460,85185,435.0,业主急卖，降价30万，随时看房,"近地铁
新上
东
民水民电",414.0,76666
南山,前海,星海名城（一期）,3.0,2.0,105.0,700,66666,614.0,小区内设有两个游泳池,"近地铁
新上
南
民水民电",630.0,59999
南山,南头,阳光里雅居,2.0,2.0,50.95,540,105986,415.0,南山站100米 阳光里雅居 精装自住房 业主换大房 红本少税,"近地铁
新上
东
民水民电",486.0,95387
南山,南头,阳光里雅居,3.0,2.0,66.84,810,121184,415.0,南山站100米 阳光里雅居 精装户型 楼层好 红本 业主换房,"近地铁
新上
西南
民水民电",729.0,109066
南山,南头,阳光里雅居,2.0,1.0,45.0,525,116666,415.0,阳光里雅居 精装小户型 过渡好选择 安静景观 地铁口,"近地铁
新上
南
民水民电",472.5,104999
宝安,新安,中海九号公馆,5.0,2.0,178.0,3500,196629,,项目地处尖岗山别墅豪宅区，六山两水原生态自然资源环绕,"新上
南北通
民水民电
电梯房",3150.0,176966
福田,香蜜湖,宝能公馆V-House,2.0,2.0,98.0,600,61224,497.0,业主诚心卖房 | 宝能城市公馆，2018年次新房，端头位,"近地铁
新上
南
民水民电",540.0,55102
罗湖,布心,崇德雍翠华府,2.0,2.0,62.0,350,56451,488.0,罗湖布心 雍翠华府 新放盘 预约看房吧,"近地铁
新上
东西通
民水民电",315.0,50806
罗湖,黄贝岭,凤凰印象,1.0,1.0,41.26,210,50896,381.0,业主急卖，降价38万，随时看房,"近地铁
新上
北
民水民电",189.0,45806
南山,前海,鼎太风华社区,3.0,2.0,144.0,1460,101388,949.0,奥斯卡”社区——作为鼎太风华十年扛鼎之作,"近地铁
新上
南北通
民水民电",1314.0,91249
罗湖,东门,东门168,1.0,,30.85,228,73905,499.0,罗湖东门168 螺岭书包 总价低小户型 易出租 欢迎实地看房,"近地铁
新上
东北
民水民电",205.2,66514
南山,华侨城,新天鹅堡二期,4.0,1.0,260.0,5900,226923,588.0,高层湖景山景特价房！天鹅湖花园豪装4+1房，业主急卖！,"近地铁
新上
南
民水民电",5310.0,204231
南山,华侨城,新天鹅堡二期,4.0,2.0,293.0,6500,221843,588.0,端头位湖景特价房！天鹅湖花园豪装4+1房，业主急卖！,"近地铁
新上
南北通
民水民电",5850.0,199659
南山,前海,星海名城（五期）,3.0,2.0,88.0,560,63636,946.0,资源丰富，小区内自带三所幼儿园,"近地铁
新上
南
民水民电",504.0,57272
罗湖,翠竹,泊林花园,1.0,1.0,44.27,270,60989,334.0,附近配有大型商超，生活购物方便，富有生活气息,"近地铁
新上
北
民水民电",243.0,54890
罗湖,莲塘,东方.尊峪花园,4.0,2.0,175.23,1200,68481,832.0,半山豪宅高层山景房跑马阳台使用率高车位足,"近地铁
新上
西北
民水民电",1080.0,61633
罗湖,莲塘,东方.尊峪花园,3.0,2.0,158.78,880,55422,832.0,东方尊峪全屋新装大两房环境舒适看房方便,"近地铁
新上
南北通
民水民电",792.0,49880
罗湖,莲塘,东方.尊峪花园,3.0,2.0,124.0,580,46774,832.0,东方尊峪大花园社区高层南向三房车位充足,"近地铁
新上
南
民水民电",522.0,42097
罗湖,莲塘,东方.尊峪花园,3.0,2.0,136.86,800,58453,832.0,罗湖豪宅区东方尊峪高层山景大三房车位充可议价,"近地铁
新上
西北
民水民电",720.0,52608
罗湖,莲塘,东方.尊峪花园,2.0,2.0,89.3,405,45352,832.0,半山豪宅小高层大社区中高楼层大两房价格可议,"近地铁
新上
南
民水民电",364.5,40817
罗湖,莲塘,东方.尊峪花园,5.0,2.0,181.0,1200,66298,832.0,半山豪宅区看房方便视野开阔配套齐全,"近地铁
新上
南北通
民水民电",1080.0,59668
罗湖,莲塘,四季御园（新世界四季御园）,2.0,1.0,61.87,330,53337,340.0,新世界四季御园，精装好2房，保养好，看房方便,"近地铁
新上
北
民水民电",297.0,48003
福田,红树湾,红树西岸,3.0,2.0,181.0,3500,193370,446.0,豪华装修，业主诚意卖，价格好谈，头排海景看整个深圳湾,"近地铁
新上
东南
民水民电",3150.0,174033
宝安,福永,御景水岸花园,6.0,3.0,252.72,2800,110794,,御景水岸别墅2800万,"新上
南北通
民水民电",2520.0,99715
南山,华侨城,新天鹅堡一期,4.0,2.0,297.03,6800,228933,588.0,正看全湖景特价房！天鹅湖花园豪装4+1房，业主急卖！,"近地铁
新上
东南
民水民电",6120.0,206040
罗湖,莲塘,鹏兴花园（二期）,3.0,2.0,101.0,650,64356,238.0,一楼带50平米大花园，南北向大三房，近地铁站配套很齐全,"近地铁
新上
北
民水民电",585.0,57920
宝安,新安,冠城世家,5.0,2.0,242.0,1800,74380,352.0,复式 超高使用率 通风采光好 满五,"近地铁
新上
东南
民水民电",1620.0,66942
罗湖,黄贝岭,凤凰印象,1.0,1.0,41.17,230,55865,381.0,诚心出售，价格可以,"近地铁
新上
东
民水民电",207.0,50278
龙岗,龙岗中心城,保利上城,4.0,2.0,88.0,500,56818,835.0,新上架房源，四房一卫，客厅出阳台，满五税少诚心卖价可谈,"近地铁
新上
西北
民水民电",450.0,51136
南山,前海,星海名城（五期）,3.0,2.0,117.0,680,58119,946.0,想象一下，早晨的一缕阳光洒在您的新家，期待您的莅临体验。,"近地铁
新上
东南
民水民电",612.0,52307
南山,南头,豪方天际花园,3.0,2.0,74.59,615,82450,226.0,位置安静.配套齐全,"近地铁
新上
西北
民水民电",553.5,74205
光明,光明中心区,光明1号,3.0,2.0,81.32,295,36276,,高品质，配套齐全，领包入住,"新上
东北
民水民电
电梯房",265.5,32648
南山,前海,阳光棕榈园（二期）,3.0,2.0,97.0,620,63917,544.0,小区配套齐全，自带底铺50间，完全满足业主日常生活所需,"近地铁
新上
南
民水民电",558.0,57525
南山,前海,前海时代,3.0,2.0,123.81,1188,95953,650.0,小区位于前海深港基金小镇旁，未来曼哈顿，地理位置佳,"近地铁
新上
南北通
民水民电",1069.2,86358
南山,华侨城,天鹅堡二期,5.0,2.0,370.0,6000,162162,,"天鹅堡二期,顶层复式，业主诚心卖","新上
南北通
民水民电
电梯房",5400.0,145946
罗湖,布心,今日家园,2.0,2.0,66.74,320,47947,241.0,房产证在手，无按揭，迅速过户，免除赎楼费用,"近地铁
新上
北
民水民电",288.0,43152
光明,光明中心区,益田假日府邸,3.0,2.0,79.92,280,35035,,业主急售亏本出售 光明新区次新地铁口物业实用精装三房看房方便,"新上
南
民水民电
电梯房",252.0,31532
福田,梅林,四季山水花园,4.0,2.0,172.0,1650,95930,624.0,四季山水一期少有户型、高层4房赠送35平、南北向、景观无遮挡,"近地铁
新上
南北通
民水民电",1485.0,86337
南山,前海,星海名城（一期）,2.0,2.0,70.0,380,54285,614.0,前海星海名城，精装2房，近地铁口，诚心出售,"近地铁
新上
南
民水民电",342.0,48856
罗湖,翠竹,逸翠园,4.0,2.0,1214.6,4400,36225,485.0,交通便利配套成熟,"近地铁
东
民水民电",3960.0,32602
龙岗,龙岗中心城,万象天成（盛龙花园二期）,1.0,1.0,40.77,84,20603,760.0,万象天成业主诚心出售,"近地铁
新上
西
民水民电",75.6,18543
罗湖,洪湖,源兴居,1.0,1.0,21.44,138,64365,325.0,业主急卖，配套齐全，租金高，采光通透，可谈价,"近地铁
新上
北
民水民电",124.2,57928
罗湖,翠竹,怡泰大厦,3.0,2.0,120.0,500,41666,339.0,华润万家、新一佳、沃尔玛等洪湖公园、人民公园、翠竹公园,"近地铁
新上
西南
民水民电",450.0,37499
罗湖,布心,彩世界家园,3.0,2.0,97.0,425,43814,543.0,房产证在手，随时网签，迅速过户，节省资金,"近地铁
新上
东南
民水民电",382.5,39433
罗湖,莲塘,鹏兴花园（二期）,3.0,2.0,94.0,600,63829,238.0,地铁2号线物业仙湖站，免装修三房，1梯2户，安静看花园,"近地铁
新上
民水民电
电梯房",540.0,57446
罗湖,莲塘,鹏兴花园（二期）,4.0,2.0,124.0,560,45161,238.0,鹏兴花园二期，电梯房源，邻近地铁口，诚心出售,"近地铁
新上
南北通
民水民电",504.0,40645
龙华,龙华中心,幸福城润园（一期）,4.0,2.0,152.0,980,64473,605.0,业主诚意出售，房子通风采光好,"近地铁
新上
东南
民水民电",882.0,58026
宝安,碧海,康达尔山海上园(二期),4.0,2.0,135.59,860,63426,,4房2卫，次新房，只有契税，书包在,"新上
南
民水民电
电梯房",774.0,57083
福田,红树湾,红树西岸,4.0,3.0,493.46,11800,239127,446.0,红树西岸，五房复式，户型大气，景观视野开阔，前排wu遮挡,"近地铁
新上
西南
民水民电",10620.0,215214
龙岗,龙岗中心城,紫薇花园,3.0,2.0,111.33,350,31438,,市场已缓慢回暖，业主诚心出售，满五年，地铁口，看房可安排！,"新上
南北通
民水民电
精装修",315.0,28294
罗湖,翠竹,泊林花园,2.0,2.0,67.38,390,57880,334.0,泊林花园小区配套齐全,"近地铁
新上
东
民水民电",351.0,52092
罗湖,翠竹,怡泰大厦,3.0,2.0,97.0,550,56701,339.0,物业管理严格，住家生活方便,"近地铁
新上
西北
民水民电",495.0,51031
龙岗,布吉,佳兆业可园（四期）,3.0,2.0,125.0,660,52800,697.0,可园复式四房 业主诚心出售 看房方便,"近地铁
新上
南
民水民电",594.0,47520
罗湖,布心,翡翠园山湖居一期,2.0,2.0,64.0,300,46875,383.0,享受税费优惠政策，节省购房资金,"近地铁
新上
南
民水民电",270.0,42188
南山,前海,星海名城（三期）,5.0,2.0,83.0,1480,178313,698.0,小区户型多样，紧凑型、刚需型、改善型等均能满足,"近地铁
新上
东北
民水民电",1332.0,160482
宝安,宝安中心区,鸿荣源尚都,3.0,2.0,105.57,960,90934,513.0,尚都花园.周边配套齐全.户型方正南北通透.地理位置优越.急卖,"近地铁
新上
民水民电
电梯房",864.0,81841
罗湖,百仕达,旭飞华达园,1.0,1.0,39.0,180,46153,510.0,旭飞华达园，业主有心卖，配套齐全，租金高，采光好,"近地铁
新上
东
民水民电",162.0,41538
罗湖,百仕达,百仕达花园五期(乐湖),3.0,2.0,117.82,690,58563,768.0,好房新上，百仕达乐湖，空中花园，家门口就是东公园,"近地铁
新上
北
民水民电",621.0,52707
福田,梅林,四季山水花园（二期）,3.0,2.0,150.0,1380,92000,582.0,四季山水花园二期位于深圳市福田区梅林龙尾大道东侧,"近地铁
新上
南
民水民电",1242.0,82800
盐田,梅沙,万科东海岸三期（云山居）,3.0,2.0,165.0,450,27272,,万科精装3+1房，南北通透，高楼层，视野开阔,"新上
东南
民水民电
电梯房",405.0,24545
罗湖,莲塘,东方.尊峪花园,2.0,2.0,92.0,420,45652,832.0,万科东方尊峪，是富春东方地产继天琴湾之后,"近地铁
新上
南
民水民电",378.0,41087
盐田,盐田港,金港盛世华庭,1.0,,61.15,200,32706,969.0,地铁口户型方正实用看房方便,"近地铁
新上
南
民水民电",180.0,29435
罗湖,莲塘,四季御园（新世界四季御园）,3.0,2.0,84.38,450,53330,340.0,新世界四季御园，精装好3房，装修保养好，业主很有心卖看房方便,"近地铁
新上
南
民水民电",405.0,47997
罗湖,布心,松泉公寓,2.0,2.0,61.1,270,44189,520.0,175万急售 总价低 近地铁 带翠园东晓学..位,"近地铁
新上
南
民水民电",243.0,39770
罗湖,布心,松泉公寓,2.0,2.0,71.87,350,48699,520.0,205万急售 总价低 近地铁 带翠园学..位,"近地铁
新上
北
民水民电",315.0,43829
罗湖,莲塘,鹏兴花园（六期）,4.0,2.0,157.39,850,54005,378.0,大型社区.生活购物出行便利.地铁口物业,"近地铁
新上
南北通
民水民电",765.0,48604
盐田,梅沙,万科东海岸二期(云山居),5.0,2.0,200.3,800,39940,,万科东海岸别墅价格很亮靓靓,"东南
民水民电
电梯房
精装修",720.0,35946
罗湖,莲塘,鹏兴花园（一期）,2.0,2.0,79.0,400,50632,233.0,鹏兴花园一期 地铁口物业 南北通透两房，红本五年，随时可看,"近地铁
新上
南
民水民电",360.0,45569
盐田,梅沙,万科东海岸二期(齐山居),3.0,2.0,127.0,650,51181,,万科二期，入户花园大，安静大3房，适合养老，红本满五年,"南
民水民电
电梯房
拎包入住",585.0,46063
罗湖,布心,松泉公寓,2.0,2.0,61.0,440,72131,520.0,畔山物业空气清新，背靠围岭山生态公园,"近地铁
南
民水民电
电梯房",396.0,64918
盐田,沙头角,倚山花园（三期）,3.0,2.0,89.0,520,58426,632.0,新世界倚山花园,"近地铁
新上
南北通
民水民电",468.0,52583
罗湖,布心,松泉公寓,1.0,1.0,35.3,400,113314,520.0,小区户户南北通透,"近地铁
南
民水民电
精装修",360.0,101983
罗湖,布心,松泉公寓,2.0,1.0,57.0,240,42105,520.0,210万，业主急卖，配套齐全，租金高，采光通透，谈价空间大,"近地铁
新上
南
民水民电",216.0,37894
盐田,沙头角,蓝郡广场,4.0,2.0,208.0,1500,72115,607.0,蓝郡广场，复式5房，看房方便，业主置换诚心出售,"近地铁
新上
南北通
民水民电",1350.0,64904
罗湖,翠竹,泊林花园,2.0,2.0,68.0,410,60294,334.0,水贝珠宝，交通便利，诚心出售，价格可议,"近地铁
民水民电
电梯房
精装修",369.0,54265
罗湖,翠竹,泊林花园,2.0,1.0,60.99,400,65584,334.0,诚心出售，价格可议,"近地铁
新上
南
民水民电",360.0,59026
罗湖,翠竹,泊林花园,1.0,1.0,45.0,278,61777,334.0,诚心出售，价格可议，交通便利,"近地铁
新上
北
民水民电",250.2,55599
龙华,龙华中心,锦绣江南（四期）,2.0,2.0,79.16,388,49014,,电梯房大多是两梯四户的，个别经典户型采用龙华首创的入户花园设,"新上
南
民水民电
电梯房",349.2,44113
盐田,沙头角,倚山花园（三期）,3.0,2.0,89.27,340,38086,632.0,倚山花园小区，价格可谈，配套齐全，交通便利,"近地铁
新上
东北
民水民电",306.0,34277
罗湖,万象城,中海天钻,3.0,2.0,121.41,990,81541,399.0,中海天钻厅出阳台南向三房出售景观好,"近地铁
新上
南
民水民电",891.0,73387
罗湖,黄贝岭,凤凰印象,3.0,2.0,108.0,680,62962,381.0,降价10万，配套齐全，随时看房,"近地铁
新上
南
民水民电",612.0,56666
罗湖,布心,阳光明居,2.0,2.0,74.42,530,71217,459.0,阳光明居内设户外园林式泳池儿童游戏场棋牌室阅览室茶艺室休闲,"近地铁
南
民水民电
电梯房",477.0,64095
罗湖,洪湖,源兴居,2.0,2.0,81.69,355,43456,325.0,业主急卖，配套齐全，谈价空间大，中间楼层，采光好,"近地铁
新上
民水民电
电梯房",319.5,39110
罗湖,洪湖,源兴居,2.0,1.0,81.0,425,52469,325.0,265宛，业主急卖，配套齐全，谈价空间大，中间楼层，采光好,"近地铁
新上
民水民电
电梯房",382.5,47222
罗湖,布心,阳光明居,2.0,2.0,75.0,500,66666,459.0,翠园东晓，300宛，业主有心卖，配套齐全，采光通透，可谈价,"近地铁
新上
南
民水民电",450.0,59999
宝安,西乡,白金假日公寓,2.0,1.0,45.29,350,77279,219.0,白金假日公寓生活配套较完善，交通便利，近地铁一号线坪洲站,"近地铁
新上
西南
民水民电",315.0,69551
南山,前海,前海时代CEO公馆,4.0,2.0,177.67,2580,145213,650.0,前海时代花园.小区环境优美.地段好.户型方正南北通透.急卖,"近地铁
新上
东南
民水民电",2322.0,130692
罗湖,百仕达,万事达名苑,2.0,2.0,71.0,350,49295,491.0,280万，万事达名苑业主有心卖，谈价空间大，配套齐全，租金高,"近地铁
新上
西南
民水民电",315.0,44366
罗湖,布心,淘金山湖景花园二期,6.0,2.0,175.0,1180,67428,856.0,房产证在手，无按揭，迅速过户，免除赎楼费用,"近地铁
新上
东南
民水民电",1062.0,60685
罗湖,布心,松泉公寓,1.0,1.0,47.31,230,48615,520.0,160万近期入手看这套，业主急卖，配套齐全，采光通透，租金高,"近地铁
北
民水民电",207.0,43754
罗湖,百仕达,华达园公寓,1.0,1.0,42.89,170,39636,522.0,高楼层，可改两房的户型，业主诚心卖，性价比非常高,"近地铁
新上
南
民水民电",153.0,35672
南山,科技园,华润悦府二期(南区),1.0,2.0,106.0,1800,169811,507.0,豪华装修，业主诚意卖房，看整个深圳湾C位一线海景，看房方便,"近地铁
新上
民水民电
电梯房",1620.0,152830
罗湖,人民南,冠懋金色都汇（金色都汇）,1.0,1.0,36.0,255,70833,121.0,业主直降26万，配套齐全，随时看房,"近地铁
新上
民水民电
电梯房",229.5,63750
罗湖,新秀,东方都会大厦,1.0,,31.84,115,36118,633.0,新上架，东方都会，东南向大一房，红本满五，临地铁，看水库,"近地铁
新上
南
民水民电",103.5,32506
龙岗,坂田,第五园（八期）,3.0,2.0,89.58,465,51908,810.0,笋，南北通透，89平3房2卫，近地铁,"近地铁
新上
南
民水民电",418.5,46717
罗湖,黄贝岭,深业东岭花园（一期）,3.0,2.0,75.0,455,60666,435.0,东岭75平3房，425万可卖，次新房，停车方便,"近地铁
新上
北
民水民电",409.5,54599
龙岗,龙岗中心城,紫薇花园,3.0,1.0,95.44,260,27242,,急卖龙初旁！紫薇花园加电梯啦，总价低可谈空间大，使用率高,"新上
南
民水民电",234.0,24518
南山,华侨城,新天鹅堡三期,1.0,2.0,123.0,1850,150406,609.0,新天鹅堡三期高层3房，业主急卖，价格好谈，看房方便,"近地铁
新上
南
民水民电",1665.0,135365
罗湖,翠竹,怡泰大厦,1.0,2.0,59.99,285,47507,339.0,业主有心卖，谈价空间大，租金高，配套齐全，采光通透,"近地铁
新上
南
民水民电",256.5,42756
罗湖,黄贝岭,集浩花园,5.0,2.0,139.19,630,45261,402.0,精装四加1房 带翠园 业主自住保养好 满5税少 适合住家,"近地铁
新上
西南
民水民电",567.0,40735
罗湖,百仕达,旭飞华达园,1.0,1.0,25.0,78,31200,510.0,业主急卖，带租约出售，中高层采光好，满五年免个税，欢迎咨询,"近地铁
新上
南
民水民电",70.2,28080
罗湖,翠竹,翠华花园,3.0,2.0,75.36,400,53078,253.0,12万益田假日广场旁，翠竹+翠园，地铁口,"近地铁
新上
南北通
民水民电",360.0,47770
南山,前海,鼎太风华社区,5.0,2.0,200.64,2500,124601,949.0,鼎太风华奥斯卡宽景大宅，5房，两梯两户南北通透高层板式,"近地铁
新上
南
民水民电",2250.0,112141
罗湖,布心,松泉公寓,2.0,1.0,56.0,230,41071,520.0,松泉公寓业主红本在手随时过户换房急售溢价空间大,"近地铁
新上
民水民电",207.0,36964
龙岗,龙岗中心城,公园大地花园,6.0,3.0,275.76,2300,83405,953.0,业主向市场妥协！地铁口刚降价房源，精装，满五年急售，价格私聊,"近地铁
新上
南北通
民水民电",2070.0,75064
罗湖,翠竹,翠竹苑,2.0,1.0,50.63,320,63203,326.0,小区配套齐全,"近地铁
新上
南
民水民电",288.0,56883
罗湖,洪湖,洪湖花园,3.0,2.0,98.0,400,40816,875.0,洪湖花园业主有心卖，配套齐全，租金高，谈价空间大，采光通透,"近地铁
新上
民水民电
电梯房",360.0,36734
罗湖,布心,松泉公寓,2.0,1.0,44.42,200,45024,520.0,罗湖水贝，业主有心卖，大花园社区，采光通透，谈价空间大,"近地铁
新上
南
民水民电",180.0,40522
罗湖,翠竹,逸翠园,3.0,2.0,115.2,800,69444,578.0,业主有心卖，660宛，配套齐全，采光通透，谈价空间大，租金高,"近地铁
南
民水民电
电梯房",720.0,62500
罗湖,翠竹,龙丽园,3.0,2.0,86.0,540,62790,453.0,450万业主有心卖，谈价空间大，配套齐全，租金高，采光通透,"近地铁
民水民电
电梯房
精装修",486.0,56511
罗湖,翠竹,金丽豪苑,2.0,1.0,56.7,450,79365,319.0,业主有心卖，谈价空间大，配套齐全，租金高，采光通透,"近地铁
新上
南北通
民水民电",405.0,71428
龙岗,布吉,桂芳园（一期）,3.0,2.0,87.0,330,37931,390.0,小区环境优美，住家安静，价格不贵，近地铁交通方便。,"近地铁
新上
南
民水民电",297.0,34138
福田,香蜜湖,香榭里花园（二期）,2.0,2.0,94.0,1300,138297,547.0,香榭里二期  方正南北通小三房 诚意出售,"近地铁
新上
南
民水民电",1170.0,124467
罗湖,人民南,双城世纪大厦,3.0,2.0,86.0,370,43023,256.0,业主急卖，随时可以看房，居家首选，费用少,"近地铁
新上
东南
民水民电",333.0,38721
罗湖,百仕达,东乐花园(罗湖),3.0,2.0,86.7,450,51903,393.0,诚心出售价格可议,"近地铁
新上
南北通
民水民电",405.0,46713
罗湖,百仕达,君逸华府,3.0,2.0,97.84,700,71545,541.0,诚心出售，价格可议,"近地铁
新上
南
民水民电",630.0,64390
罗湖,翠竹,愉天小区,1.0,1.0,43.0,315,73255,335.0,业主急卖送家私，地铁口物业，书包可以用，,"近地铁
新上
北
民水民电",283.5,65930
罗湖,翠竹,金翠园,1.0,1.0,51.28,480,93603,527.0,罗湖翠竹 金翠园 深中书包 详询136，8253，5553,"近地铁
新上
南
民水民电",432.0,84243
罗湖,百仕达,百仕达花园一期,3.0,2.0,103.0,700,67961,374.0,百仕达中海苑  安静栋数  高楼层  价格可谈,"近地铁
新上
南
民水民电",630.0,61165
罗湖,洪湖,源兴居,1.0,,21.43,98,45730,325.0,小区Z低价一套，业主急售，洪湖公园旁边,"近地铁
新上
东南
民水民电",88.2,41157
龙岗,坂田,四季花城(三期北区),4.0,2.0,74.78,450,60176,364.0,5+10号线双地铁口，四季花城，复式4+1房，满五税少,"近地铁
东西通
民水民电
拎包入住",405.0,54158
罗湖,百仕达,新港鸿花园,3.0,2.0,104.42,500,47883,549.0,价格可议，诚心出售，交通便利,"近地铁
新上
东南
民水民电",450.0,43095
宝安,西乡,金港华庭,3.0,2.0,118.0,515,43644,710.0,金港华庭花园.周边配套较丰富.地段好.户型方正实用，急卖,"近地铁
新上
西南
民水民电",463.5,39280
宝安,碧海,碧海富通城（三期）,4.0,2.0,142.25,850,59753,942.0,富通城海景大四房精装出售,"近地铁
新上
东南
民水民电",765.0,53778
罗湖,翠竹,贝丽花园,2.0,2.0,70.91,360,50768,369.0,罗湖水贝 贝丽花园 单价便宜楼梯房 欢迎议价,"近地铁
新上
南
民水民电",324.0,45691
龙岗,龙岗中心城,万象天成（盛龙花园二期）,1.0,1.0,40.47,72,17790,760.0,龙城广场地铁口三馆一城业主急出看房方便,"近地铁
新上
南
民水民电",64.8,16011
南山,西丽,博林天瑞（二期）,4.0,2.0,198.0,1550,78282,633.0,博林天瑞南向4房，中间楼层,"近地铁
新上
民水民电
电梯房",1395.0,70454
罗湖,翠竹,贝丽花园,3.0,2.0,100.53,680,67641,369.0,业主急卖，直降30万,"近地铁
新上
南北通
民水民电",612.0,60877
罗湖,翠竹,翠竹苑,1.0,1.0,38.0,280,73684,326.0,160万急售 总价低 二房户型实用 带翠竹学..位,"近地铁
新上
北
民水民电",252.0,66316
宝安,西乡,金港华庭,2.0,2.0,64.36,350,54381,710.0,金港华庭2房出售,"近地铁
新上
东北
民水民电",315.0,48943
宝安,西乡,金港华庭,2.0,2.0,64.63,315,48738,710.0,金港华庭高楼层看海，不限购，拎包入住,"近地铁
新上
西南
民水民电",283.5,43864
罗湖,人民南,新银座华庭,1.0,1.0,33.0,153,46363,128.0,新银座高层一房一厅 业主急急急 拎包入住 罗湖口岸 双地铁,"近地铁
新上
民水民电
电梯房",137.7,41727
宝安,碧海,碧海富通城（一期）,3.0,2.0,108.0,600,55555,,房子满五年，红本在手，户型方正,"新上
南
民水民电
电梯房",540.0,50000
龙岗,龙岗中心城,万科清林径,3.0,2.0,78.93,226,28632,,大型花园式小区，宜居，交通方便,"新上
北
民水民电
电梯房",203.4,25769
南山,桃园,香瑞园,4.0,2.0,177.84,1280,71974,513.0,北区3.3米奢侈层高安静舒适低密度,"近地铁
新上
北
民水民电",1152.0,64777
龙岗,龙岗中心城,东方明珠城,3.0,2.0,94.0,300,31914,219.0,"东方明珠城3房满五地铁口物业,配套成熟,业诚售价可谈,","近地铁
新上
东南
民水民电",270.0,28723
龙岗,龙岗中心城,满京华喜悦里,3.0,2.0,71.08,285,40095,350.0,业主想换大房，诚心出售，配合看房，看上价格可谈，性价比高,"近地铁
新上
南
民水民电",256.5,36086
坪山,坪山中心区,京基御景印象家园（二期）,2.0,2.0,85.0,195,22941,,14号锦龙地铁口，成熟商圈，业主诚心出售,"新上
民水民电
电梯房
精装修",175.5,20647
宝安,西乡,润恒尚园,3.0,2.0,99.29,658,66270,,润恒尚园花园.地段优越.周边配套齐全.户型方正装修豪华.急卖,"新上
东南
民水民电
电梯房",592.2,59643
南山,前海,星海名城（五期）,2.0,1.0,46.0,350,76086,946.0,星海名城，精装修，满五年产权清晰，业主诚售，看房方便,"近地铁
新上
南
民水民电",315.0,68477
龙岗,布吉,桂芳园（六期）,4.0,2.0,94.85,515,54296,564.0,地铁口高赠送复式五房诚售 价格可谈 看房方便 桂芳园,"近地铁
新上
西南
民水民电",463.5,48866
龙岗,布吉,慢城（三期）,5.0,2.0,76.0,758,99736,,新上急售房，满五少税，一梯两房，您理想的家，慢城,"新上
民水民电
电梯房",682.2,89762
南山,西丽,深云村,3.0,2.0,69.96,700,100057,189.0,高层看花园 南向2+1房,"近地铁
新上
东南
民水民电",630.0,90051
龙岗,布吉,龙珠花园（B区）,2.0,1.0,58.5,200,34188,502.0,地铁口物业，配套完善，出入方便,"近地铁
新上
民水民电
电梯房",180.0,30769
龙岗,龙岗中心城,天健花园,3.0,2.0,76.3,240,31454,386.0,天健花园近地铁小三房带电梯业主诚售,"近地铁
新上
北
民水民电",216.0,28309
南山,西丽,博林天瑞（二期）,4.0,2.0,198.86,2450,123202,633.0,博林天瑞4房朝南，看山景观,"近地铁
新上
西南
民水民电",2205.0,110882
南山,西丽,博林天瑞（二期）,6.0,3.0,323.65,4500,139039,633.0,博林天瑞复式6房，精装修，视野好看山景观,"近地铁
西南
民水民电
电梯房",4050.0,125135
南山,西丽,博林天瑞花园(一期),4.0,2.0,154.54,1650,106768,755.0,博林天瑞通透4房，南向,"近地铁
新上
南
民水民电",1485.0,96091
南山,西丽,博林天瑞花园(一期),4.0,2.0,140.28,1600,114057,755.0,博林天瑞4房，南向,"近地铁
新上
南北通
民水民电",1440.0,102651
南山,西丽,博林天瑞花园(一期),4.0,2.0,140.28,1800,128314,755.0,博林天瑞4房，朝南向,"近地铁
南北通
民水民电
电梯房",1620.0,115483
罗湖,东门,东门168,1.0,,19.18,160,83420,499.0,115万急售 总价低 租金高 近地铁 带螺岭学..位,"近地铁
新上
南
民水民电",144.0,75078
南山,华侨城,新天鹅堡二期,2.0,2.0,132.0,2350,178030,588.0,湖景特价房！天鹅湖花园大两房，业主急卖！看房方便！,"近地铁
新上
南
民水民电",2115.0,160227
罗湖,翠竹,泊林花园,3.0,2.0,90.14,720,79875,334.0,560万急售 朝南3房 户型实用,"近地铁
新上
西南
民水民电",648.0,71888
南山,华侨城,新天鹅堡二期,2.0,2.0,130.91,2800,213887,588.0,湖景特价房！天鹅湖花园精装大两房，业主急卖，看房方便！,"近地铁
新上
南
民水民电",2520.0,192498
宝安,桃源居,桃源居十五区,2.0,2.0,87.32,450,51534,518.0,3房户型 通风采光好 使用率高 配套成熟 价格可谈,"近地铁
新上
南
民水民电",405.0,46381
宝安,桃源居,桃源居十五区,3.0,2.0,106.0,575,54245,518.0,3房户型 通风采光好 使用率高 配套成熟 价格可谈,"近地铁
新上
南
民水民电",517.5,48820
罗湖,黄贝岭,汇鑫花园,2.0,1.0,71.08,360,50647,335.0,文锦渡地铁站，方正两房，看房方便，业主诚心出售看山景,"近地铁
新上
民水民电
电梯房",324.0,45582
南山,南头,豪方天际花园,4.0,2.0,87.77,750,85450,226.0,豪方天际花园近地铁及公园位置好交通便利户型好配套完善,"近地铁
新上
东南
民水民电",675.0,76905
宝安,新安,勤诚达22世纪(和园),3.0,2.0,88.07,900,102191,220.0,勤诚达和园，88平方3房2卫，带宝中，高楼层，视野采光好,"近地铁
新上
南
民水民电",810.0,91972
罗湖,百仕达,百仕达花园二期,3.0,2.0,132.0,750,56818,436.0,花园小区，实用率高，住家非常舒适,"近地铁
新上
南
民水民电",675.0,51136
罗湖,人民南,置地广场,1.0,,28.77,160,55613,330.0,125万急售 总价低 近地铁 租金高,"近地铁
北
民水民电
电梯房",144.0,50052
宝安,松岗,松河瑞园（一期）,5.0,2.0,101.0,450,44554,360.0,宝安松岗新房源精装5房税少诚意出售,"近地铁
新上
南
民水民电",405.0,40099
南山,桃园,香瑞园,5.0,3.0,490.72,8000,163025,513.0,香瑞园端头别墅高拓展空间带花园采光好诚心卖,"近地铁
新上
南
民水民电",7200.0,146722
福田,景田,景尚雅苑,1.0,1.0,45.0,498,110666,460.0,福外本部加持，精装修，高层，业主诚心卖，价格可谈,"近地铁
新上
北
民水民电",448.2,99599
南山,华侨城,新天鹅堡二期,4.0,2.0,268.0,4800,179104,588.0,特价房！天鹅湖花园精装4+1房，业主急卖，看房方便！,"近地铁
新上
西南
民水民电",4320.0,161194
宝安,新安,勤诚达22世纪二期,4.0,2.0,86.72,880,101476,193.0,洪浪北地铁口看花园安静精装修,"近地铁
新上
北
民水民电",792.0,91328
福田,红树湾,中信红树湾花城南区,4.0,2.0,238.99,3200,133896,467.0,公园：红树林滨海公园，欢乐海岸，世界之窗，欢乐谷，民俗文化村,"近地铁
新上
南北通
民水民电",2880.0,120506
南山,前海,前海时代CEO公馆,4.0,2.0,179.87,2300,127870,650.0,前海时代CEO公馆满五年,"近地铁
新上
南
民水民电",2070.0,115083
宝安,桃源居,桃源居六区,4.0,2.0,147.0,880,59863,837.0,桃源居六区，147平方4房2厅，前后阳台南北通，赠送率高,"近地铁
新上
民水民电
电梯房",792.0,53877
宝安,桃源居,桃源居六区,4.0,2.0,146.0,750,51369,837.0,4房户型 通风采光好 使用率高 配套成熟 价格可谈,"近地铁
新上
民水民电
电梯房",675.0,46232
福田,福田口岸,金地名津,1.0,1.0,42.56,220,51691,353.0,福田口岸金地名津一房一厅出售，户型方正，价格可谈，,"近地铁
新上
北
民水民电",198.0,46522
龙岗,龙岗中心城,公园大地花园,4.0,2.0,163.0,960,58895,953.0,公园大地花园4+1房 东南朝向 看园林 位置安静 满五年少税,"近地铁
新上
南
民水民电",864.0,53006
南山,华侨城,世纪村2期,3.0,2.0,138.0,1100,79710,704.0,京基百纳广场、沙河高尔夫、世界之窗、欢乐海岸、红树林湿地公园,"近地铁
新上
西北
民水民电",990.0,71739
龙岗,龙岗中心城,天誉国际公馆,3.0,2.0,127.0,245,19291,440.0,万科天誉公馆，万科配套，3梯4户，东南向，大堂出入口,"近地铁
新上
南
民水民电",220.5,17362
龙岗,龙岗中心城,万科翰邻城,5.0,2.0,156.0,870,55769,643.0,深中护航 156平 自住豪装 南北通安静 近地铁商业 可议,"近地铁
新上
南北通
民水民电",783.0,50192
福田,水围,云顶翠峰二期,2.0,2.0,78.93,540,68415,578.0,云顶翠峰，方正两房户型方正实用，看房方便，价格可谈,"近地铁
新上
北
民水民电",486.0,61574
罗湖,人民南,置地广场,1.0,1.0,38.05,233,61235,330.0,置地逸轩，高档小区，一房一厅，只要一百多万，看房方便,"近地铁
东
民水民电
电梯房",209.7,55112
罗湖,人民南,置地广场,1.0,1.0,39.0,230,58974,330.0,置地逸轩，高档小区，一房一厅，只要一百七十多万,"近地铁
新上
东南
民水民电",207.0,53077
福田,红树湾,红树西岸,4.0,3.0,294.0,5800,197278,446.0,红树西岸一层一户，高端户型，大阳台，景观无遮挡，价可以谈,"近地铁
西
民水民电
电梯房",5220.0,177550
罗湖,人民南,新银座华庭,2.0,1.0,56.0,285,50892,128.0,新银座，二房一厅，业主换房诚心出售。,"近地铁
新上
南
民水民电",256.5,45803
罗湖,人民南,双城世纪大厦,2.0,1.0,72.15,330,45738,256.0,双城世纪，精装大二房一厅，业主换房急售。,"近地铁
新上
北
民水民电",297.0,41164
罗湖,黄贝岭,金城华庭,1.0,1.0,38.0,200,52631,528.0,金城华庭，一房好户型，满五年，带螺岭，看房方便,"近地铁
新上
西北
民水民电",180.0,47368
龙岗,布吉,中海怡翠山庄,3.0,2.0,85.38,290,33965,667.0,中海怡翠三房带天台花园，超高实用率，通风采光好,"近地铁
新上
东南
民水民电",261.0,30568
罗湖,翠竹,怡泰大厦,3.0,2.0,120.0,530,44166,339.0,458万急售 朝东南向 四房二卫 带翠竹学..位,"近地铁
新上
东
民水民电",477.0,39749
罗湖,人民南,阳光新干线家园,2.0,2.0,61.04,300,49148,224.0,好房推荐，高层朝南，全新装修,"近地铁
新上
南
民水民电",270.0,44233
福田,香蜜湖,宝能城市公馆（一、二期）,5.0,2.0,158.87,2500,157361,501.0,香蜜湖次新房使用高看房方便,"近地铁
新上
南北通
民水民电",2250.0,141625
南山,华侨城,香山里花园(二期),4.0,2.0,175.0,1690,96571,,"双大阳台！香山里精装大四房特价房看房方便,价格可谈","新上
南
民水民电
电梯房",1521.0,86914
罗湖,人民南,双城世纪大厦,1.0,,33.0,155,46969,256.0,罗湖口岸物业精装修。满5年。诚意放卖,"近地铁
新上
东
民水民电",139.5,42272
宝安,新安,勤诚达22世纪(和园),2.0,2.0,81.97,1000,121995,220.0,勤诚达一期，楼下双地铁口，3房住家舒适，欢迎咨询了解,"近地铁
东南
民水民电
电梯房",900.0,109796
福田,梅林关,星河丹堤花园,4.0,2.0,275.33,1900,69008,516.0,星河丹堤大面积四房,"近地铁
新上
东西通
民水民电",1710.0,62107
福田,百花,南天大厦（二期）,2.0,2.0,82.06,980,119424,279.0,"南天二花园4栋视线开阔.业主红本在手,,新上房源,价格可商","近地铁
新上
南北通
民水民电",882.0,107482
宝安,西乡,领航城领丽花园,3.0,2.0,89.0,500,56179,700.0,高楼层，东南向，精装三房，双龙戏珠户型，两梯3户，少有放盘,"近地铁
新上
南
民水民电",450.0,50561
罗湖,百仕达,君逸华府,3.0,2.0,98.0,600,61224,541.0,500万急售 大花园社区 近双地铁 带翠园学...位,"近地铁
新上
南北通
民水民电",540.0,55102
宝安,宝安中心区,君逸世家花园,1.0,1.0,46.66,295,63223,185.0,君逸世家一房,"近地铁
新上
西南
民水民电",265.5,56901
龙岗,布吉,信义假日名城(博雅园),3.0,2.0,103.0,350,33980,670.0,信义假日名城，近3.14.5号线地铁口，随时看房,"近地铁
新上
北
民水民电",315.0,30582
宝安,碧海,康达尔山海上园(二期),3.0,2.0,98.02,615,62742,,康达尔山海上园三房二厅东南向,"新上
南
民水民电
电梯房",553.5,56468
宝安,桃源居,桃源居十六区,3.0,2.0,120.0,580,48333,543.0,桃源居电梯高层大三房精装诚心出售,"近地铁
新上
南
民水民电",522.0,43500
南山,科技园南区,阳光带海滨城二期,4.0,2.0,149.0,1980,132885,110.0,阳光带海滨城二期 高层景观好 南外空置 急卖 价可大谈,"近地铁
新上
南北通
民水民电",1782.0,119596
龙岗,大运,星河时代,5.0,2.0,152.0,900,59210,696.0,星河时代花园，看花园，豪华装修，业主诚心出售，价格可以谈,"近地铁
新上
东西通
民水民电",810.0,53289
罗湖,莲塘,名骏豪庭,3.0,2.0,86.0,438,50930,703.0,名骏豪庭精装修南向3房 高层视野开阔 人车分流小区,"近地铁
新上
南
民水民电",394.2,45837
宝安,西乡,圣淘沙,3.0,2.0,77.04,658,85410,210.0,本户型实用，税费仅契税，租客已住十几年了，卖家置换，保养好,"近地铁
新上
东南
民水民电",592.2,76869
南山,西丽,深云村,3.0,2.0,90.0,750,83333,189.0,侨城北深云村90平3房南向，业主诚卖,"近地铁
新上
南
民水民电",675.0,75000
罗湖,黄贝岭,新天地名居,2.0,2.0,54.11,300,55442,356.0,255万急售 总价低 近地铁 户型实用,"近地铁
新上
东北
民水民电",270.0,49898
罗湖,布心,碧岭华庭,2.0,2.0,73.81,320,43354,480.0,碧岭华庭朝南两房红本在手看房方便,"近地铁
新上
南
民水民电",288.0,39019
南山,华侨城,新天鹅堡一期,5.0,2.0,375.0,10000,266666,588.0,端头位高层湖景海景特价房！天鹅湖花园精装保养好，业主急卖！,"近地铁
新上
南北通
民水民电",9000.0,239999
罗湖,翠竹,怡泰大厦,2.0,1.0,57.46,270,46989,339.0,距离地铁近，步行可达，上班通勤方便,"近地铁
新上
西北
民水民电",243.0,42290
罗湖,莲塘,鹏兴花园（二期）,4.0,2.0,123.75,700,56565,238.0,诚心卖价可谈，电梯小高层四房，南北向采光好，近地铁站配套齐全,"近地铁
南北通
民水民电
电梯房",630.0,50908
福田,香蜜湖,兰江山第,4.0,2.0,86.7,1500,173010,,兰江山第，次新小区，车位充足环境好,"新上
南
民水民电
拎包入住",1350.0,155709
南山,华侨城,纯水岸七期,4.0,2.0,269.27,4200,155977,,安静精装特价！纯水岸七期大复式 看房方便,"新上
南北通
民水民电
电梯房",3780.0,140379
罗湖,布心,松泉公寓,3.0,2.0,71.87,238,33115,520.0,价格好谈业主急售翠园东晓满五年,"近地铁
新上
东南
民水民电",214.2,29804
龙岗,坂田,四季花城(七期南区),3.0,2.0,115.36,580,50277,450.0,四季花城，南北通透，满二年，红本在手，精装大三房,"近地铁
新上
南北通
民水民电",522.0,45249
宝安,宝安中心区,花样年花郡家园,1.0,1.0,37.16,258,69429,419.0,宝中地铁口2房,"近地铁
新上
西南
民水民电",232.2,62486
南山,华侨城,香山美墅花园,4.0,2.0,185.0,2700,145945,,香山美墅花园高层景观好特价！南北通透4+1房，业主急卖！,"新上
东南
民水民电
电梯房",2430.0,131350
罗湖,莲塘,四季御园（新世界四季御园）,3.0,2.0,103.3,628,60793,340.0,莲塘口岸地铁口南向复式三房景观无遮挡,"近地铁
新上
南
民水民电",565.2,54714
龙岗,龙岗中心城,远洋新干线(晶钻广场),2.0,2.0,48.58,100,20584,542.0,近地铁口，拎包入住，业主急售，看上价格可谈。,"近地铁
新上
北
民水民电",90.0,18526
龙岗,布吉,信义荔山公馆（景和园）,2.0,2.0,66.0,380,57575,527.0,荔山公馆小区车位充足，布吉百鸽笼地铁口，业主急售，有钥匙看房,"近地铁
新上
东南
民水民电",342.0,51818
罗湖,人民南,新银座华庭,2.0,1.0,69.0,345,50000,128.0,罗湖关口，二房一厅，业主诚心出手。,"近地铁
新上
南
民水民电",310.5,45000
福田,水围,云顶翠峰二期,2.0,1.0,54.47,360,66091,578.0,福田地段，公园里的家，业主有心卖,"近地铁
新上
北
民水民电",324.0,59482
罗湖,布心,崇德雍翠华府,2.0,2.0,68.0,310,45588,488.0,水贝地铁口雍翠华府精装两房出售,"近地铁
新上
东
民水民电",279.0,41029
盐田,沙头角,上东湾,4.0,2.0,87.0,550,63218,266.0,上东湾。口岸物业，精装4房，诚意出售，看房方便,"近地铁
新上
民水民电
电梯房",495.0,56896
罗湖,东门,东门168,1.0,,24.11,120,49771,499.0,【新上房源 满两年 税费少 配套完善 业主诚心放卖,"近地铁
新上
东
民水民电",108.0,44794
宝安,碧海,广兴源圣拿威,4.0,2.0,176.0,1600,90909,812.0,广兴源圣拿威花园.周边配套齐全.居家氛围好.户型方正实用.,"近地铁
新上
南
民水民电",1440.0,81818
罗湖,百仕达,百仕达花园五期(乐湖),4.0,2.0,180.23,1400,77678,768.0,高层 全南朝向 通透明亮 居住舒服 车位充足 双公园环绕,"近地铁
新上
南
民水民电",1260.0,69910
罗湖,布心,今日家园,3.0,2.0,73.11,500,68390,241.0,今日家园，诚心售卖，交通便利，精装修，拎包入住,"近地铁
新上
西南
民水民电",450.0,61551
龙岗,布吉,龙珠花园（A区）,3.0,2.0,89.32,220,24630,459.0,龙珠花园刚需首选三地铁交通便利满五税少,"近地铁
南北通
民水民电
电梯房",198.0,22167
龙岗,布吉,百合星城（一期）,2.0,2.0,73.15,280,38277,332.0,地铁口物业，周边配套齐全，适合居住,"近地铁
南
民水民电
电梯房",252.0,34449
龙岗,布吉,百合星城（一期）,3.0,2.0,102.75,360,35036,332.0,地铁口物业，周边配套齐全，适合居住,"近地铁
民水民电
电梯房
带家私",324.0,31532
龙岗,布吉,百合星城（一期）,2.0,1.0,67.0,250,37313,332.0,地铁口物业，周边配套齐全，适合居住,"近地铁
民水民电
电梯房
拎包入住",225.0,33582
龙岗,大运,中海康城花园,3.0,2.0,88.0,290,32954,,中海康城，精装三房，满五年争售,"新上
东
民水民电
电梯房",261.0,29659
盐田,沙头角,壹海城（二期）,3.0,2.0,155.0,960,61935,190.0,山海景观大平层3房2卫,"近地铁
东南
民水民电
电梯房",864.0,55742
福田,上下沙,京基滨河时代广场,3.0,2.0,156.9,1250,79668,399.0,新上房源，业主从新装修，看房有钥匙,"近地铁
新上
东南
民水民电",1125.0,71701
福田,上下沙,金海湾花园,2.0,2.0,86.13,750,87077,645.0,金海湾花园，精装两房，户型方正，视野开阔,"近地铁
新上
南
民水民电",675.0,78369
福田,景田,缔梦园（一期）,1.0,1.0,41.34,260,62893,150.0,缔梦园，南向1房，南北通，高使用，价格惊喜,"近地铁
新上
北
民水民电",234.0,56604
宝安,宝安中心区,西城上筑花园,4.0,2.0,130.4,1500,115030,470.0,壹方城对面，大4房,"近地铁
新上
南
民水民电",1350.0,103527
宝安,碧海,康达尔山海上园(二期),4.0,2.0,111.0,670,60360,,业主诚心出售，次新房，看房很方便，房子装修保养不错，看房联系,"新上
南北通
民水民电
电梯房",603.0,54324
南山,前海,鼎太风华（二期）,2.0,2.0,72.83,620,85129,958.0,"前海鼎太风华社区,精装2房，满五年，诚心出售","近地铁
新上
东
民水民电",558.0,76616
南山,前海,星海名城（三期）,5.0,2.0,130.0,1500,115384,698.0,家的魅力，在于细节之处见真章，期待您的亲临体验。,"近地铁
新上
南
民水民电",1350.0,103846
南山,前海,诺德假日花园,3.0,1.0,49.89,520,104229,435.0,明星社区 诺德假日花园 标准两房 精装安静 密码看房,"近地铁
新上
南
民水民电",468.0,93806
福田,梅林,四季山水花园（二期）,2.0,1.0,80.5,798,99130,582.0,四季山水花园小区出门即是地铁口9号线下梅林站,"近地铁
新上
南
民水民电",718.2,89217
罗湖,布心,松泉公寓,2.0,1.0,55.44,200,36075,520.0,临近地铁，随时看房，交通便利,"近地铁
新上
南
民水民电",180.0,32468
龙岗,龙岗中心城,中骏蓝湾翠岭花园（一期）,3.0,2.0,87.51,215,24568,748.0,新上房源，一手业主满五年，税少诚心出售配合看房急售价可谈,"近地铁
新上
南
民水民电",193.5,22111
南山,前海,泛海拉菲花园（一期）,3.0,2.0,89.0,1300,146067,233.0,"品质房源, 理想之选,实惠之选, 丈母娘心选","近地铁
新上
东
民水民电",1170.0,131460
南山,前海,泛海拉菲花园（一期）,2.0,2.0,77.74,730,93902,233.0,"学府相邻, 步履之间","近地铁
新上
东南
民水民电",657.0,84512
南山,南头,阳光里雅居,2.0,2.0,49.78,499,100241,415.0,阳光明媚，环境优美，您的家园在这里！,"近地铁
新上
东南
民水民电",449.1,90217
南山,前海,绿海名都,2.0,1.0,70.0,580,82857,360.0,当健康有了坚实的保障，生活才更安心，尽享无忧时光。,"近地铁
新上
民水民电
电梯房",522.0,74571
南山,前海,诺德假日花园,4.0,2.0,86.0,1100,127906,435.0,明星社区 诺德假日花园 标准三房 看山景 密码看房,"近地铁
新上
东南
民水民电",990.0,115115
南山,前海,绿海名都,3.0,2.0,113.0,1000,88495,360.0,南北通透户型，清风阳光肆意入室，唤醒每日美好心情,"近地铁
新上
南
民水民电",900.0,79646
南山,前海,中海阳光玫瑰园,2.0,2.0,71.78,860,119810,570.0,不仅是房子，更是生活的舞台，诚邀您亲临现场，感受每一处细节。,"近地铁
南
民水民电
电梯房",774.0,107829
南山,前海,星海名城（六期）,1.0,1.0,48.0,500,104166,829.0,抢先体验城市新生活，这套房产是您的理想之选！,"近地铁
西
民水民电
电梯房",450.0,93749
罗湖,东门,东门168,1.0,,22.89,135,58977,499.0,120万急售 总价低 近地铁 带螺岭学..位,"近地铁
新上
南
民水民电",121.5,53079
宝安,松岗,中海西岸华府南区,3.0,2.0,87.98,420,47738,390.0,优质、舒适、高档、安全的住房单位,"近地铁
新上
西南
民水民电",378.0,42964
罗湖,东门,东门168,1.0,,22.78,150,65847,499.0,东门168.业主诚心卖.价格好谈红本在手,"近地铁
新上
南
民水民电",135.0,59262
龙岗,龙岗中心城,榭丽花园,3.0,2.0,69.21,190,27452,570.0,榭丽花园二期雅豪祥苑精装3房近地铁生活方便未来双语书包有效,"近地铁
新上
南
民水民电",171.0,24707
龙岗,坂田,十二橡树庄园（一期）,3.0,2.0,72.13,415,57535,408.0,庄园墅区，电梯洋房，近地铁，近商业,"近地铁
新上
南北通
民水民电",373.5,51782
宝安,西乡,招商果岭,4.0,2.0,124.0,650,52419,,招商果岭精装大四房，满五年，安静，价格可谈，急卖！,"新上
南
民水民电
电梯房",585.0,47177
宝安,桃源居,桃源居十四区,5.0,2.0,126.76,700,55222,260.0,桃源居电梯顶楼复式房，买一层得两层，满五年红本，视野开阔,"近地铁
新上
南
民水民电",630.0,49700
南山,前海,鼎太风华（一期）,3.0,2.0,91.0,750,82417,933.0,南山前海鼎太风华大社区 精装3房 配套完善,"近地铁
新上
南
民水民电",675.0,74175
罗湖,布心,淘金山湖景花园二期,3.0,2.0,83.0,590,71084,856.0,看山景看园景景观好超大阳台,"近地铁
新上
南
民水民电",531.0,63976
盐田,沙头角,瀚海翠庭,2.0,2.0,70.9,240,33850,249.0,沙头角口岸瀚海翠庭精装2房业主诚卖周边配套齐全,"近地铁
新上
东
民水民电",216.0,30465
罗湖,布心,松泉公寓,2.0,1.0,68.0,270,39705,520.0,畔山物业空气清新，背靠围岭山生态公园，小区内有儿童娱乐设施和,"近地铁
新上
南北通
民水民电",243.0,35734
盐田,沙头角,瀚海翠庭,2.0,2.0,134.0,488,36417,249.0,瀚海翠庭，品质物业，周到服务，保障小区环境，住的舒心,"近地铁
新上
西南
民水民电",439.2,32775
罗湖,人民南,新银座华庭,2.0,1.0,69.0,320,46376,128.0,罗湖口岸高层两房一厅  业主急急急售拎包入住,"近地铁
新上
南
民水民电",288.0,41738
罗湖,人民南,新银座华庭,1.0,1.0,40.0,178,44500,128.0,新银座，一房一厅，业主换房诚心出售。,"近地铁
新上
南北通
民水民电",160.2,40050
罗湖,人民南,新银座华庭,1.0,1.0,40.0,178,44500,128.0,新银座，一房一厅，业主换房诚心出售，看房方便。,"近地铁
新上
南北通
民水民电",160.2,40050
福田,上下沙,京基滨河时代广场,1.0,1.0,33.23,200,60186,479.0,京基滨河时代，高端公寓，高层视野开阔，户型方正,"近地铁
新上
东南
民水民电",180.0,54167
宝安,碧海,碧海富通城（三期）,1.0,,41.0,250,60975,942.0,近地铁，交通方便。,"近地铁
东
民水民电
电梯房",225.0,54878
南山,科技园,名家富居,2.0,2.0,74.0,660,89189,397.0,俯瞰中山公园城市景观 名家富居2房 高层 业主诚心出售,"近地铁
新上
北
民水民电",594.0,80270
南山,前海,星海名城（五期）,2.0,2.0,72.34,520,71882,946.0,近地铁荷兰花卉小镇双公园小区内自带三所幼儿园两个游泳池,"近地铁
新上
东南
民水民电",468.0,64694
罗湖,新秀,东方都会大厦,1.0,,26.0,105,40384,633.0,东方都会 业主 价啦 全落地窗 适合年轻人,"近地铁
新上
南
民水民电",94.5,36346
罗湖,黄贝岭,金城华庭,1.0,1.0,36.0,190,52777,528.0,金城华庭，业主有心卖，谈价空间大，配套齐全，租金高,"近地铁
新上
北
民水民电",171.0,47499
龙华,龙华中心,幸福城润园（二期）,7.0,4.0,268.0,2200,82089,507.0,业主急售价格便宜豪华装修,"近地铁
新上
东南
民水民电",1980.0,73880
龙岗,龙岗中心城,公园大地花园,6.0,3.0,177.29,1300,73326,953.0,公园大地 南北通透 双阳台 高楼层 视野开阔 满五年价格可谈,"近地铁
南北通
民水民电
电梯房",1170.0,65993
南山,前海,鼎太风华（一期）,3.0,2.0,135.65,1280,94360,933.0,鼎太风华珍藏复式实用超200平南向,"近地铁
新上
东
民水民电",1152.0,84924
南山,南头,豪方天际花园,4.0,2.0,85.61,780,91110,226.0,豪方天际花园近地铁及公园位置好交通便利户型好配套完善,"近地铁
新上
南
民水民电",702.0,81999
福田,梅林,四季山水花园（二期）,4.0,3.0,176.28,1600,90764,582.0,四季山水二期4+1房南北通车位足带深中梅香看房方便价格实惠,"近地铁
新上
南北通
民水民电",1440.0,81688
福田,梅林,梅林一村,5.0,2.0,145.14,1150,79233,382.0,梅林一村顶楼复式五房景观非常好,"近地铁
新上
西北
民水民电",1035.0,71310
宝安,碧海,碧海富通城（三期）,4.0,2.0,142.25,920,64674,942.0,碧海富通城三期花园碧海湾公园旁豪宅.户型方正.装修豪华,"近地铁
新上
东南
民水民电",828.0,58207
南山,华侨城,新天鹅堡三期,3.0,2.0,123.0,2000,162601,609.0,新鹅堡（三期）4栋超高住宅,"近地铁
新上
东南
民水民电",1800.0,146341
宝安,沙井,博林君瑞,3.0,2.0,89.0,355,39887,,业主好说话，诚售博林君瑞精装3房2卫，满五唯一中间楼层保养好,"新上
东
民水民电
电梯房",319.5,35898
南山,前海,前海时代CEO公馆,4.0,2.0,210.0,2400,114285,650.0,前海时代CEO公馆四房二厅二卫朝南,"近地铁
新上
南
民水民电",2160.0,102856
宝安,碧海,碧海富通城（三期）,2.0,1.0,46.0,260,56521,942.0,富通城 改好2房 看海景 2梯4户,"近地铁
新上
南
民水民电",234.0,50869
宝安,西乡,润恒尚园,3.0,2.0,104.09,660,63406,,润恒尚园高性价比三房业主诚意出售,"新上
东南
民水民电
电梯房",594.0,57065
龙岗,布吉,信义假日名城(四期锦绣园),2.0,2.0,70.2,320,45584,711.0,地铁口物业，小区周围配套齐全，门口书包房，房子东南向花园中间,"近地铁
新上
南
民水民电",288.0,41026
南山,前海,前海时代CEO公馆,4.0,2.0,156.53,1880,120104,650.0,前海自贸区次新房，前海时代CEO，精装4房，近地铁口,"近地铁
新上
南
民水民电",1692.0,108094
罗湖,新秀,东方都会大厦,2.0,1.0,61.0,298,48852,633.0,租金低月供 业主诚心出售,"近地铁
新上
南
民水民电",268.2,43967
龙华,龙华中心,壹成中心花园(七区),5.0,2.0,125.0,750,60000,,业主自住中高楼层看房方便i价格实惠,"新上
南
民水民电
电梯房",675.0,54000
福田,红树湾,中信红树湾花城北区,4.0,2.0,155.0,2300,148387,592.0,"高层景观好！中信红树湾 安静精装通透特价房,业主急卖，看房","近地铁
新上
西南
民水民电",2070.0,133548
罗湖,布心,松泉公寓,2.0,2.0,82.82,285,34411,520.0,翠园东晓看房方便价格好谈业主急售,"近地铁
新上
南
民水民电",256.5,30970
光明,光明中心区,龙光玖龙台,4.0,2.0,116.25,648,55741,422.0,玖龙台优质房源，业主急售户型方正,"近地铁
新上
东南
民水民电",583.2,50167
南山,科技园,名家富居,2.0,2.0,74.0,680,91891,397.0,业主急售 公园地铁物业名家富居 大两房精装 带南实麒麟忠学,"近地铁
新上
北
民水民电",612.0,82702
龙华,民治,龙岸花园,5.0,2.0,143.0,850,59440,353.0,高档小区，绿化率高，容积率低，房子使用率高，三大阳台,"近地铁
新上
西
民水民电",765.0,53496
宝安,宝安中心区,西城上筑花园,2.0,2.0,74.34,630,84745,470.0,宝中经典2+1房 带海天海旺  满2年 业主诚心出售,"近地铁
新上
东北
民水民电",567.0,76270
南山,南头,麒麟花园（三期）,1.0,1.0,47.1,488,103609,678.0,南向1室1厅 麒麟三期 为了看房方便 房子专门空置 诚意出售,"近地铁
新上
南
民水民电",439.2,93248
宝安,宝安中心区,福中福商业城（二期）,2.0,2.0,84.73,380,44848,528.0,福中福花园高性价比房源业主诚意出售,"近地铁
新上
东
民水民电",342.0,40363
龙岗,坂田,四季花城(五期北区),4.0,2.0,118.56,530,44703,677.0,电梯四房，小高层南北通看泳池园林，近期急卖,"近地铁
新上
南
民水民电",477.0,40233
龙华,上塘,金地上塘道花园,3.0,2.0,89.0,550,61797,774.0,优质笋盘，业主诚意卖看房方便，精修拎包入住,"近地铁
新上
南北通
民水民电",495.0,55617
南山,华侨城,天鹅堡三期,4.0,2.0,202.07,3500,173207,879.0,天鹅堡三期精装特价 通透大四房，业主急卖,"近地铁
南北通
民水民电
电梯房",3150.0,155886
南山,华侨城,香山美墅花园,4.0,2.0,185.22,3500,188964,,香山美墅次新房，满五年税费少价格可以谈,"新上
南
民水民电
电梯房",3150.0,170068
福田,上下沙,金海湾花园,4.0,2.0,214.24,1500,70014,645.0,金海湾花园，业主换房出售，深圳湾全海景，红树林公园旁,"近地铁
新上
民水民电
电梯房",1350.0,63013
罗湖,黄贝岭,汇鑫花园,2.0,1.0,64.0,305,47656,335.0,地铁口物业 汇鑫花园2房 近北斗 中间楼层 采光好,"近地铁
新上
民水民电
电梯房",274.5,42890
南山,南头,豪方天际花园,4.0,2.0,88.0,828,94090,226.0,豪方天际花园精装四房,"近地铁
新上
民水民电
电梯房",745.2,84681
龙岗,布吉,佳兆业可园（六期）,3.0,2.0,116.0,520,44827,760.0,可园新上四房满五税少户型方正换房急卖,"近地铁
新上
北
民水民电",468.0,40344
南山,前海,佳兆业前海广场,2.0,1.0,77.17,770,99779,849.0,前海佳兆业前海广场 精装2房 业主诚心售,"近地铁
民水民电
电梯房
拎包入住",693.0,89801
盐田,沙头角,君临海域（一期）,2.0,2.0,67.33,300,44556,418.0,精装修2房，车位充足，君临海域名园,"近地铁
东南
民水民电
电梯房",270.0,40100
福田,福田口岸,金地名津,2.0,2.0,59.61,280,46971,353.0,业主诚心出售,"近地铁
新上
东
民水民电",252.0,42274
龙岗,龙岗中心城,万象天成（盛龙花园二期）,3.0,2.0,114.5,330,28820,760.0,业主急卖，精装大三房，欧式装修，看房方便,"近地铁
新上
南北通
民水民电",297.0,25938
南山,西丽,博林天瑞（二期）,3.0,2.0,112.0,1075,95982,633.0,博林天瑞三房品质小区大学城安静装修保养好看房方便诚意出售,"近地铁
新上
东北
民水民电",967.5,86384
宝安,宝安中心区,福中福商业城（二期）,2.0,2.0,47.8,370,77405,528.0,西乡福中福一房一厅一卫朝南,"近地铁
新上
南
民水民电",333.0,69664
罗湖,新秀,东方都会大厦,1.0,1.0,35.06,180,51340,633.0,京基东方都会1房 旁边古玩城 高楼层采光好 近地铁 近公园,"近地铁
新上
南
民水民电",162.0,46206
福田,梅林,四季山水花园,3.0,2.0,159.0,1500,94339,624.0,福田四季山水花园159平四房高层花园景观,"近地铁
新上
南北通
民水民电",1350.0,84905
罗湖,新秀,新秀村（北区）,2.0,2.0,72.52,268,36955,303.0,费用少，随时可以看房，大社区，降价10万，急售,"近地铁
新上
南
民水民电",241.2,33260
福田,红树湾,中信红树湾花城南区,3.0,2.0,154.0,2200,142857,467.0,中信红树湾新上房源，业主急卖，价格好谈，看房方便,"近地铁
新上
西南
民水民电",1980.0,128571
龙岗,龙岗中心城,龙岗鸿基花园,1.0,1.0,47.38,120,25327,306.0,业主诚心卖房，周边配套成熟交通便利，看房方便价格可谈。,"近地铁
新上
南
民水民电",108.0,22794
龙岗,龙岗中心城,万科翰邻城,3.0,2.0,83.0,636,76626,643.0,深中书包，正规三房，带100平方花园。,"近地铁
新上
南
民水民电",572.4,68963
宝安,碧海,碧海富通城（一期）,3.0,2.0,108.95,645,59201,,富通城一期超大社区容积率低大三房业主诚意出售,"新上
东南
民水民电
电梯房",580.5,53281
龙华,上塘,潜龙曼海宁（北区）,3.0,2.0,85.05,500,58788,541.0,上塘曼海宁花园中间3房，配套齐全,"近地铁
新上
南
民水民电",450.0,52909
南山,桃园,香瑞园,4.0,2.0,175.0,1480,84571,513.0,香瑞园4房，大平层，使用率高,"近地铁
新上
北
民水民电",1332.0,76114
宝安,宝安中心区,花样年花乡,1.0,1.0,28.0,295,105357,564.0,宝安中芯区体育馆地铁站旁年轻人的小区花样年花乡家园一房急售,"近地铁
西北
民水民电
电梯房",265.5,94821
宝安,宝安中心区,花样年花乡,1.0,1.0,28.0,240,85714,564.0,宝安体育馆地铁站旁花乡家园小户型高性价比业主诚意出售,"近地铁
南
民水民电
电梯房",216.0,77143
宝安,宝安中心区,花样年花乡,1.0,,28.0,270,96428,564.0,壹方城旁宝安体育馆地铁站附近花样年花乡小户型刚需首选高性价比,"近地铁
东
民水民电
电梯房",243.0,86785
罗湖,人民南,新银座华庭,1.0,1.0,40.0,190,47500,128.0,业主急售，降价11万，随时可以看房，居家首选，费用少,"近地铁
新上
北
民水民电",171.0,42750
福田,景田,景尚雅苑,1.0,1.0,31.0,400,129032,460.0,福外本部景尚雅苑诚售 地铁公园 莲花山梅林水库福田农批大配套,"近地铁
新上
南
民水民电",360.0,116129
南山,华侨城,天鹅堡一期,6.0,2.0,553.5,4700,84914,,"天鹅堡三层顶楼大复式 带天台精装特价房,业主急卖，看房方便","南
民水民电
电梯房",4230.0,76423
南山,西丽,十五峯花园(二期),5.0,2.0,128.46,1680,130780,477.0,全南户型实用170平低密度靠山大社区车位充足,"近地铁
南
民水民电
电梯房",1512.0,117702
盐田,沙头角,上东湾,2.0,2.0,46.46,263,56607,266.0,上东湾，2房，精装修,"近地铁
西南
民水民电
电梯房",236.7,50946
罗湖,人民南,阳光新干线家园,1.0,1.0,39.0,168,43076,224.0,阳光新干线高层一房一厅拎包入住业主急售双地铁,"近地铁
新上
民水民电
电梯房",151.2,38768
福田,上下沙,京基滨河时代广场,1.0,,33.22,180,54184,479.0,京基商务公寓，租金回报高，看房方便，价格可谈,"近地铁
西北
民水民电
电梯房",162.0,48766
罗湖,人民南,新银座华庭,2.0,1.0,66.0,300,45454,128.0,新银座高层大两房拎包入住罗湖口岸双地铁,"近地铁
新上
北
民水民电",270.0,40909
南山,华侨城,香山美墅花园,4.0,2.0,246.0,3800,154471,,香山美墅小高层 南北通透 安静满5年 价格有很大空间谈,"新上
东北
民水民电
电梯房",3420.0,139024
宝安,碧海,康达尔山海上园(二期),3.0,2.0,89.0,600,67415,,占地约11万，总建筑面积约70万，由深圳市康达尔（集团）股份,"新上
南北通
民水民电
电梯房",540.0,60674
宝安,宝安中心区,福中福商业城（二期）,3.0,2.0,78.68,420,53380,528.0,福中福商业城位于宝安新湖路与新安六路交汇处，地铁一号线坪洲站,"近地铁
新上
北
民水民电",378.0,48042
宝安,西乡,招商果岭,4.0,2.0,124.4,804,64630,,东北临宝安大道，东南临银田路，西临碧海湾高尔夫球场,"新上
南
民水民电
电梯房",723.6,58167
龙华,龙华中心,壹成中心花园(六区),4.0,2.0,88.0,550,62500,,壹方天地六区朝南4房换房急卖,"新上
西南
民水民电
电梯房",495.0,56250
宝安,松岗,中海西岸华府南区,1.0,1.0,28.03,155,55297,390.0,紧凑实用，精致玲珑，居住舒适,"近地铁
北
民水民电
电梯房",139.5,49767
罗湖,黄贝岭,深业东岭花园（二期）,1.0,1.0,53.36,330,61844,435.0,翠园本部深业东岭 带电梯 出行方便 精装可拎包入住 产权清晰,"近地铁
西北
民水民电
电梯房",297.0,55660
龙岗,龙岗中心城,麓园,3.0,2.0,88.47,370,41822,586.0,麓园三房两卫朝南  龙城创新与深中双穴位  业主诚心卖,"近地铁
新上
西南
民水民电",333.0,37640
罗湖,莲塘,东方.尊峪花园,3.0,2.0,124.8,540,43269,832.0,"万科东方尊峪,高楼层，两套打通，看山景，大阳台","近地铁
新上
西北
民水民电",486.0,38942
福田,红树湾,中信红树湾花城北区,4.0,2.0,236.0,3200,135593,592.0,"中信红树湾特价房 看房方便,价格可谈","近地铁
新上
西南
民水民电",2880.0,122034
宝安,宝安中心区,高发西岸花园（三期）,4.0,2.0,266.0,2800,105263,353.0,高发花园.户型方正实用.南北通透户型.视野非常开阔。看房方便,"近地铁
新上
南
民水民电",2520.0,94737
宝安,宝安中心区,天悦龙庭（二期）,3.0,2.0,127.0,1100,86614,308.0,地理位置优越，紧邻前海，旁靠区政府。高档社区，社区很大，内部,"近地铁
新上
南
民水民电",990.0,77953
宝安,宝安中心区,深业新岸线（一期）,4.0,2.0,152.0,1352,88947,326.0,合社区，位于宝安区创业一路与罗田路交汇处，分三期建造，共21,"近地铁
南
民水民电
电梯房",1216.8,80052
宝安,碧海,康达尔山海上园(二期),4.0,2.0,139.0,900,64748,,康达尔山海上城花园.户型方正.赠送面积较多.社区品质好.急卖,"新上
南
民水民电
电梯房",810.0,58273
宝安,西乡,润恒尚园,3.0,2.0,135.42,970,71629,,投资、项目位于深圳市西乡心区，住宅143290平方米，商,"新上
东南
民水民电",873.0,64466
南山,华侨城,世纪村1期,4.0,1.0,168.9,1500,88809,606.0,"世纪村特价房 看房方便,价格可谈","近地铁
新上
西南
民水民电",1350.0,79928
罗湖,百仕达,旭飞华达园,1.0,1.0,34.0,160,47058,510.0,120万急售 总价低 近地铁 租金高,"近地铁
新上
南
民水民电",144.0,42352
坪山,坪山中心区,京基御景印象家园（一期）,3.0,2.0,89.0,248,27865,341.0,14号线锦龙地铁口，成熟商圈,"近地铁
新上
北
民水民电",223.2,25078
福田,梅林,四季山水花园,4.0,2.0,159.0,1450,91194,624.0,四季山水花园旁边就是梅林公园 南边是梅林文体公 园,"近地铁
新上
南北通
民水民电",1305.0,82075
罗湖,莲塘,四季御园（新世界四季御园）,3.0,2.0,81.0,520,64197,340.0,新世界四季御园，精装三房诚意出售,"近地铁
新上
南
民水民电",468.0,57777
罗湖,百仕达,东乐花园(罗湖),4.0,2.0,138.65,668,48178,393.0,好房新上，东乐花园，精装修满五年，业主诚意出售,"近地铁
新上
民水民电
精装修",601.2,43360
罗湖,布心,松泉公寓,2.0,2.0,57.0,238,41754,520.0,翠园东晓，业主有心卖，大花园社区，采光通透，谈价空间大,"近地铁
新上
北
民水民电",214.2,37579
福田,香蜜湖,宝能城市公馆（一、二期）,3.0,,108.39,1650,152228,501.0,香蜜湖高赠送户型宝能城市花园厅出阳台主卧带大衣帽间三房两卫,"近地铁
新上
南
民水民电",1485.0,137005
罗湖,黄贝岭,新天地名居,1.0,1.0,39.0,180,46153,356.0,新天地 精装一房户型方正 厅出阳台采光好 近地铁租金高总价低,"近地铁
新上
西北
民水民电",162.0,41538
福田,福田中心区,彩福大厦,4.0,2.0,113.96,638,55984,98.0,彩福大厦4房，目前带租约的，提前预约看房，,"近地铁
南
民水民电
电梯房",574.2,50386
龙岗,布吉,百合星城（一期）,1.0,1.0,38.0,125,32894,332.0,周边配套齐全，地铁口物业，适合居住,"近地铁
新上
南
民水民电",112.5,29605
南山,华侨城,天鹅堡一期,4.0,2.0,220.0,2300,104545,,"天鹅堡,高层视野好，安静位置，诚心卖","新上
西南
民水民电
电梯房",2070.0,94090
盐田,沙头角,东埔海景花园（二期）,3.0,2.0,92.5,460,49729,723.0,东埔海景花园二期新上架三房，满五年费用少，业主诚心出售,"近地铁
新上
南
民水民电",414.0,44756
罗湖,人民南,置地广场,1.0,,26.87,158,58801,330.0,急售房源，随时可以看房，居家首选，降价10万，大社区,"近地铁
新上
民水民电
电梯房",142.2,52921
福田,上下沙,蓝湾半岛,3.0,2.0,104.32,850,81480,424.0,蓝湾半岛，业主换房出售，随时看房,"近地铁
南
民水民电
电梯房",765.0,73332
福田,上下沙,金海湾花园,3.0,2.0,128.0,1200,93750,645.0,金海湾花园，业主换房出售，红本满五,"近地铁
新上
东南
民水民电",1080.0,84375
南山,科技园,名家富居,4.0,2.0,146.0,1600,109589,397.0,名家富居1栋高楼层四房近地铁12号线中山公园,"近地铁
新上
东南
民水民电",1440.0,98630
福田,上下沙,金海湾花园,3.0,2.0,128.0,1160,90625,645.0,金海湾花园，一线海景房，户型方正，诚心卖,"近地铁
新上
东南
民水民电",1044.0,81562
宝安,桃源居,桃源居六区,5.0,2.0,212.14,2800,131988,837.0,复式 超高使用率 通风采光好 满五 费用少,"近地铁
新上
东南
民水民电",2520.0,118789
盐田,沙头角,东埔海景花园（三期）,4.0,3.0,189.98,1850,97378,723.0,山海大四房高层带天台,"近地铁
新上
南北通
民水民电",1665.0,87640
龙岗,龙岗中心城,深业紫麟山,6.0,3.0,273.0,2460,90109,598.0,深中书包，业主诚意出售，小区内部环境宜居舒适，实用面积超高,"近地铁
新上
南
民水民电",2214.0,81098
宝安,宝安中心区,壹方中心·玖誉(三期),3.0,2.0,139.0,1860,133812,250.0,壹方玖誉项目位于深圳前海自贸区，是前海首席旗舰级综合体,"近地铁
新上
西南
民水民电",1674.0,120431
南山,华侨城,纯水岸十五期,4.0,2.0,263.24,4500,170946,,纯水岸十五期精装特价高层湖景，业主特价急卖，价格好谈,"南北通
民水民电
电梯房",4050.0,153851
福田,上下沙,京基滨河时代广场,2.0,2.0,68.0,350,51470,479.0,京基两房，KKONE商场楼上，9号线无缝对接,"近地铁
新上
民水民电
电梯房",315.0,46323
福田,上下沙,京基滨河时代广场,1.0,1.0,42.0,200,47619,479.0,一房一厅，总价200万，红本,"近地铁
新上
南
民水民电",180.0,42857
宝安,碧海,碧海富通城（五期）,1.0,1.0,46.72,360,77054,725.0,富通地产开发小区的花园园林较好.设施齐全.户型方正.装修豪华,"近地铁
新上
东
民水民电",324.0,69349
罗湖,莲塘,名骏豪庭,1.0,1.0,43.35,230,53056,703.0,名骏豪庭房子的户型方正，采光通风很好，居住舒适，随时可看,"近地铁
北
民水民电
电梯房",207.0,47750
罗湖,人民南,新银座华庭,1.0,1.0,47.0,230,48936,128.0,新银座高层两房一厅  拎包入住  双地铁口 罗湖口岸,"近地铁
新上
南
民水民电",207.0,44042
福田,皇岗,汇港名苑,2.0,2.0,78.0,410,52564,136.0,汇港名苑，78平方大2房，北向，红本满五。,"近地铁
新上
北
民水民电",369.0,47308
盐田,盐田港,佳兆业山海苑,2.0,1.0,54.0,140,25925,725.0,佳兆业山海城新上架房子，业主诚心出售，看房随时都可以安排,"近地铁
新上
南
民水民电",126.0,23332
龙岗,龙岗中心城,麓园,3.0,2.0,89.0,430,48314,586.0,麓园二期优质房源三房两厅两委，高楼层，看泳池，南北通通风好。,"近地铁
北
民水民电
电梯房",387.0,43483
宝安,宝安中心区,花样年花郡家园,3.0,,50.69,620,122312,419.0,于宝安区明玉路与玉律路交汇处，共4栋，以1房一厅及两房小面积,"近地铁
新上
南
民水民电",558.0,110081
龙华,红山,公馆一八六六花园,1.0,1.0,38.0,300,78947,770.0,公馆一八六六花园,"近地铁
南
民水民电
电梯房",270.0,71052
福田,香蜜湖,东海花园（二期福禄居),4.0,2.0,164.0,2180,132926,286.0,香蜜湖东海花园二期安静四居室看花园红本在手诚心卖,"近地铁
新上
西南
民水民电",1962.0,119633
宝安,碧海,绿海名居,3.0,2.0,94.0,650,69148,,绿海名居三房二卫朝南,"新上
南
民水民电
电梯房",585.0,62233
龙岗,龙岗中心城,天健花园,3.0,2.0,89.0,338,37977,386.0,天健花园电梯中间楼层南北通透满五诚心出售看房方便,"近地铁
新上
南
民水民电",304.2,34179
宝安,宝安中心区,君逸世家花园,3.0,2.0,127.0,950,74803,185.0,君逸世家三房二卫东南向,"近地铁
新上
民水民电
电梯房",855.0,67323
宝安,宝安中心区,西城上筑花园,2.0,2.0,74.0,580,78378,470.0,西城上筑花园.交通便捷地段好.户型方正.装修豪华.看房方便,"近地铁
新上
南
民水民电",522.0,70540
宝安,宝安中心区,高发西岸花园（一期）,2.0,2.0,79.38,650,81884,196.0,壹方城旁精装两房诚意出售,"近地铁
新上
南
民水民电",585.0,73696
宝安,宝安中心区,君逸世家花园,4.0,2.0,186.6,1280,68595,185.0,宝中君逸世家花园四房二卫南北通,"近地铁
新上
南北通
民水民电",1152.0,61736
罗湖,人民南,友谊大厦,1.0,1.0,46.93,230,49009,235.0,友谊大厦，二房一厅，业主诚心出售,"近地铁
新上
民水民电
电梯房",207.0,44108
罗湖,莲塘,四季御园（新世界四季御园）,3.0,2.0,76.86,480,62451,340.0,莲塘口岸四季御园南向3房 精装修高层视野开阔楼下地铁交通便利,"近地铁
新上
东南
民水民电",432.0,56206
南山,华侨城,香山里花园(一期),4.0,2.0,162.01,1550,95673,,香山里花园一期，位置安静，业主很诚心卖,"新上
西南
民水民电
电梯房",1395.0,86106
坪山,坪山中心区,京基御景印象家园（四期）,4.0,2.0,89.0,330,37078,,京基四期，地铁口物业，小区环境优美，周边配套齐全,"新上
南
民水民电
电梯房",297.0,33370
罗湖,布心,太阳新城,2.0,1.0,73.71,370,50196,228.0,新上太阳新城两房，价格好谈 业主急卖,"近地铁
新上
西南
民水民电",333.0,45176
福田,皇岗口岸,深港一号,2.0,1.0,51.63,295,57137,308.0,深港一号，精装修两房，急售，价格可谈，看房方便，近地铁口,"近地铁
新上
西
民水民电",265.5,51423
宝安,桃源居,桃源居三区,3.0,2.0,106.0,480,45283,285.0,桃源居大社区，两条地铁就在家门口，公园环绕环境好,"近地铁
新上
南北通
民水民电",432.0,40755
罗湖,黄贝岭,金城华庭,1.0,1.0,35.71,230,64407,528.0,好房推荐 楼下螺岭 金城华庭1房 中间楼层 花园泳池小区,"近地铁
新上
东南
民水民电",207.0,57966
福田,福田口岸,金地名津,2.0,2.0,58.0,350,60344,353.0,福田口岸网红盘金地名津住宅两房一厅总价低，租金高,"近地铁
新上
北
民水民电",315.0,54310
坪山,坪山中心区,天峦湖花园,4.0,2.0,130.0,550,42307,,天峦湖东邻南坪快速路，北靠马峦山郊野公园，西面大山陂水库,"新上
西
民水民电
精装修",495.0,38076
盐田,沙头角,壹海城（一期）,4.0,2.0,154.0,800,51948,100.0,壹海城，复式4房，楼下地铁口，大型商业，车位充足,"近地铁
新上
南北通
民水民电",720.0,46753
罗湖,莲塘,梧桐山新居（一期）,2.0,1.0,50.81,205,40346,448.0,方正小两房，书包方便，安静宜居家,"近地铁
新上
北
民水民电",184.5,36311
福田,上下沙,京基滨河时代广场,3.0,2.0,79.62,420,52750,479.0,京基(公寓) 高层 79平3房-看海景，价格可谈,"近地铁
新上
西南
民水民电",378.0,47475
福田,上下沙,京基滨河时代广场,1.0,,33.0,238,72121,479.0,地段好价格低看中可谈,"近地铁
南
民水民电
电梯房",214.2,64909
福田,上下沙,蓝湾半岛,3.0,2.0,104.0,780,75000,424.0,高层 104平3房 看海景，业主换房出售，价格可谈,"近地铁
新上
东南
民水民电",702.0,67500
南山,华侨城,纯水岸十五期,5.0,3.0,344.0,5800,168604,,纯水岸十五期小高层精装大平层，湖景特价房！,"新上
南北通
民水民电
电梯房",5220.0,151744
罗湖,人民南,新银座华庭,1.0,1.0,46.0,230,50000,128.0,新银座，大一房一厅，业主诚心出售。,"近地铁
新上
北
民水民电",207.0,45000
宝安,西乡,白金假日公寓,1.0,1.0,38.95,199,51091,219.0,业主诚心卖，看房方便，住家舒适，精装保养好，坪洲地铁口,"近地铁
新上
东南
民水民电",179.1,45982
龙华,龙华中心,美丽365（二期）,3.0,2.0,101.03,380,37612,373.0,青湖地铁口365花园大社区居住舒适业主换房诚售可议价,"近地铁
西北
民水民电
电梯房",342.0,33851
南山,华侨城,世纪村3期,3.0,2.0,272.0,2080,76470,848.0,深超总271平看海看高尔夫价格有惊喜,"近地铁
新上
民水民电
精装修",1872.0,68823
龙岗,龙岗中心城,保利上城,1.0,1.0,53.97,158,29275,835.0,保利54平一房一厅朝花园安静，高楼层采光好诚心卖,"近地铁
新上
北
民水民电",142.2,26348
宝安,西乡,合正汇一城,4.0,2.0,124.02,1050,84663,66.0,魅力时代花园.西湾红树林公园旁豪宅.生活方便.户型方正。急卖,"近地铁
新上
南
民水民电",945.0,76197
南山,华侨城,天鹅堡一期,4.0,2.0,247.0,2650,107287,,天鹅堡高层特价！通透大四房，业主急卖！,"新上
南
民水民电
电梯房",2385.0,96558
罗湖,翠竹,愉天小区,1.0,1.0,29.11,318,109240,335.0,老业主急卖，总价低248w，价格好谈，都配合可看房，带深中在,"近地铁
新上
南北通
民水民电",286.2,98316
罗湖,人民南,双城世纪大厦,1.0,1.0,48.36,180,37220,256.0,双城世纪高层一房一厅 双地铁 罗湖口岸  置换急售,"近地铁
民水民电
电梯房
精装修",162.0,33498
宝安,西乡,招商果岭,3.0,2.0,87.95,480,54576,,招商果花园.户型方正实用.装修豪华.商业配套齐全.急卖,"东南
民水民电
电梯房
精装修",432.0,49118
宝安,碧海,碧海富通城（五期）,4.0,2.0,46.0,700,152173,725.0,富通地产开发.环境较好.住宅小区户型方正实用.装修豪华.急卖,"近地铁
新上
南
民水民电",630.0,136956
罗湖,黄贝岭,凤凰印象,2.0,2.0,62.43,380,60868,381.0,京基凤凰印象，北向两房，满5年，价格很惊喜，带租约诚售，急！,"近地铁
北
民水民电
电梯房",342.0,54781
龙华,上塘,荟港尊邸2期,4.0,2.0,127.86,650,50836,76.0,地铁直通花园，改善4房，户型通透,"近地铁
新上
南
民水民电",585.0,45752
南山,华侨城,香山里花园(一期),4.0,2.0,171.0,1700,99415,,香山里花园精装保养好，看房方便，价格好谈,"新上
东南
民水民电
电梯房",1530.0,89474
福田,上下沙,花好园,1.0,,30.62,180,58785,249.0,深圳湾总部基地旁，小户型，总价低，户型好，急售,"近地铁
北
民水民电
电梯房",162.0,52906
罗湖,莲塘,四季御园（新世界四季御园）,3.0,2.0,84.0,500,59523,340.0,新世界四季御园，精装好3房，豪华装修保养好，看房方便,"近地铁
北
民水民电
电梯房",450.0,53571
盐田,梅沙,万科东海岸四期（海逸居）,4.0,,223.0,2000,89686,,万科东海岸新上架别墅，随时都可以安排看房，,"新上
民水民电",1800.0,80717
龙华,上塘,金地上塘道花园,3.0,2.0,87.34,538,61598,774.0,上塘地铁口精装修三房南北通透，看房方便,"近地铁
新上
南
民水民电",484.2,55438
盐田,盐田港,中海半山溪谷花园,3.0,2.0,89.0,348,39101,829.0,半山溪谷好房,"近地铁
新上
北
民水民电",313.2,35191
宝安,宝安中心区,花样年花乡,1.0,,28.0,247,88214,564.0,生活交通较便利,"近地铁
新上
东北
民水民电",222.3,79393
龙华,上塘,金地上塘道花园,3.0,2.0,89.0,650,73033,774.0,三面采光，景观视野好，满五年税费少，,"近地铁
新上
南
民水民电",585.0,65730
罗湖,百仕达,百仕达花园五期(乐湖),3.0,2.0,115.82,830,71662,768.0,新上好房，百仕达乐湖，空中花园，车位充足，低楼层朝南,"近地铁
东北
民水民电
电梯房",747.0,64496
龙岗,大运,星河时代,6.0,4.0,220.0,2260,102727,696.0,业主向市场妥协！地铁口刚降价房源，精装，满五年急售，价格私聊,"近地铁
新上
南北通
民水民电",2034.0,92454
福田,梅林,梅林一村,3.0,2.0,90.0,650,72222,382.0,福田梅林一村三区方厅三房诚心出售看公园景观,"近地铁
新上
北
民水民电",585.0,65000
宝安,桃源居,桃源居三区,2.0,2.0,81.03,540,66641,285.0,位置好.配套齐全·.地铁口.看房方便,"近地铁
南
民水民电
电梯房",486.0,59977
南山,南头,麒麟花园（一期）,2.0,1.0,69.73,690,98953,,麒麟花园一期小高层电梯房,"近地铁
新上
北
民水民电",621.0,89058
福田,百花,南天大厦（二期）,3.0,2.0,94.68,1200,126742,279.0,罗湖城芯读双名教學满五年看房 探底价私信我助您置好物,"近地铁
新上
南北通
民水民电",1080.0,114068
盐田,盐田港,中海半山溪谷花园,3.0,2.0,61.46,150,24406,829.0,深外高中地铁口300米 精装修3房2厅 安静住家、,"近地铁
东北
民水民电
电梯房",135.0,21965
福田,福田中心区,黄埔雅苑（四期骏悠园）,3.0,2.0,129.63,1180,91028,270.0,黄埔雅苑四期，新上朝南3+1房，户型实用，安静位置，诚心卖,"近地铁
南
民水民电
电梯房",1062.0,81925
盐田,沙头角,碧桐湾,3.0,2.0,87.33,330,37787,296.0,碧桐湾刚需两房，满五年费用少，业主诚心出售,"近地铁
新上
西南
民水民电",297.0,34008
福田,香蜜湖,东海花园（一期）,3.0,2.0,136.21,1900,139490,464.0,东海花园一期，新上三房，户型方正实用，可改四房，价格可谈,"近地铁
新上
南
民水民电",1710.0,125541
罗湖,翠竹,翠竹苑,2.0,1.0,52.02,280,53825,326.0,业主急卖，居住舒适，采光通透，翠竹在的,"近地铁
新上
南北通
民水民电",252.0,48442
福田,上下沙,京基滨河时代广场,1.0,1.0,41.19,220,53411,479.0,200万买京基一房一厅通燃气，适合住家,"近地铁
新上
东北
民水民电",198.0,48070
福田,香蜜湖,宝能城市公馆（一、二期）,3.0,2.0,108.0,1600,148148,501.0,香蜜湖次新房，新上三房，户型实用，业主急售，价格可谈，带深高,"近地铁
南
民水民电
电梯房",1440.0,133333
宝安,新安,灵芝新村,2.0,2.0,70.1,450,64194,362.0,3房户型 通风采光好 使用率高 配套成熟 价格可谈,"近地铁
新上
南北通
民水民电",405.0,57775
南山,华侨城,纯水岸九期,4.0,2.0,255.0,5000,196078,,高层 精装景观房特价 纯水岸九期 精装 南北通透业主急卖,"新上
南北通
民水民电
电梯房",4500.0,176470
罗湖,莲塘,名骏豪庭,1.0,1.0,43.0,228,53023,703.0,名骏豪庭低成交价20万，花园大社区，靠近罗外中,"近地铁
新上
南
民水民电",205.2,47721
宝安,宝安中心区,壹方中心·玖誉(三期),5.0,2.0,174.6,3900,223367,250.0,壹方玖誉花园.鸿荣源打造滨海奢居大豪宅.户型方正装修豪华,"近地铁
东南
民水民电
电梯房",3510.0,201030
南山,西丽,博林天瑞（二期）,4.0,2.0,189.82,1660,87451,633.0,博林天瑞189平笋盘、地板价出售、急卖、价格可议、性价比高,"近地铁
新上
南
民水民电",1494.0,78706
罗湖,黄贝岭,集浩花园,4.0,2.0,139.19,600,43106,402.0,集浩花园 精装4房 户型方正实用 红本满五年急卖,"近地铁
新上
北
民水民电",540.0,38795
福田,福田中心区,黄埔雅苑（四期骏悠园）,3.0,2.0,136.47,1250,91595,270.0,黄埔雅苑四期，新上三房，急卖,"近地铁
新上
西北
民水民电",1125.0,82436
福田,保税区,帝港海湾豪园-城市3米6公寓,2.0,1.0,59.3,380,64080,,好房出售，价格可谈,"西
民水民电
电梯房
精装修",342.0,57672
盐田,沙头角,壹海城四区（壹海城V公馆）,2.0,2.0,61.37,380,61919,395.0,(地铁口 高层海景2房 精装修 可商可住)万科V公馆,"近地铁
新上
南
民水民电",342.0,55727
罗湖,翠竹,益田御龙天地华府二期,4.0,2.0,199.0,1400,70351,,御龙天地次新房 业主诚心出售看房方便  周边生活配套齐全,"东北
民水民电
电梯房
有钥匙",1260.0,63316
宝安,新安,湖滨花园(宝安),3.0,2.0,85.0,520,61176,488.0,宝中3房急售，看房方便,"近地铁
新上
南
民水民电",468.0,55058
宝安,新安,都市翠海华苑,2.0,2.0,60.16,398,66156,108.0,双地铁2房电梯房特惠价！,"近地铁
新上
民水民电
电梯房",358.2,59540
宝安,新安,勤诚达22世纪(和园),3.0,2.0,86.0,780,90697,220.0,勤诚达精装三房诚意出售,"近地铁
新上
东南
民水民电",702.0,81627
罗湖,黄贝岭,深业东岭花园（二期）,3.0,2.0,127.1,860,67663,435.0,三胎福音，幸福组合轻松开启，景观靓四房，业主诚售，欢迎来谈,"近地铁
新上
西北
民水民电",774.0,60897
宝安,新安,中洲中央公园,3.0,2.0,118.0,850,72033,430.0,宝中地铁口高端住家公寓，诚心出售，价格可以少了又少,"近地铁
民水民电",765.0,64830
宝安,新安,鸿景园,8.0,2.0,152.0,1500,98684,677.0,宝中4房急售，看房方便,"近地铁
新上
西北
民水民电",1350.0,88816
宝安,新安,都市翠海华苑,1.0,,22.0,280,127272,108.0,宝中小户型急售，看房方便,"近地铁
新上
东南
民水民电",252.0,114545
宝安,松岗,松河瑞园（二期）,3.0,2.0,90.64,405,44682,360.0,松河瑞园 经典户型设计 合理空间划分 内外兼修的品质建筑,"近地铁
南
民水民电
电梯房",364.5,40214
宝安,新安,嘉华花园西区,2.0,2.0,67.0,245,36567,530.0,宝中2房急售，看房方便,"近地铁
新上
东北
民水民电",220.5,32910
宝安,新安,裕宝大厦,2.0,,70.0,578,82571,339.0,宝中2房急售，看房方便,"近地铁
东
民水民电
电梯房",520.2,74314
宝安,新安,雅然居,3.0,2.0,82.12,500,60886,452.0,宝中3房急售，看房方便,"近地铁
南
民水民电
电梯房",450.0,54797
宝安,宝安中心区,花样年花郡家园,1.0,1.0,38.0,320,84210,419.0,花郡一房 景观好房 动静结合 悠然自得,"近地铁
新上
东北
民水民电",288.0,75789
宝安,桃源居,桃源居十七区,4.0,2.0,113.92,650,57057,476.0,西乡4房急售，看房方便,"近地铁
东
民水民电
电梯房",585.0,51351
宝安,新安,福城新纪元,1.0,1.0,34.79,208,59787,746.0,宝中小户型急售，看房方便,"近地铁
东南
民水民电
电梯房",187.2,53808
宝安,新安,新安湖花园（二期）,2.0,2.0,73.88,409,55360,425.0,宝中2房急售，看房方便,"近地铁
南
民水民电
电梯房",368.1,49824
宝安,碧海,碧海富通城（一期）,4.0,2.0,103.81,590,56834,,富通城四房  户型方正实用率高  周边配套完善,"民水民电
电梯房
精装修
有钥匙",531.0,51151
宝安,新安,嘉华花园西区,2.0,2.0,66.7,320,47976,530.0,宝中2房急售，看房方便,"近地铁
东北
民水民电
精装修",288.0,43178
宝安,福永,金域豪庭三期,3.0,2.0,82.79,405,48918,382.0,地铁口精装三房 满2年 小高层低容积率,"近地铁
新上
南
民水民电",364.5,44026
宝安,新安,新安湖花园（二期）,1.0,1.0,52.0,350,67307,425.0,宝中小户型急售，看房方便,"近地铁
新上
东南
民水民电",315.0,60576
宝安,桃源居,桃源居十二区,2.0,2.0,74.0,320,43243,378.0,西乡2房急售，看房方便,"近地铁
民水民电",288.0,38919
宝安,新安,白金时代公寓,2.0,1.0,32.29,300,92908,801.0,宝中小户型急售，看房方便,"近地铁
南
民水民电
电梯房",270.0,83617
罗湖,黄贝岭,深业东岭花园（二期）,3.0,2.0,86.95,650,74755,435.0,【新上房源 满两年 税费少 配套完善 业主诚心放卖,"近地铁
西北
民水民电
电梯房",585.0,67280
罗湖,布心,鹏城花园,3.0,2.0,81.0,300,37037,380.0,布心地铁口，位置好，新装修，保养好，很好的栋数楼层，价格可谈,"近地铁
新上
北
民水民电",270.0,33333
福田,福田中心区,雅颂居,4.0,2.0,187.88,2080,110708,292.0,福田CBD笋盘推荐雅颂居188平板楼南北通随时看房,"近地铁
南
民水民电
电梯房",1872.0,99637
宝安,新安,白金酒店公寓,2.0,1.0,37.04,245,66144,675.0,白金酒店公寓 业主急售 稀有户型 拎包入住 税费低,"近地铁
新上
南
民水民电",220.5,59530
罗湖,地王,one39,1.0,,39.95,152,38047,376.0,地旺大厦旁。底总价高租金。业主急售，价格可谈,"近地铁
新上
南
民水民电",136.8,34242
大鹏,大鹏,承翰半山海,2.0,2.0,86.2,215,24941,,半山海中高楼层海景大阳台大两房,"新上
西南
民水民电
电梯房",193.5,22447
盐田,沙头角,海智云轩,3.0,2.0,107.77,428,39714,,次新小区，端头户型，南北通透，诚意出售，看房方便,"新上
南
民水民电
电梯房",385.2,35743
南山,华侨城,侨城馨苑,1.0,1.0,61.65,380,61638,,华侨城精品小户型一房一厅带阳台,"西南
民水民电
电梯房
精装修",342.0,55474
盐田,梅沙,万科东海岸一期（公寓）,1.0,1.0,55.0,165,30000,,特殊户型，看山景安静，万科东海岸,"北
民水民电
电梯房
精装修",148.5,27000
宝安,沙井,四海云亭,4.0,2.0,129.01,345,26742,929.0,11号线地铁口物业 朝南四房 通风透气冬暖夏凉,"近地铁
南
民水民电
精装修",310.5,24068
宝安,沙井,四海云亭,2.0,2.0,76.16,460,60399,929.0,毛坯房给您更多的自由装修空间,"近地铁
西北
民水民电
有钥匙",414.0,54359
宝安,福永,中粮凤凰里,3.0,2.0,89.6,360,40178,999.0,格局方正 朝南设计 全明通透 豪华气派彰显无疑。,"近地铁
东南
民水民电
电梯房",324.0,36160
宝安,沙井,珑湾上城花园,3.0,2.0,90.0,350,38888,,经典户型设计 合理空间划分 内外兼修的品质建筑,"新上
南
民水民电
电梯房",315.0,34999
宝安,沙井,四海云亭,3.0,2.0,89.0,280,31460,929.0,精致户型 享受无限阳光生活,"近地铁
新上
南
民水民电",252.0,28314
宝安,沙井,保利达小行星,3.0,2.0,59.96,130,21681,,年轻时尚 二居室 景观房,"南北通
民水民电
电梯房
有钥匙",117.0,19513
宝安,福永,华强城,3.0,2.0,88.47,400,45213,140.0,精心呈现品质感与实用性兼具的经典户型，映衬出高智,"近地铁
新上
南
民水民电",360.0,40692
宝安,福永,中粮凤凰里,4.0,2.0,125.48,800,63755,999.0,中粮凤凰里 格局方正 双南设计 全明通透 豪华气派彰显无疑,"近地铁
东南
民水民电
电梯房",720.0,57380
宝安,沙井,四海云亭,4.0,2.0,129.01,420,32555,929.0,南北高性价比景观入户露台 阳光清风随时造访生活,"近地铁
新上
南
民水民电",378.0,29300
宝安,沙井,嘉富新禧花园,3.0,2.0,95.0,369,38842,,新桥品质花园社区、可读清平、近体育馆、地铁,"南
民水民电
电梯房
有钥匙",332.1,34958
宝安,沙井,星河荣御花苑（三期）,3.0,2.0,89.55,425,47459,,星河荣御三房 精致户型 享受美好时光生活,"新上
东南
民水民电
电梯房",382.5,42713
宝安,福永,华强城,6.0,2.0,87.0,580,66666,140.0,地铁口三房 满二年 附近商业环绕购物方便,"近地铁
东南
民水民电
电梯房",522.0,59999
宝安,福永,中粮凤凰里,3.0,2.0,81.45,400,49109,999.0,中粮凤凰里精装三房 地铁口物业 小区绿化绿高,"近地铁
南
民水民电
电梯房",360.0,44198
罗湖,莲塘,蕙兰雅居,2.0,1.0,75.0,338,45066,428.0,户型方正 全新装修 看房方便 业主诚心 出售,"近地铁
南
民水民电
电梯房",304.2,40559
南山,西丽,宝能城花园(西区),4.0,2.0,122.0,930,76229,560.0,宝能城西区5栋A座122平4房业主报价998万可谈,"近地铁
南
民水民电
电梯房",837.0,68606
盐田,沙头角,蓝郡左岸花园,4.0,2.0,169.65,1260,74270,513.0,看中可以谈壹海城商圈户型方正,"近地铁
新上
南
民水民电",1134.0,66843
罗湖,万象城,世界金融中心,2.0,1.0,47.0,220,46808,345.0,近东门万象城 双地铁 小区环境好 租金高,"近地铁
新上
南
民水民电",198.0,42127
南山,深圳湾,太古城花园（南区）,2.0,1.0,51.0,690,135294,163.0,看海景小两房诚意出售，全新装修保养好地铁口物业。老业主的房子,"近地铁
新上
南
民水民电",621.0,121765
福田,香蜜湖,海德园,4.0,2.0,161.0,2500,155279,,海德园，毛坯次新房，南北通透诚心卖,"新上
南北通
民水民电
电梯房",2250.0,139751
南山,华侨城,锦绣花园四期,3.0,1.0,287.0,4500,156794,553.0,锦绣花园四期2015年小区纯大平面住宅,"近地铁
南北通
民水民电
电梯房",4050.0,141115
福田,香蜜湖,教学综合楼,3.0,2.0,91.93,850,92461,201.0,香蜜湖教学综合楼3房业主诚心出售,"近地铁
新上
南
民水民电",765.0,83215
福田,香蜜湖,香格丽苑,3.0,2.0,114.0,1480,129824,180.0,香格丽苑南向三房视野开阔诚意出售,"近地铁
新上
东南
民水民电",1332.0,116842
南山,南油,雅仕荔景苑,2.0,2.0,66.0,518,78484,116.0,雅仕荔景苑，实用两房，通风采光好，诚心出售，看房方便，近地铁,"近地铁
东南
民水民电
电梯房",466.2,70636
南山,南油,雅仕荔景苑,4.0,2.0,122.47,930,75936,116.0,雅仕荔景苑，户型方正，满五年，红本在手，近地铁口，出勤便利,"近地铁
南北通
民水民电
电梯房",837.0,68342
南山,蛇口,兰园大厦,3.0,2.0,93.1,600,64446,719.0,兰园大厦，客厅带阳台，动静分区，实用三房，近公园和育才三中,"近地铁
西
民水民电
精装修",540.0,58001
南山,蛇口,四海公寓,3.0,2.0,88.0,800,90909,757.0,四海公寓，精装修，实用三房，带双阳台，户型结构好，高层靓景,"近地铁
西南
民水民电
电梯房",720.0,81818
南山,华侨城,华润城润玺一期花园,3.0,2.0,99.71,1280,128372,664.0,华润城润玺高楼层景观好保养好诚意出售,"近地铁
西南
民水民电
电梯房",1152.0,115535
南山,蛇口,四海公寓,1.0,1.0,34.68,250,72087,757.0,四海公寓，精典小户型，电梯房，近公园，低总价，业主诚心卖,"近地铁
东
民水民电
电梯房",225.0,64878
南山,华侨城,首地容御花园,2.0,1.0,89.18,950,106526,,首地可看湖景大宅满五年价格可谈,"新上
南
民水民电
电梯房",855.0,95873
南山,前海,前海天朗风清家园,2.0,2.0,65.0,480,73846,459.0,前海电梯房，近地铁1号线，满五年，东南向安静看花园，价格好谈,"近地铁
西
民水民电
电梯房",432.0,66461
罗湖,莲塘,御景天峦府,4.0,2.0,135.19,652,48228,,御景天峦府，毛坯大四房，南北通透，随时可看，价格可谈，带车位,"南
民水民电
电梯房
有钥匙",586.8,43405
南山,华侨城,香山道公馆,3.0,2.0,110.0,1500,136363,,香山道公馆好房,"南
民水民电
电梯房
带家私",1350.0,122727
南山,蛇口,四海公寓,1.0,1.0,41.25,420,101818,757.0,四海公寓，清爽装修，客厅带阳台，采光好，近四海公园和育才二小,"近地铁
西南
民水民电
电梯房",378.0,91636
宝安,翻身,洪福雅苑,3.0,2.0,111.31,720,64684,165.0,"紧靠地铁站。小区由5栋组合而成，,带电梯小高层","近地铁
西北
民水民电
电梯房",648.0,58216
龙岗,布吉,大芬油画苑,3.0,2.0,120.0,330,27500,589.0,户型方正3号地铁线沃尔玛旁,"近地铁
南
民水民电
电梯房",297.0,24750
坪山,领航,领航里程花园,4.0,2.0,126.9,680,53585,646.0,户型方正 使用率高 近地铁 配套成熟 价格可谈,"近地铁
新上
北
民水民电",612.0,48226
盐田,沙头角,鹏湾二村,2.0,2.0,67.05,230,34302,435.0,鹏湾花园，精装两房，248W诚心出售，可拎包入住,"近地铁
新上
东南
民水民电",207.0,30872
罗湖,人民南,汇泰大厦（尊寓）,1.0,1.0,40.0,188,47000,334.0,汇泰大厦景观好，高层朝南，一房一厅，业主诚心出售,"近地铁
新上
南
民水民电",169.2,42300
宝安,沙井,西荟城（一期）,4.0,2.0,128.01,480,37497,827.0,西荟城业主诚心出售，交通方便,"近地铁
新上
南北通
民水民电",432.0,33747
南山,西丽,总章翡翠公馆,4.0,2.0,115.0,900,78260,,南山新盘，价格可谈，近地铁近公园,"新上
南
民水民电
电梯房",810.0,70434
南山,深圳湾,恒裕滨城花园（二期）,4.0,2.0,168.0,4400,261904,166.0,高楼层，全海景，看房方便，价格可以谈,"近地铁
南
民水民电",3960.0,235714
盐田,沙头角,鹏瑞南区尚府,3.0,2.0,93.0,498,53548,,鹏瑞尚府，价格可以谈，地段好，配套齐全，口岸物业,"新上
东南
民水民电
电梯房",448.2,48193
南山,蛇口,招商桃花园一期,3.0,2.0,91.0,1000,109890,349.0,南山脚下，地铁口，精装三房，满五年，育才双书包，仅8字头,"近地铁
新上
南
民水民电",900.0,98901
盐田,梅沙,华侨海景山庄,5.0,2.0,238.05,900,37807,,华侨海景，适合修身养性，养花养草,"民水民电
有钥匙",810.0,34026
宝安,桃源居,桃源居五区,4.0,2.0,152.41,680,44616,502.0,户型方正 使用率高 近地铁 配套成熟 价格可谈,"近地铁
新上
南
民水民电",612.0,40154
罗湖,布心,海鹰大厦,2.0,2.0,64.92,225,34658,73.0,布心地铁口两房，翠园书包没有用过，看房方便,"近地铁
南
民水民电
精装修",202.5,31192
罗湖,翠竹,益田御龙天地华府二期,3.0,2.0,110.0,1200,109090,,业主诚心出售，景观好，格局好，生活方便,"东南
民水民电
电梯房
有钥匙",1080.0,98181
罗湖,翠竹,益田御龙天地华府二期,3.0,2.0,117.0,1100,94017,,12万平米商业综合体，业诚心出售，格局方正,"东南
民水民电
电梯房
有钥匙",990.0,84615
罗湖,翠竹,益田御龙天地华府一期,3.0,2.0,110.47,900,81470,,业主诚心出售，12万平米商业综合体，格局方正,"新上
西北
民水民电
电梯房",810.0,73323
罗湖,翠竹,益田御龙天地华府一期,3.0,2.0,96.0,768,80000,,12万平米商业综合体，业主诚心卖，格局方正,"东南
民水民电
电梯房
有钥匙",691.2,72000
罗湖,翠竹,益田御龙天地华府一期,3.0,2.0,96.0,710,73958,,出证啦！益田假日12万平米商业综合体，格局方正，业主诚心出售,"西南
民水民电
电梯房
有钥匙",639.0,66562
宝安,宝安中心区,新锦安海纳公馆,4.0,2.0,116.0,1400,120689,569.0,新锦安海纳公馆，规划占地约5万㎡，,"近地铁
新上
南
民水民电",1260.0,108620
宝安,新安,怡合花园,3.0,2.0,79.3,420,52963,420.0,怡合花园 精装大2房 高层采光通风安静住家 看上价格可谈,"近地铁
新上
西北
民水民电",378.0,47667
罗湖,翠竹,益田御龙天地华府一期,3.0,2.0,96.0,864,90000,,格局方正，益田假日12万平米商业综合体，景观漂亮,"新上
东南
民水民电
电梯房",777.6,81000
罗湖,翠竹,益田御龙天地华府二期,3.0,2.0,115.0,1200,104347,,益田假日12万平米商业综合体，格局方正，景观好,"西北
民水民电
电梯房
有钥匙",1080.0,93912
罗湖,翠竹,益田御龙天地华府二期,3.0,2.0,109.0,981,90000,,业主多套房源，小区环境优美，配套齐全，租金高，采光通透,"新上
西南
民水民电
电梯房",882.9,81000
罗湖,翠竹,益田御龙天地华府二期,4.0,2.0,122.0,1028,84262,,业主多套房源，小区环境优美，配套齐全，租金高，采光通透,"东北
民水民电
电梯房
有钥匙",925.2,75836
盐田,梅沙,天琴湾（二期）,4.0,2.0,214.73,1150,53555,,性价比高的海景洋房看房方便业主急售,"南北通
民水民电
电梯房
精装修",1035.0,48200
南山,后海,蔚蓝海岸社区二期,5.0,2.0,152.0,1580,103947,226.0,蔚蓝海岸二期，正南四房，安静看泳池,"近地铁
新上
南
民水民电",1422.0,93552
南山,前海,泛海城市广场（三期）,1.0,,39.51,318,80708,415.0,泛海城市广场 精装修 下楼达商场 500米荔湾站 环境优雅,"近地铁
东南
民水民电
电梯房",286.2,72637
南山,蛇口,海上世界双玺花园一期,4.0,1.0,220.0,4880,221818,555.0,双玺花园一期，小洋房，降价出售，便宜，安静私密，可以看,"近地铁
新上
东
民水民电",4392.0,199636
罗湖,翠竹,怡泰大厦,2.0,1.0,54.27,175,32246,339.0,180万急售 价钱可谈 看房方便 带翠竹学..位,"近地铁
南
民水民电
电梯房",157.5,29021
盐田,盐田港,金水湾御园,1.0,1.0,36.0,120,33333,,金水湾御园小区，价格可谈，配套齐全，交通便利,"民水民电
电梯房
拎包入住
精装修",108.0,30000
宝安,新安,中粮大悦城,4.0,2.0,115.0,880,76521,,天悦壹号雅轩 四房两厅 中间楼层 业主急售，,"新上
东南
民水民电
电梯房",792.0,68869
罗湖,莲塘,御景天峦府,3.0,2.0,116.0,568,48965,,次新房，地铁口，新装修三房,"新上
南
民水民电
电梯房",511.2,44068
南山,南山中心区,创世纪滨海花园,3.0,2.0,98.64,719,72891,581.0,南山南头正规3房急卖业主诚心卖价格带刀砍,"近地铁
东北
民水民电
电梯房",647.1,65602
罗湖,人民南,南方大时代,1.0,,45.0,130,28888,192.0,近期入手看这套，业主有心卖，配套齐全，租金高，可谈价,"近地铁
新上
东南
民水民电",117.0,25999
罗湖,水库,泰宁花园,2.0,2.0,66.96,350,52270,954.0,近期入手看这套，业主急卖，配套齐全，租金高，可谈价,"近地铁
西南
民水民电
电梯房",315.0,47043
南山,南头,中山颐景花园（一期）,1.0,1.0,45.0,255,56666,206.0,正在兴建南头古玩步行街北边是南头派出所近12号线地铁中山园约,"近地铁
新上
民水民电
电梯房",229.5,50999
盐田,梅沙,心海伽蓝,3.0,2.0,105.99,320,30191,,复试3房，位置好，住家舒适，看房方便,"新上
南
民水民电
电梯房",288.0,27172
南山,蛇口,半山海景.兰溪谷一期,4.0,2.0,172.69,2100,121605,633.0,高端低密度小区！南北通透，车位充足物业管理到位,"近地铁
新上
南
民水民电",1890.0,109444
宝安,新安,广三保综合楼,4.0,2.0,109.0,600,55045,46.0,带宝中，109平方4房2厅，广三保综合楼，全新装修，地铁口,"近地铁
新上
南
民水民电",540.0,49540
南山,西丽,塘朗城,4.0,2.0,142.0,1200,84507,115.0,塘朗城东区精装4房户型方正中高楼层业主诚心出售价格好谈,"近地铁
新上
南北通
民水民电",1080.0,76056
南山,西丽,塘朗城,4.0,2.0,141.0,860,60992,115.0,真实在售！塘朗城东区精装4房户型方正业主诚心出售价格好谈,"近地铁
新上
南北通
民水民电",774.0,54893
宝安,新安,翡翠华庭,4.0,2.0,149.86,1080,72067,105.0,4房户型 通风采光好 使用率高 配套成熟 价格可谈,"近地铁
东南
民水民电
电梯房",972.0,64860
盐田,沙头角,梅花楼,3.0,2.0,95.86,328,34216,141.0,精装大3房，双阳台，看房方便,"近地铁
新上
南
民水民电",295.2,30794
罗湖,莲塘,鹏莲花园,2.0,2.0,65.42,230,35157,557.0,业主诚售价格可议,"近地铁
新上
南
民水民电",207.0,31641
南山,后海,滨海之窗花园,2.0,2.0,86.0,1270,147674,599.0,滨海之窗小高层 全新装俢二房 朝南 视野开阔 安静！,"近地铁
新上
南
民水民电",1143.0,132907
南山,西丽,宝能城花园(西区),5.0,2.0,206.02,1550,75235,560.0,经理推荐！宝能城花园户型方正装修保养好价格美丽,"近地铁
南
民水民电
电梯房",1395.0,67712
罗湖,翠竹,柏丽花园,3.0,2.0,97.0,700,72164,629.0,柏丽花园业主诚心出售,"近地铁
新上
东南
民水民电",630.0,64948
宝安,新安,新世界名镌,4.0,2.0,201.0,2280,113432,,深圳美式宽体生态瀑布有机建筑尽揽前海豪宅别墅群美景,"南北通
民水民电
有钥匙",2052.0,102089
龙岗,龙岗中心城,阳光广场,3.0,2.0,99.99,240,24002,102.0,地铁口精装修拎包入住看房方便价格可商量,"近地铁
南北通
民水民电
电梯房",216.0,21602
龙华,观澜,观澜湖赛维纳公寓,1.0,1.0,61.57,180,29235,,观澜湖赛维纳，看湖看球场景观，客厅出阳台，本小区免费停车,"西南
民水民电
电梯房
拎包入住",162.0,26312
龙华,观澜,和黄观湖园,3.0,2.0,87.94,950,108028,,观湖园叠加别墅，东南朝向，大花园，钥匙在手，看房方便,"西南
民水民电
有钥匙",855.0,97225
罗湖,莲塘,兰亭国际,2.0,2.0,107.0,498,46542,177.0,莲塘口岸高楼层大两房出售，全新装修景观好,"近地铁
新上
北
民水民电",448.2,41888
盐田,盐田港,望辰府,4.0,2.0,105.0,350,33333,,全新未入住，随时可看，南向山景随时入住,"新上
南
民水民电
电梯房",315.0,30000
南山,深圳湾,太古城花园（北区一期）,3.0,2.0,142.0,2700,190140,202.0,太古城，大3房，诚心卖，价可谈,"近地铁
新上
南北通
民水民电",2430.0,171126
南山,科技园,马家龙,1.0,1.0,36.83,360,97746,382.0,前海优质小户型,"近地铁
新上
南
民水民电",324.0,87971
福田,福田中心区,大中华国际金融中心,3.0,1.0,90.0,450,50000,153.0,福田CBD，岗厦北地铁口大中华，三房诚售，红本满5，有钥匙。,"近地铁
新上
西
民水民电",405.0,45000
龙岗,布吉,天时大厦,3.0,2.0,77.72,320,41173,,东站地铁口三条地铁线交界处交通便利好出租,"西
民水民电
电梯房
带家电",288.0,37056
宝安,新安,财富港大厦,2.0,2.0,59.3,350,59021,402.0,财富港大厦一共分为4栋，ABC栋为住宅，D栋为纯写字楼，该小,"近地铁
西北
民水民电
电梯房",315.0,53119
罗湖,翠竹,德弘天下华府,2.0,1.0,51.98,450,86571,450.0,深中书包 德弘天下华府 特殊实用户型 总价低 欢迎看房,"近地铁
新上
北
民水民电",405.0,77914
南山,蛇口,城市山林一期,2.0,2.0,77.37,668,86338,246.0,"南向大2房,花园品质大社区！出价就卖，急售","近地铁
新上
东南
民水民电",601.2,77704
南山,蛇口,半山海景.兰溪谷二期,2.0,1.0,71.0,708,99718,547.0,看看在说好不好 半山海景兰溪谷 山海通道为基础的步行景观轴线,"近地铁
新上
南
民水民电",637.2,89746
南山,南头,新海大厦,2.0,2.0,86.25,468,54260,99.0,新海大厦生活便利业主急卖价格可谈2房,"近地铁
东南
民水民电
电梯房",421.2,48834
龙华,龙华中心,和平大厦(龙华),4.0,2.0,127.49,380,29806,207.0,业主急售价格便宜位置安静,"近地铁
新上
东
民水民电",342.0,26825
罗湖,布心,独树阳光里,1.0,1.0,36.0,320,88888,,独树阳光里新上小户型业主急售看房方便红本在手满五年随时过户,"新上
民水民电
电梯房
拎包入住",288.0,79999
罗湖,黄贝岭,建筑设计院住宅楼(罗湖),3.0,2.0,76.0,250,32894,616.0,诚心出售，价格可议,"近地铁
南
民水民电
有钥匙",225.0,29605
南山,后海,澳城花园（一期）,3.0,2.0,100.89,1300,128853,624.0,澳城东南向精装修3房拎包入住房客厅出大阳台看海景,"近地铁
新上
南
民水民电",1170.0,115968
龙华,龙华中心,龙泽榕园,3.0,2.0,102.31,345,33721,561.0,龙泽龙园精装修3房诚售周边配套全齐,"近地铁
新上
南
民水民电",310.5,30349
南山,后海,太古城花园（北区二期）,5.0,2.0,173.4,2700,155709,202.0,5+1房南北通，板楼，价格有惊喜太古城C位好房投资住家首先,"近地铁
新上
南北通
民水民电",2430.0,140138
南山,南山中心区,佳嘉豪苑,5.0,2.0,207.3,1600,77182,428.0,南山海岸城商圈佳嘉豪苑大平层业主诚心出售,"近地铁
新上
东南
民水民电",1440.0,69464
龙岗,布吉,天时大厦,2.0,2.0,76.9,260,33810,,布吉正地铁口珑逸府两房中高楼层通风采光好业主诚心出售价格可谈,"西北
民水民电
电梯房
精装修",234.0,30429
宝安,桃源居,桃源居十二区,3.0,2.0,111.3,350,31446,378.0,桃源居低总价大面积电梯三房，花园中间很安静,"近地铁
新上
南北通
民水民电",315.0,28301
宝安,新安,恒丰工业城,3.0,2.0,89.19,200,22424,,恒丰精装3房，业主诚心出售，户型方正，低总价,"东
民水民电
有钥匙",180.0,20182
宝安,沙井,西荟城（三期）,5.0,2.0,160.89,640,39778,965.0,西荟城三期，东南向五房，中间楼层，采光通风好，业主诚心卖,"近地铁
南北通
民水民电
电梯房",576.0,35800
盐田,沙头角,壹海城四区（壹海城V公馆）,1.0,2.0,51.46,250,48581,395.0,（看海2房）东南拎包入住壹海城核心商圈,"近地铁
北
民水民电
电梯房",225.0,43723
南山,科技园,科苑居,1.0,,25.0,160,64000,512.0,科苑 近地铁 小户型 过渡好选择 租金高,"近地铁
北
民水民电
电梯房",144.0,57600
南山,前海,佳兆业前海广场二期,3.0,2.0,70.5,300,42553,835.0,前海广场 豪装自住房 复式 带燃气 车位充足,"近地铁
南
民水民电
电梯房",270.0,38298
南山,南头,万象新园,1.0,1.0,38.0,280,73684,405.0,万象新园双地铁口经典一房一厅电梯房生活便利业主急卖,"近地铁
东南
民水民电
电梯房",252.0,66316
龙岗,龙岗中心城,龙禧雅苑,4.0,2.0,89.0,330,37078,,业主诚心出售价格可谈看房方便,"民水民电
电梯房
有钥匙",297.0,33370
宝安,航城,佳兆业樾伴山花园,3.0,2.0,87.78,345,39302,,户型方正 使用率高 近地铁 配套成熟 价格可谈,"新上
南
民水民电
电梯房",310.5,35372
南山,蛇口,海上世界双玺花园三期,4.0,2.0,287.43,5500,191350,564.0,双玺花园三期，287平，一线看海，次新房，没住过，看房随时,"近地铁
新上
西南
民水民电",4950.0,172215
宝安,新安,嘉华花园东区,4.0,2.0,89.11,300,33666,194.0,户型方正 使用率高 近地铁 配套成熟 价格可谈,"近地铁
新上
民水民电
有钥匙",270.0,30299
盐田,沙头角,昊海君悦大厦,2.0,1.0,59.62,150,25159,651.0,昊海君悦3房看房方便看海景,"近地铁
新上
南
民水民电",135.0,22643
南山,后海,漾日湾畔,3.0,2.0,122.15,1350,110519,347.0,漾日湾畔。南山深圳湾体育錧旁。南二外海德。红本满五年,"近地铁
新上
民水民电
电梯房",1215.0,99467
盐田,盐田港,望辰府,3.0,2.0,89.0,315,35393,,次新房，小高层，看房方便,"新上
东南
民水民电
电梯房",283.5,31854
罗湖,百仕达,东安花园,3.0,2.0,85.0,248,29176,219.0,诚心出售，价格可议,"近地铁
新上
南北通
民水民电",223.2,26258
盐田,梅沙,八十步海寓（海丽晶商住园）,3.0,1.0,75.92,180,23709,,欧美风情小镇地铁口3房,"新上
东
民水民电
电梯房",162.0,21338
盐田,梅沙,海世界,1.0,1.0,53.0,160,30188,,海世界，下楼即达地铁口+沙滩，满五年，度假优选,"新上
东南
民水民电
电梯房",144.0,27169
罗湖,布心,英达花园,2.0,1.0,69.0,205,29710,414.0,红本在手看房方便业主急售价格好谈,"近地铁
新上
民水民电
电梯房",184.5,26739
福田,景田,天健天骄北庐,4.0,2.0,266.0,3580,134586,,天健天骄北庐，南北通4+1房，业主诚心出售，次新房，价格可谈,"新上
南
民水民电
电梯房",3222.0,121127
龙华,观澜,观澜湖赛维纳公寓,1.0,1.0,60.0,130,21666,,免费停车，可谈价，实图，观澜湖赛维纳，大阳台，看球场景观，,"新上
西
民水民电
电梯房",117.0,19499
盐田,沙头角,合景同创广场,3.0,2.0,105.6,162,15340,,8号线地铁口物业，次新小区，毛坯大三房，高楼层看海景，南北通,"新上
南
民水民电
电梯房",145.8,13806
罗湖,莲塘,聚宝楼,3.0,2.0,75.0,298,39733,,楼下商业地带，购物方便，双地铁楼，交通方便，户型方正实用,"南
民水民电
带家电
精装修",268.2,35760
罗湖,翠竹,益田御龙天地华府一期,3.0,2.0,95.0,710,74736,,商业配套齐全，交通便利，红本税费少,"西南
民水民电
电梯房
有钥匙",639.0,67262
龙岗,龙岗中心城,新鸿进花园,2.0,2.0,67.96,215,31636,728.0,新鸿进花园.精装2房.看房方便.价格可谈,"近地铁
新上
南
民水民电",193.5,28472
南山,深圳湾,卓越维港名苑(别墅),8.0,5.0,259.8,7800,300230,470.0,维港南区联排背靠背别墅,"近地铁
南
民水民电
电梯房",7020.0,270207
福田,景田,天健天骄北庐,3.0,2.0,122.58,1400,114211,,香蜜湖次新大社区蕞笋三房南向朝花园安静带超大阳台看房方便,"南
民水民电
电梯房
有钥匙",1260.0,102790
罗湖,翠竹,益田御龙天地华府二期,4.0,2.0,114.99,1050,91312,,御龙天地，豪华装修，业主诚心出售，红本在手,"新上
东
民水民电
电梯房",945.0,82181
南山,蛇口,花园城一期,2.0,2.0,79.84,560,70140,322.0,花园城一期、两房、育才三小、二中、近地铁,"近地铁
新上
北
民水民电",504.0,63126
福田,上下沙,金地海景花园B区,5.0,2.0,240.36,1450,60326,603.0,金地海景花园，顶楼复式，拓展面积大，带露台，随时看房,"近地铁
新上
南北通
民水民电",1305.0,54293
福田,福田中心区,星河国际,4.0,2.0,177.0,1770,100000,337.0,福田区 购物公园 平安金融大厦傍边星河国际南北通四房出售,"近地铁
新上
南北通
民水民电",1593.0,90000
龙华,观澜,观澜湖赛维纳公寓,1.0,1.0,62.54,130,20786,,可谈价，大阳台，小区免费停车，看高尔夫景观，观澜湖赛维纳,"新上
北
民水民电
电梯房",117.0,18707
盐田,盐田港,臻湾云庭,3.0,2.0,93.89,290,30887,,价钱可谈 精装修 地铁口 朝南向 看山海景 原装三房 次新房,"新上
南
民水民电
电梯房",261.0,27798
南山,蛇口,半山海景.兰溪谷二期,2.0,2.0,71.12,1100,154668,547.0,特别推荐 半山海景兰溪谷 精装一房一厅看房 随时方便,"近地铁
新上
西南
民水民电",990.0,139201
罗湖,黄贝岭,万科俊园,5.0,2.0,307.84,1200,38981,574.0,万科俊园野急售看房方便红本在手随时看房满五年只有一套,"近地铁
新上
南
民水民电",1080.0,35083
盐田,盐田港,望辰府,3.0,2.0,89.96,305,33903,,一手新房，近公园天然氧吧，绿化好，空气清新,"新上
东南
民水民电
电梯房",274.5,30513
盐田,沙头角,鹏瑞南区尚府,2.0,2.0,71.82,315,43859,,西南朝向！户型方正！红本在手！满2年！毗邻沙头角口岸150米,"新上
西南
民水民电
电梯房",283.5,39473
南山,蛇口,海上世界双玺花园二期,4.0,2.0,250.0,5400,216000,830.0,05户型，看海景，低楼层，安静，视野空气好，豪装没住过,"近地铁
北
民水民电
电梯房",4860.0,194400
南山,蛇口,海上世界双玺花园二期,4.0,3.0,256.0,4500,175781,830.0,降价出售！！！03户型，价格可以谈，5房，一线看海，东南向,"近地铁
西南
民水民电
电梯房",4050.0,158203
南山,蛇口,海上世界双玺花园二期,5.0,2.0,338.0,8000,236686,830.0,降价出售！01户型，高层，一线海景，看房可以看，无遮挡，豪装,"近地铁
新上
西南
民水民电",7200.0,213017
南山,蛇口,海上世界双玺花园二期,4.0,2.0,257.63,4900,190195,830.0,03户型，高层一线海，降价出售，随时可看，豪装，4房,"近地铁
新上
北
民水民电",4410.0,171176
盐田,盐田港,盐港园丁小区,3.0,2.0,86.52,188,21729,,教师楼 近地铁精装靓3房 采光通透保养好,"新上
南
民水民电
精装修",169.2,19556
南山,科技园南区,海怡东方花园,3.0,2.0,115.05,1500,130378,492.0,海怡东方南北通透安静有大阳台吉屋,"近地铁
南北通
民水民电
电梯房",1350.0,117340
南山,后海,蔚蓝海岸社区二期,4.0,2.0,154.44,1380,89355,226.0,业主诚意卖，看房方便,"近地铁
新上
南北通
民水民电",1242.0,80420
南山,蛇口,半岛城邦花园四期,2.0,2.0,113.65,1600,140783,674.0,半岛城邦花园四期 3房 南北通透 保养好,"近地铁
新上
南
民水民电",1440.0,126705
南山,后海,蔚蓝海岸社区首期,2.0,2.0,70.78,680,96072,113.0,蔚蓝海岸首期户型方正 精装修安静满五年诚意出售,"近地铁
新上
东南
民水民电",612.0,86465
南山,南头,时代骄子,2.0,1.0,49.83,318,63816,387.0,时代骄子位于南山大道和学府路交汇处，紧邻愉康商场，,"近地铁
新上
北
民水民电",286.2,57434
罗湖,翠竹,益田御龙天地华府一期,3.0,2.0,95.0,750,78947,,新上御龙天地业主急售看房方便议价空间大红本在手随时过户,"新上
东南
民水民电
电梯房",675.0,71052
南山,蛇口,海上世界双玺花园二期,4.0,2.0,328.0,5000,152439,830.0,双玺海景大平面高层329平5房诚售,"近地铁
新上
西南
民水民电",4500.0,137195
龙岗,布吉,怡康家园,3.0,2.0,73.65,228,30957,115.0,3号线大芬站超高使用率4房装修保养很好业主诚心出售该物业,"近地铁
新上
北
民水民电",205.2,27861
南山,深圳湾,三湘海尚花园一期,3.0,2.0,140.0,2300,164285,727.0,深圳湾三湘海尚大平层南北向看园景,"近地铁
新上
南
民水民电",2070.0,147856
南山,深圳湾,三湘海尚花园一期,4.0,2.0,173.0,3100,179190,727.0,深圳湾三湘海尚大平层四房景观好,"近地铁
新上
南北通
民水民电",2790.0,161271
南山,深圳湾,三湘海尚花园一期,4.0,2.0,175.0,2900,165714,727.0,三湘海尚精装4房价格可谈,"近地铁
新上
南北通
民水民电",2610.0,149143
南山,深圳湾,三湘海尚花园一期,3.0,2.0,148.0,2480,167567,727.0,三湘海尚精装4房,"近地铁
新上
东南
民水民电",2232.0,150810
南山,深圳湾,太古城花园（南区）,2.0,2.0,62.14,850,136787,163.0,太古城南区安静满五年户型方正精装修诚意出售,"近地铁
新上
西北
民水民电",765.0,123108
南山,深圳湾,太古城花园（南区）,2.0,1.0,46.83,700,149476,163.0,高楼层标准2房正南向楼下就是地铁口商超等业主急售满5年,"近地铁
新上
南
民水民电",630.0,134528
宝安,新安,宝辰大厦,3.0,2.0,267.03,1600,59918,,宝辰大厦 267.03平 超高区 视野好 业主急卖,"东南
民水民电
电梯房
有钥匙",1440.0,53926
罗湖,布心,比华利山庄,3.0,2.0,90.0,268,29777,437.0,新上房源，比华利山庄，精装三房，户型方正，采光通透，急卖,"近地铁
新上
南北通
民水民电",241.2,26799
罗湖,布心,悦峰华府,1.0,,41.0,200,48780,712.0,附近就是公园，非常适合老人孩子去散步,"近地铁
新上
东南
民水民电",180.0,43902
盐田,沙头角,城建局宿舍,4.0,2.0,104.1,230,22094,958.0,城建宿舍 近地铁口,"近地铁
新上
南
民水民电",207.0,19885
罗湖,布心,观山盛苑,3.0,2.0,133.65,600,44893,944.0,小区人车分流，停车位充足,"近地铁
新上
东北
民水民电",540.0,40404
宝安,碧海,瑞翔居,3.0,2.0,89.0,600,67415,637.0,瑞翔居正规3房2厅，南北通，精装修，1号线固戍地铁,"近地铁
南
民水民电
电梯房",540.0,60674
南山,后海,漾日湾畔,2.0,2.0,78.29,1000,127730,347.0,漾日湾畔，深圳地铁2号线、11号线后海站，深圳人才公园、深圳,"近地铁
新上
北
民水民电",900.0,114957
南山,蛇口,海上世界双玺花园三期,4.0,2.0,287.05,4980,173488,564.0,287平，一线海景，高层看海，豪装，随时看，可以谈，漂亮,"近地铁
南北通
民水民电
电梯房",4482.0,156139
南山,后海,恒裕深圳湾,2.0,2.0,161.97,2200,135827,,恒裕深圳湾业主诚心出售看房方便价格惊喜,"东
民水民电
电梯房
有钥匙",1980.0,122244
南山,科技园南区,恒立听海花园,4.0,2.0,108.08,1500,138786,326.0,听海全新装修3加1房满五税少诚卖价可谈,"近地铁
新上
南
民水民电",1350.0,124907
罗湖,莲塘,华景园,5.0,2.0,272.0,2500,91911,89.0,华景园别墅，地铁口附近，独栋别墅，红本满五年,"近地铁
新上
南
民水民电",2250.0,82720
南山,华侨城,侨城豪苑,3.0,2.0,90.73,520,57312,315.0,南山华侨城，世界之窗3室，仅5万单价，低价有惊喜,"近地铁
新上
南
民水民电",468.0,51581
罗湖,翠竹,虹楼,1.0,1.0,43.45,140,32220,173.0,虹楼业主诚心卖，价格可以谈,"近地铁
民水民电
电梯房
拎包入住",126.0,28998
南山,蛇口,半岛城邦花园三期,4.0,2.0,140.0,2700,192857,794.0,半岛城邦花园三期 4房 南北通透 看海景 保养好,"近地铁
新上
西南
民水民电",2430.0,173571
南山,科技园,大冲都市花园,2.0,2.0,81.0,660,81481,410.0,南山大冲城市花园精装两房出售看房方便,"近地铁
新上
南
民水民电",594.0,73333
罗湖,洪湖,美景大厦,2.0,2.0,88.98,350,39334,77.0,美景大厦业主诚心出售,"近地铁
新上
北
民水民电",315.0,35401
罗湖,水库,宁水花园,2.0,2.0,81.0,280,34567,871.0,2.0.0.送天台花园，宁水花园深圳二实··验,"近地铁
南
民水民电
有钥匙",252.0,31110
福田,红树湾,瑧湾汇,3.0,2.0,87.77,1400,159507,26.0,业主诚意卖，价格好谈，高楼层看海景，楼下地铁出入方便,"近地铁
南
民水民电
电梯房",1260.0,143556
福田,红树湾,瑧湾汇,3.0,2.0,88.0,1500,170454,26.0,豪华装修，业主诚意卖，价格好谈，看房方便，看海景配套成熟,"近地铁
南
民水民电
电梯房",1350.0,153409
南山,南山中心区,海印长城小区一期,3.0,2.0,112.46,1088,96745,351.0,户型方正，通风采光好,"近地铁
新上
南
民水民电",979.2,87070
南山,华侨城,美景广场,2.0,1.0,48.0,298,62083,864.0,小户型出售,"近地铁
南
民水民电
电梯房",268.2,55875
盐田,梅沙,万科东海岸二期(林山居),4.0,2.0,203.7,750,36818,,单边位别墅，看房方便，急售,"新上
南
民水民电
有钥匙",675.0,33136
宝安,宝安中心区,西岸观邸,4.0,2.0,141.27,1600,113258,326.0,业主急售 西岸观邸位于宝中核芯地段 碧海湾站 精装修拎包入住,"近地铁
南
民水民电
电梯房",1440.0,101932
南山,蛇口,海上世界双玺花园三期,5.0,3.0,397.0,8800,221662,564.0,398平，一线海景，豪华装修，随时看，可以谈，降价急卖,"近地铁
新上
西南
民水民电",7920.0,199496
盐田,梅沙,星都梅沙天邸,3.0,2.0,77.81,240,30844,,星都·梅沙天邸80平米3房诚意出售楼层好价格可谈,"东
民水民电
电梯房
带家电",216.0,27760
坪山,坪山中心区,深城投中心公馆（深城投·中心公馆）,1.0,1.0,25.0,70,28000,649.0,交通便捷，地铁口物业，小区环境好，价格便宜,"近地铁
民水民电
电梯房
拎包入住",63.0,25200
南山,蛇口,南海玫瑰园（一期）,7.0,2.0,270.0,3500,129629,446.0,太子湾，15公里滨海，经典复试，稀有带花园、,"近地铁
新上
南
民水民电",3150.0,116666
南山,蛇口,半岛城邦花园四期,2.0,2.0,117.0,1550,132478,674.0,半岛城邦花园四期 2房 朝南 看海景 装修好,"近地铁
新上
南
民水民电",1395.0,119230
罗湖,翠竹,益田御龙天地华府二期,3.0,2.0,115.0,840,73043,,2021年次新房诚心出售价格可议，,"新上
东北
民水民电
电梯房",756.0,65739
罗湖,翠竹,益田御龙天地华府一期,3.0,2.0,115.0,950,82608,,花园小区，格局方正，12万平米商业综合体，业主诚心出售,"东西通
民水民电
电梯房
有钥匙",855.0,74347
罗湖,布心,华秀花园,2.0,2.0,77.15,280,36292,235.0,华秀花园，公园环绕，近地铁口，南北通户型，业主诚心出售,"近地铁
新上
南北通
民水民电",252.0,32663
龙岗,龙岗中心城,风临四季,2.0,1.0,72.0,125,17361,619.0,风临四季地铁口精装修价格好谈看房方便,"近地铁
南
民水民电
精装修",112.5,15625
福田,香蜜湖,深业中城,4.0,2.0,185.22,3800,205161,557.0,深业中城，次新房，南北通四房，看香蜜公园，急卖,"近地铁
南北通
民水民电
电梯房",3420.0,184645
罗湖,水库,湖滨新村,2.0,2.0,54.0,280,51851,458.0,湖滨新村带花园，近地铁，临二实，红本满五，看房方便,"近地铁
东南
民水民电
有钥匙",252.0,46666
罗湖,翠竹,柏丽花园,2.0,2.0,74.65,470,62960,629.0,柏丽花园75平米小三房东南朝向通风采光深中书包房,"近地铁
新上
东南
民水民电",423.0,56664
南山,深圳湾,恒裕滨城花园（二期）,4.0,2.0,202.0,8500,420792,166.0,本人深耕恒裕10年，带150平花园，电梯入户，看房方便,"近地铁
新上
东南
民水民电",7650.0,378713
南山,深圳湾,恒裕滨城花园（二期）,3.0,2.0,83.79,1850,220790,166.0,高楼层，大三房，看海景，看山景，住家装修,"近地铁
新上
西南
民水民电",1665.0,198711
罗湖,布心,长富花园,3.0,2.0,116.0,400,34482,458.0,罗湖布心 翠园东晓书包 业主有心卖 欢迎看房,"近地铁
新上
南
民水民电",360.0,31034
罗湖,莲塘,聚福花园（二期）,2.0,2.0,70.35,258,36673,361.0,莲塘口岸附近房带大平台,"近地铁
新上
南
民水民电",232.2,33006
罗湖,人民南,万科深南广场,2.0,1.0,62.16,380,61132,310.0,小区新 精装可拎包入住 急卖价好谈,"近地铁
西南
民水民电
电梯房",342.0,55019
南山,前海,泛海城市广场（三期）,1.0,1.0,39.51,190,48089,415.0,泛海城市广场地铁口产权清晰精装修南向,"近地铁
新上
西
民水民电",171.0,43280
罗湖,莲塘,祥和花园（一期）,3.0,2.0,97.0,409,42164,346.0,看花园，安静，精装自住房，有钥匙随时方便看，可做商业,"近地铁
北
民水民电
拎包入住",368.1,37948
罗湖,莲塘,港莲一村,3.0,2.0,86.0,288,33488,831.0,临近香港的楼梯房，安静，近口岸，大社区,"近地铁
南北通
民水民电
有钥匙",259.2,30139
罗湖,莲塘,景福花园,3.0,2.0,106.0,615,58018,,钥匙房地铁口楼上电梯高层三房,"北
民水民电
电梯房
有钥匙",553.5,52216
罗湖,莲塘,景福花园,3.0,2.0,100.0,560,56000,,钥匙房高楼层南向三房价格可议,"西南
民水民电
电梯房
有钥匙",504.0,50400
罗湖,莲塘,景福花园,3.0,2.0,106.0,580,54716,,新上急售地铁口次新房空中花园配套齐全车位充足,"南
民水民电
电梯房
有钥匙",522.0,49244
罗湖,莲塘,景福花园,3.0,2.0,106.91,600,56121,,新出业主急售地铁口次新房高层南向大三房停车方便,"新上
南
民水民电
电梯房",540.0,50509
罗湖,莲塘,景福花园,3.0,2.0,90.7,530,58434,,诚心出售业主急卖地铁口次新房高层南向三房钥匙在手,"东
民水民电
电梯房
有钥匙",477.0,52591
罗湖,莲塘,景福花园,2.0,1.0,57.72,300,51975,,莲塘地铁口次新房高层大两居户型方正实用,"新上
西南
民水民电
电梯房",270.0,46778
罗湖,莲塘,景福花园,2.0,2.0,57.73,320,55430,,地铁口次新房生活便捷近莲塘口岸高层大两房,"南
民水民电
电梯房
有钥匙",288.0,49887
宝安,新安,财富港大厦,1.0,1.0,62.0,295,47580,402.0,财富港地铁口物业小两房,"近地铁
西北
民水民电
电梯房",265.5,42822
福田,石厦,碧馨苑,3.0,2.0,90.19,660,73178,88.0,石厦双地铁出行业主诚心急售看房方便,"近地铁
新上
北
民水民电",594.0,65860
福田,香蜜湖,金地网球花园,3.0,2.0,136.76,1050,76776,558.0,香蜜湖，香蜜公园对面，景观漂亮，三房两卫1050万,"近地铁
南
民水民电
电梯房",945.0,69098
盐田,盐田港,和亨中心广场,1.0,,29.0,70,24137,746.0,地铁口户型方正实用诚心卖,"近地铁
新上
民水民电
电梯房",63.0,21723
罗湖,水库,碧中园,2.0,2.0,79.0,350,44303,662.0,第二实燕忠雪 南北通两房 业主带车位 价格可谈 小区环境好,"近地铁
新上
南
民水民电",315.0,39873
罗湖,莲塘,东海富汇豪庭,4.0,2.0,172.78,850,49195,,东海次新房，端头大户，单价四字头，全新毛坯即买即交付,"南北通
民水民电
精装修
有钥匙",765.0,44276
罗湖,莲塘,天越翔园,3.0,2.0,49.8,320,64257,468.0,莲塘口岸物业近地铁高赠送高性价比收租自住皆宜,"近地铁
新上
北
民水民电",288.0,57831
光明,光明中心区,勤诚达正大城花园（一期）,3.0,2.0,101.03,400,39592,,正大城大3房；税费少；大社区；高楼层；业主出售价低于购买价,"新上
南
民水民电
精装修",360.0,35633
宝安,新安,海语西湾花园,4.0,2.0,111.44,880,78966,,社区自带游泳池，幼儿园，两层地下停车场，车位充足，距离宝体地,"南北通
民水民电
电梯房
精装修",792.0,71069
福田,上下沙,红树华府,3.0,2.0,83.0,900,108433,482.0,红树华府，高层，大两房，南向，景观视野好，看房方便,"近地铁
新上
南
民水民电",810.0,97590
南山,深圳湾,太古城花园（南区）,2.0,1.0,62.0,736,118709,163.0,太古城精装修2房高层景观视野无遮档,"近地铁
新上
北
民水民电",662.4,106838
宝安,碧海,城市峰尚,3.0,2.0,74.47,500,67141,605.0,城市峰尚精装修三房业主诚意出售,"近地铁
南
民水民电
电梯房",450.0,60427
罗湖,翠竹,益田御龙天地华府二期,3.0,2.0,109.0,740,67889,,业主多套房源，小区环境优美，配套齐全，租金高，采光通透,"新上
东南
民水民电
电梯房",666.0,61100
宝安,沙井,万科翡逸郡（二期）,3.0,2.0,88.07,315,35767,986.0,急售好房 万科一期88平豪装3房横厅高使用率 保养好配套成熟,"近地铁
新上
东南
民水民电",283.5,32190
盐田,沙头角,合景同创广场,3.0,2.0,108.39,180,16606,,沙头角合景同创海景三房，地铁口物业，看房方便，业主配合,"西南
民水民电
电梯房
有钥匙",162.0,14945
罗湖,莲塘,桐景花园,3.0,2.0,106.23,350,32947,534.0,景观无遮挡，看梧桐山景观，小区人车分离，自然绿化,"近地铁
新上
北
民水民电",315.0,29652
罗湖,洪湖,旺业豪苑,2.0,1.0,49.21,170,34545,498.0,附近双地铁口，四通八达，交通便利，出行方便,"近地铁
新上
西北
民水民电",153.0,31090
盐田,沙头角,海天一色,6.0,2.0,184.0,570,30978,341.0,全海景 顶层复式 南北通 赠送大露台,"近地铁
新上
南北通
民水民电",513.0,27880
南山,蛇口,城市山林二期,3.0,2.0,131.43,1198,91151,246.0,急卖城市山林二期大三房双阳台看花园红本在手随时看房,"近地铁
东南
民水民电
电梯房",1078.2,82036
南山,蛇口,城市山林二期,4.0,2.0,132.0,1300,98484,246.0,城市山林二期实用小四房，南北通透格局，花园中间位置按揭,"近地铁
新上
南
民水民电",1170.0,88636
罗湖,东门,华润未来城,2.0,1.0,78.0,490,62820,,近公园天然氧吧，绿化好，空气清新,"新上
南
民水民电
电梯房",441.0,56538
福田,上下沙,金地海景花园E区,3.0,2.0,135.58,1080,79657,483.0,金地海景翠堤湾，高层海景，南北通透，业主诚心出售,"近地铁
新上
民水民电
电梯房",972.0,71691
南山,深圳湾,恒裕滨城花园（一期）,3.0,2.0,110.22,2150,195064,192.0,深圳湾阔绰大三房,"近地铁
新上
东南
民水民电",1935.0,175558
光明,公明中心区,光明峰荟,4.0,2.0,89.0,330,37078,,业主诚心出售，户型方正，房屋保养的好,"新上
南北通
民水民电
精装修",297.0,33370
光明,光明中心区,乐府花园,3.0,2.0,120.22,460,38263,,乐府花园厅出阳台户型方正诚心出售,"新上
南
民水民电
电梯房",414.0,34437
宝安,西乡,阳基九方广场,3.0,2.0,45.0,110,24444,,户型方正实用业主诚心出售看房联系我,"新上
南
民水民电
电梯房",99.0,22000
罗湖,布心,观山盛苑,3.0,2.0,91.35,450,49261,944.0,观山盛苑，业主急卖，随时可以看房，价格可谈。,"近地铁
新上
东北
民水民电",405.0,44335
南山,蛇口,半山海景.兰溪谷一期,4.0,2.0,147.55,1950,132158,633.0,半山海景兰溪谷精装4房我刚卖了一套小区的房子欢迎咨询,"近地铁
新上
南
民水民电",1755.0,118942
南山,蛇口,半山海景.兰溪谷一期,4.0,2.0,147.41,1700,115324,633.0,半山海景兰溪谷非常熟这里的房源欢迎私聊,"近地铁
新上
南
民水民电",1530.0,103792
罗湖,洪湖,旺业豪苑,1.0,1.0,49.0,268,54693,498.0,户型方正实，业主诚心出售,"近地铁
新上
西南
民水民电",241.2,49224
南山,后海,漾日湾畔,4.0,2.0,141.37,1300,91957,347.0,南二外本部东南向视野开阔急售,"近地铁
新上
东
民水民电",1170.0,82761
龙岗,龙岗中心城,中信龙盛广场(商办),1.0,1.0,35.89,75,20897,100.0,中信龙盛广场于2014年交房，绿化率30带空中花园、游乐场,"近地铁
北
民水民电
电梯房",67.5,18807
罗湖,东门,华润未来城,3.0,2.0,104.0,600,57692,,华润未来城，业主急卖，配套齐全，租金高，可谈价，采光好,"新上
南
民水民电
电梯房",540.0,51923
龙华,深圳北站,龙悦居四期,2.0,2.0,63.1,270,42789,613.0,龙悦居，业主诚心出售，看房子方便,"近地铁
新上
南
民水民电",243.0,38510
罗湖,布心,东晓花园,3.0,2.0,88.72,340,38322,231.0,东晓花园三房出售地铁口物业,"近地铁
新上
南
民水民电",306.0,34490
福田,宝安南,西湖小区,3.0,2.0,87.8,350,39863,590.0,西湖小区，南北通透，三房带大阳台，价格好商量，随时约看房,"近地铁
新上
南北通
民水民电",315.0,35877
罗湖,黄贝岭,深纺黄贝岭家属楼,2.0,1.0,75.06,310,41300,312.0,近黄贝岭地铁口 沃尔玛 生活配套齐全 价格可以谈,"近地铁
南
民水民电
精装修",279.0,37170
龙岗,大运,京基御景中央花园(一期),3.0,2.0,86.0,420,48837,,看花园三房视野好楼层佳看房方便,"新上
南
民水民电
电梯房",378.0,43953
宝安,宝安中心区,金成时代家园,3.0,2.0,110.98,708,63795,289.0,金成时代家园大三房近地铁口,"近地铁
西南
民水民电
电梯房",637.2,57416
盐田,梅沙,万科东海岸一期（美湖居）,3.0,2.0,112.0,398,35535,,万科东海岸美湖居，看海景户型她来啦，红本满五年，高楼层,"新上
东
民水民电
电梯房",358.2,31982
罗湖,东门,华润未来城,4.0,2.0,128.02,900,70301,,华润未来城，新房出售，车位充足，价格可以谈。,"南
民水民电
电梯房
精装修",810.0,63271
罗湖,布心,布心工业住宅,1.0,1.0,42.75,235,54970,238.0,近地铁，住家安静，业主降价20万，配套齐全，随时看房,"近地铁
新上
南
民水民电",211.5,49473
盐田,盐田港,金山碧海,5.0,2.0,171.0,498,29122,,纯复式小区，高实用户型,"东
民水民电
电梯房
有钥匙",448.2,26210
盐田,盐田港,臻湾云庭,2.0,2.0,70.14,160,22811,,次新小区，近地铁，生活配套齐全,"新上
东
民水民电
电梯房",144.0,20530
盐田,盐田港,御景台,4.0,2.0,88.0,350,39772,607.0,（品质次新房）近地铁口8号线，有赠送，高使用率精装四房,"近地铁
新上
西南
民水民电",315.0,35795
盐田,盐田港,泊郡雅苑,4.0,2.0,88.7,360,40586,,泊郡雅苑，精装3房，看房方便，3房2厅,"新上
南
民水民电
电梯房",324.0,36527
盐田,沙头角,建工大厦,1.0,,27.4,120,43795,,建工大厦，小面积单位，居住可以，看房电话,"南
民水民电
带家私",108.0,39416
盐田,沙头角,鹏湾一村,3.0,2.0,93.97,276,29371,404.0,大花园社区，稀有顶楼复式，毗邻壹海城商圈，近地铁口,"近地铁
新上
西北
民水民电",248.4,26434
盐田,沙头角,五十小区,1.0,1.0,33.0,126,38181,773.0,小高层小区，居住居家，轻松上车,"近地铁
新上
南
民水民电",113.4,34363
盐田,沙头角,关前楼,3.0,1.0,76.62,280,36543,913.0,非常近购物天堂，老旧楼梯房，诚意出售，价格可谈,"近地铁
东
民水民电
有钥匙",252.0,32889
盐田,沙头角,福苑,1.0,1.0,36.74,110,29940,209.0,小区旁边田心,"近地铁
新上
南
民水民电",99.0,26946
盐田,沙头角,梅花楼,3.0,2.0,83.13,400,48117,141.0,沙头角梅花楼好房子,"近地铁
南
民水民电
押一付一",360.0,43305
盐田,沙头角,瑞林苑,4.0,2.0,87.06,240,27567,455.0,区政府旁老房子很便宜位置好,"满二年
近地铁
南
民水民电",216.0,24810
盐田,沙头角,鹏瑞北区尚府,1.0,1.0,37.18,100,26896,,次新小区停车位充足业主急卖,"新上
东南
民水民电
电梯房",90.0,24206
盐田,沙头角,鹏瑞北区尚府,1.0,1.0,46.0,100,21739,,次新小区停车位充足近地铁,"新上
南
民水民电
电梯房",90.0,19565
罗湖,黄贝岭,文华花园,3.0,2.0,118.0,450,38135,212.0,近期入手看这套，业主有心卖，配套齐全，租金高，采光通透,"近地铁
西南
民水民电
电梯房",405.0,34322
福田,福田中心区,星河国际,3.0,2.0,123.68,1260,101875,337.0,《星河国际花园》高品质花园小区，经典三房，正南向，满五年红本,"近地铁
东南
民水民电
电梯房",1134.0,91688
南山,蛇口,海上世界双玺花园二期,5.0,2.0,335.0,7800,232835,830.0,A座01户型，非常诚意出售，335平，一线海景，无遮挡，豪装,"近地铁
新上
东南
民水民电",7020.0,209552
南山,蛇口,海上世界双玺花园三期,4.0,2.0,205.0,3600,175609,564.0,高层看海，诚心卖税少，看房方便,"近地铁
新上
东北
民水民电",3240.0,158048
南山,蛇口,海上世界双玺花园二期,4.0,2.0,328.0,5000,152439,830.0,高层看海，户型大气，保养维护很好,"近地铁
新上
南
民水民电",4500.0,137195
宝安,西乡,兴达华府,1.0,1.0,40.0,170,42500,563.0,兴达华府位于107国道与航城大道交汇处紧邻桃源居高楼层视野好,"近地铁
东
民水民电
电梯房",153.0,38250
龙岗,龙岗中心城,尚景花园,3.0,2.0,101.0,368,36435,427.0,清林龙城书包，房子户型好，通风彩光好,"近地铁
新上
南
民水民电",331.2,32792
福田,香蜜湖,温馨家园,4.0,2.0,127.85,1250,97770,456.0,万科温馨家园，小高层南北通四房，户型实用，急卖，价格可谈即看,"近地铁
新上
东南
民水民电",1125.0,87993
南山,西丽,深铁懿府,3.0,2.0,100.0,1130,113000,,南北通透，全新毛坯，业主诚心出售,"东
民水民电
电梯房
有钥匙",1017.0,101700
南山,后海,滨海之窗花园,4.0,2.0,140.65,1498,106505,599.0,新上海岸城旁滨海之窗正南向3房，红本在手满五唯一，出门4地铁,"近地铁
新上
南
民水民电",1348.2,95854
龙岗,布吉,合正丹郡(丹郡花园),4.0,2.0,135.27,380,28091,844.0,地铁口物业端头位大四房,"近地铁
南
民水民电
精装修",342.0,25282
福田,福田中心区,星河国际,4.0,2.0,161.31,1750,108486,337.0,南北通透3+1房、看花园泳池安静、有钥匙随时看房,"近地铁
新上
西南
民水民电",1575.0,97637
宝安,宝安中心区,天健时尚空间名苑,2.0,1.0,47.43,550,115960,400.0,前海摩天轮附近配套设施齐全 2房精装诚心出售,"近地铁
西南
民水民电
电梯房",495.0,104364
宝安,西乡,兴达华府,2.0,1.0,41.9,210,50119,563.0,航城片区刚需三房，诚心卖，看房方便,"近地铁
新上
南
民水民电",189.0,45107
罗湖,翠竹,益田御龙天地华府一期,3.0,2.0,112.0,720,64285,,出证啦！诚心出售，格局方正，12万平米商业综合体,"新上
西北
民水民电
电梯房",648.0,57856
龙岗,葵涌,金海滩旅游度假村,3.0,2.0,100.54,140,13924,,金海滩大三房，户户朝南,"南
民水民电
有钥匙",126.0,12532
南山,后海,滨海之窗花园,3.0,2.0,105.0,1395,132857,599.0,滨海之窗3房朝东南，红本满五不V一，近地铁，诚心卖！,"近地铁
新上
南
民水民电",1255.5,119571
罗湖,洪湖,旺业豪苑,2.0,1.0,48.48,254,52392,498.0,业主诚心出售,"近地铁
西北
民水民电
精装修",228.6,47153
坪山,坪山中心区,龙光玖誉雅筑,3.0,2.0,96.0,270,28125,,龙光玖誉雅楼下就是坪山体育馆，近水库，业主诚心出售，看房方便,"东南
民水民电
精装修
有钥匙",243.0,25312
罗湖,黄贝岭,凤凰路58号大院,2.0,1.0,67.0,350,52238,669.0,业主急售，特降价12万，配套齐全，随时看房,"近地铁
南
民水民电
拎包入住",315.0,47014
南山,蛇口,半岛城邦花园一期,4.0,2.0,135.8,1850,136229,653.0,半岛城邦一期精装海景四房诚心出售,"近地铁
南
民水民电
电梯房",1665.0,122606
罗湖,百仕达,翠苑小区(罗湖),3.0,2.0,87.21,550,63066,556.0,业主有心卖，配套齐全，租金高，采光通透，谈价空间大,"近地铁
南
民水民电
精装修",495.0,56759
宝安,翻身,宝海花园,3.0,2.0,95.0,450,47368,925.0,宝安下一站翻身地铁口阳光温馨好房欢迎您！！！,"近地铁
新上
民水民电
带家电",405.0,42631
南山,蛇口,城市山林一期,3.0,2.0,105.62,990,93732,246.0,城市山林，价格好谈，急卖！,"近地铁
新上
东南
民水民电",891.0,84359
南山,蛇口,城市山林二期,3.0,2.0,132.73,1380,103970,246.0,城市山林二期，高楼层，价格可谈,"近地铁
新上
南
民水民电",1242.0,93573
南山,后海,海月花园（三期）,4.0,2.0,152.69,1850,121160,358.0,看上可议价 海月花园三期152平豪装大四房诚售送入户育才三中,"近地铁
新上
南
民水民电",1665.0,109044
罗湖,翠竹,湖景大厦,3.0,2.0,93.0,500,53763,216.0,深中3房，业主有心卖，配套齐全，租金高，谈价空间大，采光通透,"近地铁
北
民水民电
电梯房",450.0,48387
南山,前海,深业云海湾,3.0,2.0,106.0,1300,122641,,前海·桂湾·梦海大道与桂湾九街交汇处,"新上
西南
民水民电
电梯房",1170.0,110377
南山,蛇口,南海玫瑰园（一期）,2.0,2.0,80.0,760,95000,446.0,一线海景 红本商品房 装修保养好 看房预约,"近地铁
新上
南
民水民电",684.0,85500
罗湖,黄贝岭,朗钜御风庭,1.0,1.0,44.33,230,51883,150.0,降价30万出售，满五年，楼下地铁站,"近地铁
东
民水民电
精装修",207.0,46695
南山,蛇口,半山海景.兰溪谷二期,4.0,2.0,192.0,2150,111979,547.0,南北通透户型好，看海景业主急售,"近地铁
新上
南
民水民电",1935.0,100781
南山,后海,漾日湾畔,3.0,2.0,142.0,1560,109859,347.0,户型方正，通风采光好,"近地铁
新上
民水民电
电梯房",1404.0,98873
南山,南油,信和自由广场,2.0,2.0,71.08,480,67529,368.0,业主诚心出售，户型方正，新装修。,"近地铁
新上
西北
民水民电",432.0,60776
宝安,西乡,新安市场,1.0,1.0,35.7,138,38655,,一房一厅，业主诚心出售，价格可谈,"南
民水民电
电梯房
拎包入住",124.2,34790
盐田,沙头角,桐林花园,4.0,2.0,230.0,920,40000,754.0,急桐林半山豪宅  5房3卫4阳台  南北通透  户型少有税少,"近地铁
南北通
民水民电
电梯房",828.0,36000
南山,南山中心区,海印长城小区一期,2.0,2.0,87.0,750,86206,351.0,花园式小区，环境优美、安静，舒适,"近地铁
新上
民水民电
电梯房",675.0,77585
罗湖,水库,逸湖居,2.0,1.0,53.62,410,76464,360.0,业主有心卖，配套齐全，谈价空间大，采光通透，租金高,"近地铁
东
民水民电
电梯房",369.0,68818
宝安,新安,宝乐花园,4.0,2.0,136.2,550,40381,566.0,大阔绰四房少有放卖户型，新装修拎包即可以入住,"近地铁
东南
民水民电
拎包入住",495.0,36343
罗湖,水库,宁水花园,3.0,2.0,98.0,360,36734,871.0,豪华装修60W，黄金楼层无遮挡,"近地铁
南北通
民水民电
精装修",324.0,33061
福田,景田,天健天骄北庐,3.0,2.0,122.0,1400,114754,,香蜜湖次新三房二厅二卫123平新装修拎包入住,"新上
南
民水民电
电梯房",1260.0,103279
南山,蛇口,湾厦栖游记,1.0,1.0,43.51,298,68490,417.0,栖游记1房1厅 东角头地铁口 花园社区,"近地铁
新上
东
民水民电",268.2,61641
南山,后海,漾日湾畔,4.0,2.0,154.06,2000,129819,347.0,漾日湾畔。南山二外海德。地铁口。红本满五年,"近地铁
新上
南
民水民电",1800.0,116837
宝安,沙井,嘉富新禧花园,4.0,2.0,127.0,530,41732,,【次新大四房】嘉富新禧，业主急售，保养好住家舒适,"新上
南
民水民电
电梯房",477.0,37559
罗湖,洪湖,同乐大厦,4.0,1.0,127.5,430,33725,556.0,桂园的家，近期入手看这套，配套齐全，租金高，谈价空间大,"近地铁
新上
南北通
民水民电",387.0,30352
罗湖,翠竹,益田御龙天地华府一期,3.0,2.0,115.0,880,76521,,格局方正，业主诚心卖，12万平米商业综合体，,"东北
民水民电
电梯房
有钥匙",792.0,68869
罗湖,翠竹,益田御龙天地华府一期,3.0,2.0,96.0,650,67708,,景观好，格局方正，业主诚心出售，12万平米商业综合体,"西南
民水民电
电梯房
有钥匙",585.0,60937
罗湖,翠竹,海洋大厦,1.0,1.0,43.29,230,53130,129.0,近期入手看这套，业主有心卖，配套齐全，租金高，采光通透,"近地铁
北
民水民电
电梯房",207.0,47817
宝安,西乡,德弘基创客居,2.0,2.0,71.28,450,63131,666.0,业主诚心卖，毛坯房，住家舒适，看房随时，税少，大仟里旁边次新,"近地铁
新上
东
民水民电",405.0,56818
福田,莲花,莲花一村,2.0,2.0,75.05,568,75682,527.0,莲花一村，小区中间位置，安静宜居，中低楼层,"近地铁
新上
南北通
民水民电",511.2,68114
宝安,福永,怀德峰景,3.0,2.0,86.3,370,42873,335.0,怀德峰景三房两卫出售，看房方便，价格可谈,"近地铁
新上
南
民水民电",333.0,38586
罗湖,洪湖,合正锦湖逸园,2.0,1.0,78.0,600,76923,731.0,罗湖桂园，业主有心卖，车位充足，采光通透，谈价空间大,"近地铁
北
民水民电
电梯房",540.0,69231
罗湖,翠竹,深宝公司宿舍,2.0,2.0,81.0,630,77777,502.0,业主有心卖，配套齐全，采光通透，谈价空间大，租金高,"近地铁
南
民水民电",567.0,69999
龙岗,大运,嘉亿爵悦公馆,4.0,2.0,86.81,360,41469,812.0,"龙岗大运新城区,次新房，园林优美，实用率高","近地铁
新上
南
民水民电",324.0,37322
罗湖,笋岗,笋岗仓库综合楼,3.0,1.0,72.74,300,41242,430.0,笋岗仓库综合楼，精装修三房，看房预约,"近地铁
北
民水民电
精装修",270.0,37118
南山,前海,港湾丽都花园,3.0,2.0,119.01,833,69994,140.0,大新地铁口 花园社区朝南3+1房 可看大南山前海景观看房方便,"近地铁
新上
南
民水民电",749.7,62995
南山,蛇口,海上世界双玺花园二期,4.0,2.0,253.4,3980,157063,830.0,降价寄卖的，05户型，可以谈的，看房方便，豪华装修，无遮挡,"近地铁
新上
西北
民水民电",3582.0,141357
南山,深圳湾,鸿威海怡湾畔花园,4.0,2.0,142.21,2268,159482,522.0,鸿威海怡湾143平全新毛坯4房，东南南北通透客厅出阳台看海景,"近地铁
新上
东南
民水民电",2041.2,143534
罗湖,翠竹,益田御龙天地华府二期,3.0,2.0,117.0,870,74358,,【益田假日广场 全新小区 住家舒适 楼下地铁商业直达,"西北
民水民电
电梯房
有钥匙",783.0,66922
罗湖,翠竹,益田御龙天地华府一期,3.0,2.0,115.0,950,82608,,12万平米商业综合体，业主诚心出售，格局好，景观好,"东北
民水民电
电梯房
有钥匙",855.0,74347
罗湖,翠竹,益田御龙天地华府一期,3.0,2.0,96.13,880,91542,,业主诚心卖，格局好，景观好，出证啦！,"西南
民水民电
电梯房
拎包入住",792.0,82388
罗湖,翠竹,益田御龙天地华府一期,4.0,2.0,155.0,1350,87096,,出证啦！出证啦！业主诚心卖，格局方正，全新毛坯,"新上
东北
民水民电
电梯房",1215.0,78386
罗湖,翠竹,益田御龙天地华府一期,3.0,2.0,103.0,800,77669,,12万平米商业综合，格局方正，业主诚心出售,"新上
西南
民水民电
电梯房",720.0,69902
罗湖,布心,金洲花园,2.0,2.0,70.22,260,37026,824.0,金洲花园南北通户型方正实用，礼文九年制 近公园,"近地铁
南北通
民水民电
拎包入住",234.0,33323
福田,景田,润丰园,3.0,2.0,90.25,538,59612,255.0,莲花山畔，润丰园，电梯三房，近地铁,"近地铁
新上
东南
民水民电",484.2,53651
南山,蛇口,半岛城邦花园一期,3.0,2.0,120.36,1660,137919,653.0,半岛城邦一期高层海景房 精装3加1房 诚意出售价格可谈,"近地铁
新上
西南
民水民电",1494.0,124127
罗湖,莲塘,祥和花园（一期）,2.0,2.0,72.51,260,35857,346.0,祥和花园可改三房，户型方正实用近地铁近商超，安静居家好位置,"近地铁
东北
民水民电
电梯房",234.0,32271
福田,香蜜湖,香荟雅苑,2.0,2.0,58.89,735,124808,84.0,香荟雅苑，2房，全新装修，带明德实-验中小,"近地铁
新上
北
民水民电",661.5,112327
罗湖,翠竹,花岗石宿舍,3.0,2.0,80.7,420,52044,386.0,花岗石3房，业主换房急卖，价格好谈，满五，带深中，有钥匙,"近地铁
南北通
民水民电
精装修",378.0,46840
盐田,盐田港,四季名门雅居,3.0,2.0,77.87,330,42378,732.0,精装修三房，四季公馆，采光好。,"近地铁
南
民水民电
电梯房",297.0,38140
南山,蛇口,南海玫瑰园（三期）,5.0,2.0,261.13,3680,140925,446.0,南海玫瑰花园三期 前排 复试 4房 保养好 看海景,"近地铁
新上
南
民水民电",3312.0,126832
南山,后海,漾日湾畔,3.0,2.0,107.92,1200,111193,347.0,地铁口南二外漾日湾畔三房业主诚心卖价格可以谈,"近地铁
新上
西南
民水民电",1080.0,100074
坪山,坪山中心区,心海城,3.0,2.0,88.88,220,24752,573.0,心海城，地铁口，看房方便，价格实惠,"近地铁
新上
南
民水民电",198.0,22277
宝安,新安,弘雅花园（三期雅豪轩）,5.0,2.0,264.0,1160,43939,316.0,户型方正 使用率高 通风采光好 近地铁 价格可谈,"近地铁
新上
南北通
民水民电",1044.0,39545
南山,后海,漾日湾畔,4.0,2.0,157.47,1850,117482,347.0,海德本部，阔绰大四房居住舒适,"近地铁
新上
南北通
民水民电",1665.0,105734
福田,香蜜湖,海德园,3.0,2.0,87.17,1300,149133,,香蜜湖次新豪宅  品质天花板  4号楼03户型  30楼以上,"南
民水民电
电梯房
有钥匙",1170.0,134220
南山,前海,深业云海湾,3.0,3.0,116.0,1298,111896,,前海自贸区次新房深业云海湾花园地铁东南向拎包入住前海湾桂湾,"新上
东
民水民电
电梯房",1168.2,100706
南山,前海,太子山庄,5.0,2.0,172.0,930,54069,562.0,太子山庄顶楼复式新装修诚心出售价格好谈,"近地铁
南
民水民电
电梯房",837.0,48662
龙岗,龙岗中心城,远洋新天地（二期）,3.0,2.0,89.0,300,33707,733.0,远洋新天地-地铁口-精装三房-户型方正-满五年急售-看房方便,"近地铁
南
民水民电
电梯房",270.0,30336
龙岗,龙岗中心城,吉祥里豪庭,5.0,2.0,187.24,845,45129,430.0,地铁口 吉祥里 顶楼复式 上下3层使用超50平带100平露台,"近地铁
新上
东南
民水民电",760.5,40616
盐田,沙头角,鹏瑞北区尚府,3.0,2.0,117.61,580,49315,,沙头角次新房，鹏瑞尚府,"新上
南北通
民水民电
电梯房",522.0,44384
坪山,坪山中心区,心海城,3.0,2.0,89.0,215,24157,573.0,心海城，居住舒适，配套成熟，税费少，欢迎咨询,"近地铁
新上
南
民水民电",193.5,21741
南山,蛇口,招商桃花园二期,2.0,2.0,70.74,650,91885,579.0,招商桃花园，朝南2房，中层业主急卖,"近地铁
新上
南
民水民电",585.0,82696
南山,南山中心区,鸿瑞花园一期,4.0,2.0,96.0,850,88541,306.0,鸿瑞花园复式房业主急售,"近地铁
新上
东西通
民水民电",765.0,79687
罗湖,翠竹,益田御龙天地华府一期,3.0,2.0,95.0,698,73473,,罗湖准新房 翠竹外国教學 满二年 看房 探底价私信帮您置好物,"新上
东南
民水民电
电梯房",628.2,66126
福田,上下沙,中洲湾,4.0,2.0,166.0,1600,96385,,南向，看一线深圳湾海景,"新上
南
民水民电
电梯房",1440.0,86746
罗湖,莲塘,曦龙山庄（一期）,3.0,2.0,142.26,568,39926,411.0,口岸物业还价就卖带固定车位的小高层电梯房，原深圳十大明星住宅,"近地铁
新上
南北通
民水民电",511.2,35933
盐田,盐田港,山海四季城,3.0,2.0,75.74,325,42909,,高层！2019次新房（山海四季花园）高层景观好，景观好谈,"新上
东南
民水民电
电梯房",292.5,38618
龙岗,龙岗中心城,中粮祥云广场,1.0,1.0,48.8,100,20491,225.0,龙岗爱联地铁口精装次新房户型通风视野采光好交通购物方便,"近地铁
南
民水民电
电梯房",90.0,18442
罗湖,翠竹,益田御龙天地华府一期,3.0,2.0,104.0,884,85000,,我们出证啦！格局方正，东南向，看东湖水，价格好商量,"新上
东南
民水民电
电梯房",795.6,76500
南山,蛇口,半山海景.兰溪谷一期,4.0,2.0,157.28,1700,108087,633.0,兰溪谷中间楼层，精装修4房2卫，看房约我,"近地铁
南
民水民电
电梯房",1530.0,97278
南山,蛇口,花园城一期,2.0,2.0,75.93,588,77439,322.0,花园城一期，2房，5XX急售,"近地铁
新上
西北
民水民电",529.2,69695
福田,香蜜湖,特发小区,4.0,2.0,96.0,780,81250,368.0,福外本部四房，南北通，实用率高，沃尔码旁，地铁口物业,"近地铁
新上
南
民水民电",702.0,73125
南山,蛇口,海上世界双玺花园三期,5.0,2.0,424.56,8180,192670,564.0,全新毛坯的，没住过，看房随时，可以看海景，5房5卫，降价出售,"近地铁
新上
西南
民水民电",7362.0,173403
宝安,碧海,湾上六座花园,2.0,2.0,68.0,430,63235,445.0,湾上六座花园，大两房，中间楼层，价格可谈，看房方便,"近地铁
西南
民水民电
有钥匙",387.0,56912
宝安,新安,宝民花园(二十四区商住楼),3.0,2.0,77.0,280,36363,622.0,宝民花园位于宝安24区建安一路与创业路交汇处户型方正,"近地铁
西南
民水民电
拎包入住",252.0,32727
南山,后海,澳城花园（一期）,4.0,2.0,192.39,2500,129944,624.0,澳城花园5房送大露台小高层南北通高赠送,"近地铁
新上
南北通
民水民电",2250.0,116950
盐田,盐田港,御景台,3.0,2.0,89.36,280,31333,607.0,小区环境好，价格便宜，适合家庭居住及投资,"近地铁
新上
南
民水民电",252.0,28200
盐田,盐田港,金山碧海,5.0,2.0,87.57,360,41109,,金山碧海复式四房（可改五房），红本在手，万科物业花园小区,"新上
东南
民水民电
电梯房",324.0,36998
南山,蛇口,雍景湾花园,2.0,2.0,80.8,980,121287,787.0,雍景湾，2楼带超大私家花园,"近地铁
新上
东南
民水民电",882.0,109158
南山,蛇口,半岛城邦花园二期,4.0,2.0,172.28,1650,95774,536.0,视野开阔，标准4房，精装修,"近地铁
新上
南
民水民电",1485.0,86197
南山,西丽,万科云城（一期）,3.0,2.0,92.0,465,50543,848.0,万科云城精装3房2厅中间楼层诚意出售,"近地铁
新上
北
民水民电",418.5,45489
宝安,翻身,登科花园,3.0,2.0,103.75,420,40481,,宝安下一站翻身地铁口阳光温馨好房欢迎您！！,"新上
南
民水民电
电梯房",378.0,36433
宝安,桃源居,桃源居十二区,2.0,1.0,57.0,220,38596,378.0,桃源居，200多个上车两房，双地铁，公园就在家门口,"近地铁
新上
民水民电
带家私",198.0,34736
罗湖,莲塘,蕙兰雅居,3.0,2.0,96.25,500,51948,428.0,蕙兰雅居，地铁口物业，精装三房，南北通透，高楼层,"近地铁
南北通
民水民电
电梯房",450.0,46753
宝安,翻身,豪城馨庭居(兴华阁),4.0,2.0,109.97,598,54378,742.0,宝安新安天虹商圈南北通透户型好房欢迎您！！,"近地铁
新上
东南
民水民电",538.2,48940
宝安,西乡,富瑰园,2.0,2.0,74.0,350,47297,537.0,2房 户型使用率高 周边近地铁 配套成熟,"近地铁
新上
东南
民水民电",315.0,42567
南山,蛇口,半岛城邦花园三期,2.0,2.0,84.6,1280,151300,794.0,听海浪，听鸟叫，吹海风，楼下是海边跑道，精装朝南两房，急售,"近地铁
新上
南
民水民电",1152.0,136170
南山,后海,漾日湾畔,3.0,2.0,97.0,1300,134020,347.0,漾日湾畔 精装三房 朝南 看花园 安静！,"近地铁
新上
东南
民水民电",1170.0,120618
南山,后海,海月花园（一期）,4.0,2.0,124.0,990,79838,401.0,可议价 海月花园精装4+1房急售 送100平花园 育才三中,"近地铁
新上
南
民水民电",891.0,71854
南山,后海,蔚蓝海岸社区二期,4.0,2.0,157.5,1650,104761,226.0,蔚蓝二期赠送私家花园，双龙抱珠四房户型，急卖。,"近地铁
新上
南北通
民水民电",1485.0,94285
南山,南油,新一代大厦,1.0,1.0,37.79,260,68801,565.0,端头位置北师大附中景观好近地铁,"近地铁
新上
西
民水民电",234.0,61921
福田,八卦岭,鹏盛村,1.0,1.0,38.82,160,41215,137.0,鹏盛村 好房推荐！业主急售 价格可谈 有空间！钥匙看房！,"近地铁
北
民水民电
精装修",144.0,37094
南山,蛇口,南海玫瑰园（一期）,5.0,2.0,253.51,3500,138061,446.0,南海玫瑰园一期 前排 复试 5房 装修保养好 看房方便,"近地铁
新上
南北通
民水民电",3150.0,124255
罗湖,布心,悦峰华府,3.0,2.0,67.0,310,46268,712.0,业主有心卖，配套齐全，谈价空间大，租金高，采光通透,"近地铁
新上
东
民水民电",279.0,41641
福田,香蜜湖,香格丽苑,2.0,2.0,78.67,950,120757,180.0,香蜜湖公园旁香格丽苑新出大两房配套齐全装修保养好业主急售,"近地铁
西北
民水民电
拎包入住",855.0,108681
福田,香蜜湖,海德园,4.0,2.0,249.0,4500,180722,,海德园大平层精装出售层高3.5米舒适,"南北通
民水民电
电梯房
有钥匙",4050.0,162650
坪山,坪山中心区,恒大城,5.0,2.0,155.0,480,30967,,周边配套成熟，双地铁口，随时看房，欢迎看房,"西南
民水民电
电梯房
精装修",432.0,27870
福田,香蜜湖,海德园,4.0,2.0,195.0,3200,164102,,海德园 低楼层 安静看小区园林,"新上
南北通
民水民电
电梯房",2880.0,147692
罗湖,人民南,熙龙大厦,3.0,2.0,56.69,240,42335,142.0,罗湖口岸，人民南站、国贸站—熙龙大厦57平3房，全新急卖,"近地铁
新上
西南
民水民电",216.0,38102
坪山,坪山中心区,深业东城上邸,5.0,2.0,158.13,400,25295,429.0,花园社区，户型方正实用，业主诚心出售，红本在手满2年,"近地铁
南
民水民电
电梯房",360.0,22766
南山,蛇口,花园城一期,3.0,2.0,94.77,850,89690,322.0,地铁口物业花园城三房安静不吵视野好,"近地铁
新上
东南
民水民电",765.0,80721
南山,南山中心区,海印长城小区二期,2.0,2.0,75.86,688,90693,382.0,海岸城旁地铁口标准2房学府,"近地铁
新上
北
民水民电",619.2,81624
罗湖,莲塘,雍翠豪园,1.0,1.0,39.72,188,47331,251.0,便利户型好安静带20平花园,"近地铁
新上
西
民水民电",169.2,42598
罗湖,笋岗,万象华府,2.0,2.0,77.7,625,80437,,万象华府，笋岗中芯，精装修两房，业主诚心出售，价格好商量,"西
民水民电
电梯房
精装修",562.5,72393
罗湖,翠竹,竹园东区住宅,3.0,2.0,82.52,400,48473,,竹园东新上3房，全新装修，视野开阔，看怡景别墅翠竹山景观,"新上
南北通
民水民电
拎包入住",360.0,43626
南山,深圳湾,卓越维港名苑(北区),4.0,2.0,143.0,2180,152447,433.0,维港北4房南北通透，双龙抱珠，前后阳台,"近地铁
新上
东南
民水民电",1962.0,137202
南山,深圳湾,恒裕滨城花园（二期）,4.0,2.0,166.72,4000,239923,166.0,东向，看海景，住家装修，看房方便，价格可以谈,"近地铁
西
民水民电
电梯房",3600.0,215931
南山,蛇口,半岛城邦花园四期,2.0,2.0,117.0,1550,132478,674.0,半岛城邦花园四期 2房 朝南 看海景 保养好,"近地铁
新上
南
民水民电",1395.0,119230
罗湖,翠竹,金福大厦,2.0,2.0,64.5,275,42635,148.0,金福大夏两房业主急售价格可谈，近地铁，读翠竹外国语，税费少,"近地铁
西南
民水民电
电梯房",247.5,38372
福田,福田中心区,皇家翠苑,3.0,2.0,124.63,7500,601781,485.0,经济实用3房，业主诚心卖，看房方便,"近地铁
南
民水民电
电梯房",6750.0,541603
南山,南油,信和自由广场,3.0,2.0,87.0,700,80459,368.0,信和自由广场 近地铁 西南户型 商圈成熟 三房 交通便利,"近地铁
新上
西北
民水民电",630.0,72413
南山,南山中心区,海印长城小区二期,2.0,2.0,75.0,665,88666,382.0,新上南山核心区海印长城2房，户型方正，红本在手，下楼书城地铁,"近地铁
新上
北
民水民电",598.5,79799
盐田,沙头角,合景同创广场,3.0,2.0,96.0,210,21875,,8号线地铁口物业，次新小区，毛坯，东南向，高楼层,"新上
东南
民水民电
电梯房",189.0,19688
龙岗,龙岗中心城,琳珠华庭,2.0,1.0,59.0,105,17796,709.0,一手业主换房诚心出售，看房方便，看上价格可谈,"近地铁
新上
南
民水民电",94.5,16016
龙岗,龙岗中心城,一城峰景(颐景峰苑),2.0,2.0,68.0,200,29411,423.0,南联低总价小二房，满二年税少，性价比高业主诚心出售价格可谈,"近地铁
新上
东南
民水民电",180.0,26470
龙岗,龙岗中心城,徽王府,3.0,2.0,79.0,259,32784,171.0,爱地花园二期 实用3房 朝南 满5年 地铁口 周边配套齐全,"近地铁
新上
南
民水民电",233.1,29506
罗湖,翠竹,德弘天下华府,3.0,2.0,81.23,600,73864,450.0,次新盘，深中书包，配套完善,"近地铁
新上
东北
民水民电",540.0,66478
龙岗,布吉,知春里,2.0,2.0,64.89,226,34828,336.0,知春里 户型好 实用率高 价可谈 住家首选 拎包入住 地铁口,"近地铁
东南
民水民电
电梯房",203.4,31345
龙岗,龙岗中心城,桑泰龙樾,2.0,2.0,69.0,180,26086,,家门口仙田，周边配套齐全，交通便利,"新上
南
民水民电
电梯房",162.0,23477
南山,蛇口,城市山林二期,3.0,2.0,130.0,1280,98461,246.0,华联城市山林，大4房，地铁口物业,"近地铁
新上
南北通
民水民电",1152.0,88615
罗湖,翠竹,翠都花园,3.0,2.0,77.96,420,53873,142.0,近期入手的看过来，房子很好，业主诚心卖,"近地铁
南
民水民电
带家私",378.0,48486
盐田,梅沙,海世界,2.0,1.0,63.4,798,125867,,看一线海景楼下商业配套齐全，楼下地铁站，出行方便,"东南
民水民电
电梯房
精装修",718.2,113280
盐田,梅沙,优品艺墅,2.0,1.0,69.92,135,19307,,优品艺墅 精装两房 看房随时方便,"西南
民水民电
电梯房
拎包入住",121.5,17376
南山,蛇口,半山海景.兰溪谷二期,2.0,2.0,71.0,810,114084,547.0,来了看 看就知道什么才是漂亮的房子 半山海景兰溪谷精装一房,"近地铁
新上
东北
民水民电",729.0,102676
龙岗,龙岗中心城,和兴花园四期(和熙苑),3.0,2.0,112.99,350,30976,690.0,南北通透 安静看花园中间楼层 红本看房约,"近地铁
新上
南北通
民水民电",315.0,27878
宝安,宝安中心区,西城雅筑,2.0,2.0,63.71,496,77852,483.0,宝中标准大两房，低总价，书包房,"近地铁
新上
西
民水民电",446.4,70067
南山,蛇口,海上世界双玺花园二期,5.0,2.0,335.0,6500,194029,830.0,全海景，大阳台，南北通透，全新装修，没有住过人,"近地铁
新上
东南
民水民电",5850.0,174626
盐田,梅沙,海世界,1.0,1.0,54.11,145,26797,,业主有心卖，看房方便，房子不错,"东南
民水民电
电梯房
精装修",130.5,24117
罗湖,翠竹,深宝公司宿舍,3.0,2.0,81.23,500,61553,502.0,小区位于罗湖田贝二路，1989年竣工，共有16栋多层组成。开,"近地铁
新上
南北通
民水民电",450.0,55398
南山,蛇口,半山海景.兰溪谷二期,2.0,2.0,83.0,950,114457,547.0,蛇口，兰溪谷二期：2房，视野开阔，采光通风极好，双育才,"近地铁
新上
民水民电
电梯房",855.0,103011
南山,蛇口,南海玫瑰园（一期）,4.0,2.0,146.39,1499,102397,446.0,南山蛇口一线海景花园社区，中间楼层，诚信出售，看房约我,"近地铁
新上
东南
民水民电",1349.1,92157
罗湖,翠竹,化工大院,2.0,2.0,66.84,500,74805,116.0,精装两房，近地铁站，近公园，购物方便,"近地铁
南
民水民电
拎包入住",450.0,67324
宝安,新安,恒丰工业城,2.0,1.0,56.6,158,27915,,精装2房2厅1卫，朝南，业主诚心出售，恒丰,"南北通
民水民电
拎包入住
可上网",142.2,25124
盐田,沙头角,鹏瑞南区尚府,2.0,2.0,71.87,358,49812,,鹏瑞尚府次新房，南向高楼层。,"西南
民水民电
电梯房
有钥匙",322.2,44831
南山,后海,澳城花园（一期）,4.0,2.0,136.88,2200,160724,624.0,澳城花园育四小三中精装4房,"近地铁
南北通
民水民电
电梯房",1980.0,144652
盐田,梅沙,云顶天海,1.0,1.0,47.0,109,23191,,房子不错，业主诚信卖,"南
民水民电
电梯房
拎包入住",98.1,20872
罗湖,翠竹,华丽园,3.0,2.0,112.64,660,58593,358.0,超市里的 家 业主诚心出售 价格可谈,"近地铁
东南
民水民电
电梯房",594.0,52734
宝安,新安,建安新村,3.0,2.0,93.82,498,53080,312.0,建安新村花园正中间，精装修三房，业主诚心卖,"近地铁
新上
东南
民水民电",448.2,47772
宝安,西乡,万象新天,4.0,2.0,70.85,400,56457,516.0,精装房业主急售,"近地铁
北
民水民电
电梯房",360.0,50811
罗湖,翠竹,海洋大厦,1.0,,38.63,160,41418,129.0,海洋大厦业主诚心出售,"近地铁
新上
西南
民水民电",144.0,37276
龙岗,横岗,信义御城,2.0,1.0,67.0,208,31044,417.0,业主急卖！地铁口物业！精装修保养好！,"近地铁
南
民水民电
电梯房",187.2,27940
宝安,沙井,四海云亭,3.0,2.0,89.27,400,44807,929.0,【后亭站】宝亭锦园 精装标准大三房，舒居实用,"近地铁
新上
南
民水民电",360.0,40326
罗湖,人民南,东方皇宫,2.0,1.0,63.0,225,35714,401.0,东方皇宫，二房一厅，业主诚心出售,"近地铁
西南
民水民电
拎包入住",202.5,32143
宝安,宝安中心区,天健时尚空间名苑,2.0,2.0,60.0,650,108333,400.0,时尚空间：高赠送，楼下就是双地铁商业，户型实用，采光好，诚意,"近地铁
新上
东
民水民电",585.0,97500
南山,蛇口,城市山林一期,3.0,2.0,94.0,888,94468,246.0,大南山脚下华联城市山林3房楼层好,"近地铁
新上
南
民水民电",799.2,85021
南山,南山中心区,海印长城小区一期,2.0,2.0,86.39,820,94918,351.0,南山中轴海印长城3房南向居住舒适,"近地铁
新上
南
民水民电",738.0,85426
罗湖,布心,观山盛苑,3.0,1.0,67.0,258,38507,944.0,新上架！！次新房，停车方便，价格有空间,"近地铁
新上
南
民水民电",232.2,34656
盐田,沙头角,东部山海家园,4.0,2.0,113.0,550,48672,547.0,东部山海家园，地铁口物业，高楼层，东南向，精装修4房,"近地铁
新上
东南
民水民电",495.0,43805
盐田,盐田港,金海雅居,7.0,2.0,86.79,365,42055,,业主急卖价格好商量方便看房,"新上
南
民水民电
电梯房",328.5,37850
宝安,碧海,万象新天（三期）,2.0,2.0,50.45,280,55500,201.0,"2房刚需，楼下即地铁口,租金回报4个点，价格可以大谈","近地铁
东
民水民电
电梯房",252.0,49950
宝安,新安,福城新纪元,4.0,2.0,101.4,620,61143,746.0,新放盘，业主城心出售价格可以谈,"近地铁
南
民水民电
电梯房",558.0,55029
龙岗,大运,佳兆业未来城,3.0,2.0,89.0,390,43820,584.0,佳兆业未来花园，精装三房，保养好诚售，看房方便,"近地铁
新上
南
民水民电",351.0,39438
南山,南油,金海岸大厦,1.0,1.0,38.84,240,61791,480.0,金海岸精致一房一厅，双地跌口，来福士海岸城双商圈，价格空间大,"近地铁
新上
东南
民水民电",216.0,55612
福田,香蜜湖,海德园,4.0,2.0,195.0,2750,141025,,香蜜湖安托山海德园诚意出售看房有钥匙,"南
民水民电
电梯房
有钥匙",2475.0,126922
罗湖,布心,粤海城,3.0,1.0,96.0,420,43750,522.0,新上三房业主诚心卖天河城配套免个税有租约近公园地铁口,"近地铁
新上
南
民水民电",378.0,39375
南山,南油,新一代大厦,1.0,1.0,41.58,300,72150,565.0,南油新一代：1房，精装修，户型好 看中价格可以谈,"近地铁
南
民水民电
电梯房",270.0,64935
福田,宝安南,松园南街23号住宅楼,2.0,2.0,77.0,300,38961,,读红岭小桂园中楼梯房南北通,"新上
南
民水民电
拎包入住",270.0,35065
南山,蛇口,半岛城邦花园二期,5.0,2.0,172.0,1850,107558,536.0,半岛城邦花园二期 高层 4房 保养好 看海景,"近地铁
新上
南北通
民水民电",1665.0,96802
盐田,盐田港,金海雅居,7.0,2.0,90.27,380,42095,,门口就是地铁口业主急卖小高层,"新上
南
民水民电
电梯房",342.0,37886
宝安,桃源居,深业U中心,1.0,1.0,60.0,180,30000,943.0,看房方便，价格可谈,"近地铁
新上
南
民水民电",162.0,27000
南山,深圳湾,太古城花园（南区）,3.0,2.0,78.41,950,121158,163.0,厅出阳台南北通透高楼层视野景观开阔无遮挡业主急售,"近地铁
北
民水民电
电梯房",855.0,109042
罗湖,莲塘,莲花阁,3.0,2.0,80.8,298,36881,507.0,莲花阁，楼层佳，采光好，南北通透三房，红本五年免个税,"近地铁
新上
南
民水民电",268.2,33193
南山,科技园南区,海怡东方花园,2.0,2.0,77.0,780,101298,492.0,科技园南外 海怡东方花园2房 税费少 钥匙在手 诚心出售,"近地铁
新上
北
民水民电",702.0,91168
南山,深圳湾,太古城花园（南区）,1.0,1.0,42.49,516,121440,163.0,厅出阳台南北通透高楼层标准一室一厅业主满5年急售,"近地铁
新上
西南
民水民电",464.4,109296
龙华,观澜,观澜湖露诗达,6.0,3.0,700.69,8000,114173,,独栋别墅，有拓展，大花园，实图，看高尔夫景观，观澜湖,"新上
东南
民水民电
电梯房",7200.0,102756
盐田,梅沙,八十步海寓（海丽晶商住园）,2.0,2.0,103.9,188,18094,,少有的大面积户型，装修保养好，带露台,"民水民电
拎包入住
可上网
精装修",169.2,16285
南山,南油,新一代大厦,1.0,1.0,41.58,245,58922,565.0,新一代 南向 1房1厅 户型不错 看中价格可以商议,"近地铁
新上
南
民水民电",220.5,53030
龙岗,龙岗中心城,万科时代广场（商办),3.0,2.0,64.0,255,39843,298.0,龙岗中某心城，小户型，商业配套成熟，双地铁口,"近地铁
新上
东
民水民电",229.5,35859
罗湖,洪湖,翠盈嘉园,2.0,2.0,55.92,228,40772,736.0,255万急售 总价低 近地铁 带桂园学..位,"近地铁
北
民水民电
电梯房",205.2,36695
南山,蛇口,花园城五期,2.0,2.0,67.0,610,91044,203.0,蛇口花园城安静两房，地铁口，满五唯一税费少,"近地铁
新上
南
民水民电",549.0,81940
罗湖,翠竹,海洋大厦,1.0,,37.0,190,51351,129.0,翠竹书包家楼下翠竹地铁50米益田假日广场100米,"近地铁
新上
南
民水民电",171.0,46216
罗湖,黄贝岭,怡景别墅,9.0,3.0,524.0,4800,91603,517.0,怡景别墅，市中芯的独栋别墅，可塑性强,"近地铁
南
民水民电
带家私",4320.0,82443
宝安,西乡,德弘基创客居,4.0,2.0,119.33,739,61929,666.0,坪洲地铁口，大仟里旁，精装大4房，满五唯一,"近地铁
新上
西南
民水民电",665.1,55736
罗湖,水库,泰宁花园（多层）,2.0,1.0,46.17,180,38986,852.0,全新豪华装修拎包入住，低总价就可以买两房，位置好,"近地铁
新上
西南
民水民电",162.0,35087
南山,华侨城,美庐锦园,4.0,2.0,166.0,1250,75301,396.0,美庐锦园166平4房南北通拎包入住,"近地铁
新上
南
民水民电",1125.0,67771
福田,香蜜湖,香格丽苑,3.0,2.0,110.48,1500,135771,180.0,小区目前在出售状态较好业主诚心出售,"近地铁
新上
东南
民水民电",1350.0,122194
南山,后海,蔚蓝海岸社区二期,3.0,2.0,108.97,998,91584,226.0,紧邻地铁口，高层三房两卫，看深圳湾人才公园,"近地铁
新上
南北通
民水民电",898.2,82426
南山,后海,滨海之窗花园,4.0,2.0,149.0,1700,114093,599.0,户型方正，通风采光好,"近地铁
新上
东南
民水民电",1530.0,102684
南山,蛇口,半岛城邦花园一期,2.0,2.0,86.86,950,109371,653.0,半岛城邦花园一期 2房 装修好 看花园 诚心卖,"近地铁
新上
南
民水民电",855.0,98434
南山,西丽,西湖林语名苑,4.0,2.0,169.45,1400,82620,94.0,大学城超笋盘大复式。产面170平、使用面积高达300平、急卖,"近地铁
南
民水民电
电梯房",1260.0,74358
龙华,红山,七里香榭（一期）,2.0,2.0,74.36,370,49757,934.0,红山片区，七里香榭2+1房，中间楼层，诚心出售,"近地铁
南
民水民电
电梯房",333.0,44781
龙岗,龙岗中心城,佳馨园,4.0,2.0,106.53,229,21496,424.0,业主诚售 装修保养好 近地铁,"近地铁
新上
南北通
民水民电",206.1,19346
南山,科技园南区,滨福世纪广场,1.0,1.0,46.07,660,143260,317.0,新售滨福世纪广场南外科苑高新空可看房谈价更多房源信息打电话聊,"近地铁
东南
民水民电
电梯房",594.0,128934
南山,科技园南区,滨福世纪广场,1.0,1.0,45.93,650,141519,317.0,新售滨福世纪广场南外科苑高新空可看房谈价更多房源打电话沟通,"近地铁
新上
东
民水民电",585.0,127367
坪山,坪山中心区,恒大城,3.0,2.0,82.0,280,34146,,恒大城一起，大花园居住舒适,"新上
东南
民水民电
电梯房",252.0,30731
罗湖,人民南,金城大厦,1.0,1.0,37.17,120,32284,380.0,繁华地段 总价少的好房 出门地铁站,"近地铁
西
民水民电
电梯房",108.0,29056
福田,香蜜湖,温馨家园,4.0,2.0,132.0,1500,113636,456.0,温馨家园四房小高层实用率高户型佳安静诚意出售,"近地铁
东
民水民电
电梯房",1350.0,102272
南山,后海,漾日湾畔,2.0,2.0,78.0,938,120256,347.0,业主急卖！漾日湾畔 精装大二房 高楼层 采光好！,"近地铁
新上
北
民水民电",844.2,108230
罗湖,翠竹,华丽园,4.0,2.0,100.7,620,61569,369.0,稀罕户型 华大丽园小区 大4房  深中- 卖黄金楼层,"近地铁
新上
南北通
民水民电",558.0,55412
南山,深圳湾,恒裕滨城花园（一期）,3.0,2.0,113.0,2180,192920,192.0,南北通透，满5年，看房方便，住家装修,"近地铁
东南
民水民电
电梯房",1962.0,173628
南山,深圳湾,恒裕滨城花园（二期）,7.0,3.0,228.0,16800,736842,166.0,三层复式，全海景，大阳台，看房方便,"近地铁
南
民水民电
电梯房",15120.0,663158
福田,香蜜湖,都市阳光名苑,2.0,2.0,72.77,535,73519,145.0,车公庙地铁口 精装两房 朝南向深高南,"近地铁
新上
南
民水民电",481.5,66167
南山,蛇口,万科蛇口公馆,3.0,2.0,101.9,997,97841,114.0,万科蛇口公馆，3房，诚心卖,"近地铁
新上
西南
民水民电",897.3,88057
南山,后海,蔚蓝海岸社区三期,3.0,2.0,116.91,1280,109485,293.0,后海总部基地，双地铁地段，东南大三房正出阳台看海景,"近地铁
新上
东南
民水民电",1152.0,98536
盐田,盐田港,御景台,4.0,2.0,119.68,310,25902,607.0,地铁口复式4房3卫，红本满5年，南向真复式，超高性价比,"近地铁
新上
南北通
民水民电",279.0,23312
福田,香蜜湖,海德园,3.0,2.0,89.0,1330,149438,,香蜜湖海德园，新上高层朝南三房，视野开阔，深高护航，急卖,"新上
南
民水民电
电梯房",1197.0,134494
南山,蛇口,招商桃花园一期,3.0,2.0,90.42,745,82393,349.0,此房价格690万左右会卖，装修保养好，欢迎咨询,"近地铁
新上
西南
民水民电",670.5,74154
福田,香蜜湖,海德园,4.0,2.0,161.0,2800,173913,,海德园高楼层海景价格可谈业主诚心卖,"南北通
民水民电
电梯房
有钥匙",2520.0,156522
罗湖,莲塘,仙桐御景家园,3.0,2.0,92.84,410,44161,375.0,一手毛坯大三房，西北向高楼层看山景，有钥匙看房，近地铁配套齐,"近地铁
西北
民水民电
电梯房",369.0,39745
罗湖,莲塘,鹿茵翠地,5.0,2.0,96.54,880,91153,697.0,两层半复式大四房，实用近180平米，看园林景观安静，近地铁站,"近地铁
新上
东
民水民电",792.0,82038
南山,后海,海月花园（一期）,5.0,2.0,224.98,2350,104453,401.0,海月花园 225平中空复式5房诚售一楼送花园送车位 育才三中,"近地铁
新上
南北通
民水民电",2115.0,94008
宝安,新安,财富港大厦,1.0,1.0,35.0,310,88571,402.0,财富港大厦一共分为4栋，该小区是全深圳一本不动产证拥有2套房,"近地铁
新上
南
民水民电",279.0,79714
罗湖,黄贝岭,怡景花园,3.0,1.0,62.36,285,45702,143.0,与别墅为邻 怡景花园三房 厅出阳台  中间楼层满五年税费少,"近地铁
南北通
民水民电
有钥匙",256.5,41132
龙岗,布吉,吉星花园,3.0,1.0,80.0,188,23500,881.0,布吉吉星花园多层三房使用面积大业主诚心出售价格可谈,"近地铁
新上
民水民电
拎包入住",169.2,21150
南山,华侨城,侨城豪苑,2.0,2.0,65.4,500,76452,315.0,双地铁，小户型住家温馨。价格好商量,"近地铁
新上
北
民水民电",450.0,68807
南山,南山中心区,海印长城小区二期,2.0,2.0,74.0,689,93108,382.0,地铁口学府南二外海印长城二期业主诚心卖价格可以谈,"近地铁
新上
北
民水民电",620.1,83797
罗湖,黄贝岭,海珑华苑,2.0,1.0,76.88,300,39021,498.0,海珑华苑，业主急需资金出售，价格可大刀，满五红本，螺岭已毕业,"近地铁
东
民水民电
电梯房",270.0,35119
龙岗,龙岗中心城,天健花园（三期）,3.0,2.0,109.92,380,34570,411.0,天健郡城精装修三房位置安静满五税少诚心出售价格可谈,"近地铁
新上
南北通
民水民电",342.0,31113
龙华,龙华中心,华盛珑悦花园,2.0,1.0,44.0,240,54545,898.0,户型方正实用，配套完善，业主诚心卖方,"近地铁
新上
东南
民水民电",216.0,49090
南山,西丽,宝能城花园(西区),4.0,2.0,122.0,1060,86885,560.0,阳台朝花园安静 双阳台南北通透 宝能城西区四房二厅出售,"近地铁
新上
南
民水民电",954.0,78196
南山,蛇口,海上世界双玺花园三期,4.0,3.0,367.45,7800,212273,564.0,双玺花园三期，毛坯，没住过，一线大海，东南，降价可以谈,"近地铁
新上
南
民水民电",7020.0,191046
宝安,桃源居,润科华府（一期）,4.0,2.0,134.66,550,40843,844.0,润科高层南北通透，大4房，满五唯一，看园林游泳池,"近地铁
南
民水民电
电梯房",495.0,36759
南山,蛇口,南海玫瑰园（二期）,3.0,2.0,127.0,1200,94488,446.0,一线临海，精装三房，南北通满五年，看海景，诚售仅1199万,"近地铁
新上
南
民水民电",1080.0,85039
南山,蛇口,半山海景.兰溪谷一期,4.0,2.0,147.0,1520,103401,633.0,海上世界地铁口，依山而居，南北通满五年，双育才仅1488万,"近地铁
新上
民水民电
电梯房",1368.0,93061
罗湖,地王,one39,1.0,,44.0,160,36363,376.0,罗湖河心区域，楼下地铁，对面万象城商圈,"近地铁
新上
东
民水民电",144.0,32727
南山,后海,澳城1618（二期）,4.0,2.0,89.79,2000,222741,,深圳湾1618，南北通高赠送四房，带百平大花园，仅售19XX,"新上
东南
民水民电
电梯房",1800.0,200467
宝安,新安,恒丰工业城,1.0,1.0,45.0,100,22222,,业主急卖恒丰工业城近平峦山地铁站钟屋南地铁站精装修拎包入住,"东南
民水民电
电梯房
有钥匙",90.0,20000
南山,深圳湾,恒裕滨城花园（一期）,3.0,2.0,145.85,2400,164552,192.0,恒裕滨城一期145平精装3套房，南北通透南北双阳台，仅需契税,"近地铁
新上
东南
民水民电",2160.0,148097
南山,蛇口,半岛城邦花园四期,1.0,1.0,88.0,1388,157727,674.0,半岛城邦四期海景二房拎包入住,"近地铁
新上
南
民水民电",1249.2,141954
南山,蛇口,海上世界双玺花园三期,1.0,1.0,88.8,1038,116891,564.0,看海，88平，降价急卖，便宜，可以谈，可以看的,"近地铁
新上
东
民水民电",934.2,105202
南山,蛇口,海上世界双玺花园三期,1.0,1.0,88.45,985,111362,564.0,海上世界一线临海，精装两房，凤凰楼层，满五年，急售仅96X万,"近地铁
南
民水民电
电梯房",886.5,100226
龙华,龙华中心,风和日丽花园,2.0,2.0,70.0,280,40000,,社区成熟、人气旺盛，相对于周边小区价格也实惠,"新上
南北通
民水民电
拎包入住",252.0,36000
宝安,西乡,兴达华府,1.0,1.0,31.42,135,42966,563.0,小户型温馨一房一厅过度首选,"近地铁
新上
南
民水民电",121.5,38669
宝安,沙井,星河荣御花苑（三期）,4.0,2.0,115.0,550,47826,,户型方正，高楼层，采光好，住家舒适，次新房,"新上
南
民水民电
电梯房",495.0,43043
罗湖,黄贝岭,锦绣大厦,1.0,1.0,43.6,210,48165,623.0,锦绣大厦，一房一厅，螺岭，价格可谈，满五年，诚售,"近地铁
东
民水民电
电梯房",189.0,43348
南山,后海,滨海之窗花园,3.0,2.0,104.0,1380,132692,599.0,海德本部  门店就在楼下 让孩子赢未来 手里多套笋盘 电联,"近地铁
新上
民水民电
电梯房",1242.0,119423
南山,后海,滨海之窗花园,3.0,2.0,103.28,1350,130712,599.0,南二外海德本部滨海之窗经典三房读书家门口家人少操心,"近地铁
新上
北
民水民电",1215.0,117641
盐田,沙头角,山海阳光园,3.0,2.0,114.5,328,28646,,山海阳光 地铁口200米 双阳台朝南  可以四房 税费少,"新上
东北
民水民电
电梯房",295.2,25781
龙岗,龙岗中心城,依山郡花园（三期）,3.0,2.0,90.0,368,40888,401.0,深中书包在依山郡大社区业主急售看房方便,"近地铁
南
民水民电
电梯房",331.2,36799
南山,深圳湾,恒裕滨城花园（二期）,3.0,2.0,83.0,2099,252891,166.0,大三房，住家装修，拎包入住，看房方便,"近地铁
新上
南
民水民电",1889.1,227602
盐田,沙头角,卓越荣津瀚海湾名庭,2.0,2.0,70.0,205,29285,,急出！没入住精装朝南大2房，可看海，品质小区，随时入住,"新上
西南
民水民电
电梯房",184.5,26356
罗湖,布心,观山盛苑,2.0,2.0,66.53,318,47797,944.0,观山盛苑，业主急卖，随时可以看房，居家首选。,"近地铁
新上
南
民水民电",286.2,43017
南山,蛇口,南海玫瑰园（二期）,4.0,2.0,223.0,3600,161434,446.0,南海玫瑰花园二期高层海景5房经典户型住家首先税费低地铁口物业,"近地铁
新上
南
民水民电",3240.0,145291
南山,深圳湾,恒裕滨城花园（一期）,3.0,2.0,112.56,2300,204335,192.0,南北通透，拎包入住，看房方便，价格可以谈,"近地铁
东北
民水民电
电梯房",2070.0,183902
南山,深圳湾,恒裕滨城花园（一期）,4.0,2.0,165.0,3800,230303,192.0,本人就在楼下办公，从事地产10年，值得信奈！,"近地铁
新上
南
民水民电",3420.0,207273
南山,深圳湾,恒裕滨城花园（一期）,3.0,2.0,113.0,2300,203539,192.0,南北通透，双阳台，住家装修，看房方便,"近地铁
新上
西南
民水民电",2070.0,183185
罗湖,布心,观山盛苑,2.0,2.0,48.0,220,45833,944.0,罗湖二手房，商业齐全，交通便利，拎包入住,"近地铁
南
民水民电
电梯房",198.0,41250
宝安,碧海,碧海君庭,3.0,2.0,88.04,590,67014,311.0,碧海双地铁次新小区三房诚心出售，樱花园林小区，通勤宝中南山福,"近地铁
南北通
民水民电
电梯房",531.0,60313
南山,蛇口,南海玫瑰园（二期）,2.0,2.0,80.49,800,99391,446.0,海上世界旁南海玫瑰园二期二房安静不吵,"近地铁
新上
东南
民水民电",720.0,89452
盐田,沙头角,海山道1号,2.0,2.0,78.65,275,34965,299.0,地铁口精装两房出售,"近地铁
北
民水民电
电梯房",247.5,31468
南山,蛇口,海上世界双玺花园二期,3.0,2.0,335.0,5680,169552,830.0,01户型，低层，降价便宜，全海景，豪装，随时看，无遮挡,"近地铁
新上
东南
民水民电",5112.0,152597
罗湖,莲塘,仙湖明居,5.0,2.0,251.49,1620,64416,553.0,仙湖脚下，豪宅必看,"近地铁
新上
南
民水民电",1458.0,57974
罗湖,洪湖,中信星光名庭,3.0,2.0,113.69,690,60691,679.0,中信星光名庭 全明户型 业主诚心出售价格好谈 看房随时方便,"近地铁
新上
南
民水民电",621.0,54622
宝安,宝安中心区,新锦安海纳公馆,3.0,2.0,89.0,1000,112359,569.0,海纳公馆：南北通透，户型方正安静，地段好，楼下就是商业,"近地铁
北
民水民电
电梯房",900.0,101123
宝安,新安,中粮天悦壹号,3.0,2.0,88.23,688,77978,669.0,南北通透 户型舒服 精装修,"近地铁
新上
西北
民水民电",619.2,70180
南山,深圳湾,太古城花园（南区）,2.0,2.0,61.78,789,127711,163.0,东南向视野开阔大2房满5年业主急售,"近地铁
新上
东北
民水民电",710.1,114940
南山,深圳湾,太古城花园（南区）,3.0,2.0,88.06,1200,136270,163.0,客厅出阳台南北通透视野开阔无遮挡业主急售满5年,"近地铁
新上
西南
民水民电",1080.0,122643
宝安,新安,中粮大悦城,4.0,2.0,224.31,2010,89608,494.0,超大平层，超级舒服，超级NICS,"近地铁
新上
东南
民水民电",1809.0,80647
龙岗,布吉,信义假日名城(一期沁芳园),3.0,2.0,92.0,320,34782,518.0,信义性价比 便宜的房子，南北通透大三房，双阳台，看房有锁匙。,"近地铁
新上
南
民水民电",288.0,31304
盐田,沙头角,海滨花园(盐田),2.0,2.0,85.13,258,30306,247.0,海滨花园 关口物业 东南向 层高4.5米,"近地铁
新上
东南
民水民电",232.2,27275
大鹏,大鹏,承翰半山海,4.0,2.0,86.0,260,30232,,半山海海景三房,"新上
民水民电
拎包入住
可上网",234.0,27209
南山,后海,滨海之窗花园,3.0,2.0,105.0,1400,133333,599.0,海德本部  门店就在楼下 让孩子赢未来 手里多套笋盘 电联,"近地铁
新上
东北
民水民电",1260.0,120000
盐田,盐田港,佳兆业二期御景佳园,5.0,2.0,145.79,500,34295,,(南北通透精装五房)高楼层采光充足视野好业主诚心卖看房方便,"南北通
民水民电
电梯房
精装修",450.0,30866
盐田,沙头角,半山悦海,4.0,2.0,133.0,628,47218,858.0,高层南北通透！看梧桐山景！地铁口20米！满5年！业主一套税少,"近地铁
新上
南
民水民电",565.2,42496
南山,深圳湾,卓越维港名苑(北区),4.0,2.0,142.72,2350,164658,433.0,深圳湾新出好房装修漂亮4房2厅2卫景观好,"近地铁
新上
东南
民水民电",2115.0,148192
罗湖,翠竹,湖景大厦,3.0,2.0,92.55,600,64829,216.0,湖景大厦，锦田和深中，大三房，采光通透，居住舒适,"近地铁
新上
北
民水民电",540.0,58346
南山,南山中心区,鸿瑞花园三期,2.0,2.0,74.37,660,88745,271.0,南山十大楼盘，南山忠芯，南二外书包，花园式社区,"近地铁
新上
民水民电
精装修",594.0,79870
南山,前海,卓越前海一号,1.0,2.0,89.65,918,102398,372.0,前海壹号 桂湾站 诚心出售 配套齐全 景观好 拎包住,"近地铁
南
民水民电
电梯房",826.2,92158
南山,南山中心区,鸿瑞花园一期,3.0,2.0,131.03,950,72502,306.0,鸿瑞花园.南山地铁口物业。看房有密码。复式,"近地铁
新上
南北通
民水民电",855.0,65252
南山,后海,澳城1618（二期）,4.0,2.0,87.79,2500,284770,,深圳高赠送户之一、带100多平私家花园、地铁口物业,"南北通
民水民电
电梯房
拎包入住",2250.0,256293
南山,后海,蔚蓝海岸社区二期,2.0,2.0,74.9,700,93457,226.0,深圳湾2房低总价地铁口精装可入住,"近地铁
新上
南
民水民电",630.0,84111
南山,蛇口,半岛城邦花园四期,2.0,2.0,113.0,1720,152212,674.0,半岛四期，2房，诚心卖，看海景,"近地铁
新上
南
民水民电",1548.0,136991
罗湖,人民南,长丰苑,3.0,1.0,62.0,210,33870,353.0,春风路 总价2字头 临地铁口3房 税费低 业主置换急售,"近地铁
南
民水民电
电梯房",189.0,30483
盐田,沙头角,建工大厦,1.0,,32.78,60,18303,,沙头角口岸 一房 东南向 采光好 业主急卖 价格美丽 方便看,"新上
南
民水民电
精装修",54.0,16473
南山,南山中心区,鸿瑞花园一期,3.0,2.0,120.38,980,81408,306.0,鸿瑞花园三房精装修价钱可谈,"近地铁
新上
民水民电
电梯房",882.0,73267
南山,蛇口,半岛城邦花园四期,2.0,2.0,88.0,920,104545,674.0,笋！半岛城邦四期88平精致一房舒适园林和海景观诚售看约可谈,"近地铁
新上
南
民水民电",828.0,94090
宝安,沙井,西荟城（二期）,3.0,2.0,88.89,350,39374,970.0,买房带精装修，景观好，无遮挡，品牌物业,"近地铁
新上
西
民水民电",315.0,35437
宝安,碧海,幸福港湾尚品居,4.0,2.0,133.0,850,63909,877.0,幸福港湾尚品居,"近地铁
新上
西北
民水民电",765.0,57518
罗湖,新秀,龙景花园,4.0,2.0,147.52,530,35927,483.0,费用少，降价20万，住家安静，大社区，看房方便,"近地铁
南北通
民水民电
电梯房",477.0,32334
南山,南山中心区,鸿瑞花园一期,3.0,2.0,107.4,800,74487,306.0,地铁口学府南二外鸿瑞花园三房业主诚心卖价格可以谈,"近地铁
新上
东
民水民电",720.0,67038
南山,南山中心区,鸿瑞花园一期,2.0,2.0,75.55,530,70152,306.0,笋！鸿瑞花园一期75平精致标准两房周边醇熟配套诚心出售看约,"近地铁
新上
南
民水民电",477.0,63137
南山,深圳湾,太古城花园（南区）,3.0,1.0,59.0,899,152372,163.0,2卧可改3卧高楼层通风采光好满5年业主急售,"近地铁
新上
西南
民水民电",809.1,137135
坪山,坪山中心区,东城国际,3.0,2.0,89.63,238,26553,558.0,东晟时代花园位于坪山新区中山大道与锦龙大道交界处东北侧,"近地铁
新上
南
民水民电",214.2,23898
宝安,沙井,京基御景珑庭,4.0,2.0,132.01,450,34088,915.0,业主诚心出售，房子保护的很好，价格可以谈,"近地铁
新上
东南
民水民电",405.0,30679
罗湖,水库,东湖丽苑,2.0,2.0,60.0,240,40000,636.0,东湖丽苑，安静栋数，中间楼层，谈价空间大，看房有钥匙,"近地铁
南
民水民电
有钥匙",216.0,36000
罗湖,翠竹,环卫小区,3.0,2.0,74.0,335,45270,594.0,翠北书包 南北通透 高使用率,"近地铁
新上
南
民水民电",301.5,40743
南山,蛇口,半山海景.兰溪谷二期,2.0,2.0,83.17,1450,174341,547.0,兰溪谷二期高层2房地铁口物业税费低高性价比,"近地铁
新上
西
民水民电",1305.0,156907
南山,南头,深华园,1.0,,33.0,150,45454,637.0,南山一房出售，看房方便有钥匙，红本在手，欢迎来电咨询,"近地铁
新上
东北
民水民电",135.0,40909
南山,蛇口,南海玫瑰园（二期）,4.0,2.0,145.64,2150,147624,446.0,深圳湾蛇口热门小区，楼下就是滨海栈道，南北通透看海景很诚心,"近地铁
新上
南
民水民电",1935.0,132862
南山,南油,信和自由广场,3.0,2.0,98.0,720,73469,368.0,双地铁口物业信和自由广场三房安静不吵,"近地铁
新上
东南
民水民电",648.0,66122
南山,深圳湾,太古城花园（北区一期）,4.0,2.0,84.83,1680,198043,202.0,深圳湾全新豪装四房，宝能太古城，楼下自带地铁口，业主诚心卖房,"近地铁
西南
民水民电
电梯房",1512.0,178239
罗湖,万象城,和平大厦(罗湖),2.0,2.0,74.15,265,35738,389.0,和平大厦74平米东南朝向，还价就卖，繁华地段。,"近地铁
新上
东南
民水民电",238.5,32164
南山,后海,漾日湾畔,3.0,2.0,95.16,1450,152374,347.0,南山3房仅售,"近地铁
北
民水民电
精装修",1305.0,137137
龙岗,龙岗中心城,华业玫瑰郡,2.0,1.0,42.0,120,28571,330.0,业主急卖地铁口深中兰著九年一贯制万家仁恒天虹周边配套成熟,"近地铁
新上
东
民水民电",108.0,25714
龙岗,龙岗中心城,华业玫瑰郡,4.0,2.0,119.58,488,40809,330.0,地铁口深中兰著九年一贯制万家仁恒天虹周边配套成熟业主诚心出售,"近地铁
南
民水民电
电梯房",439.2,36728
盐田,沙头角,海滨花园(盐田),2.0,1.0,85.13,236,27722,247.0,海滨花园小区，价格可谈，配套齐全，交通便利,"近地铁
新上
东
民水民电",212.4,24950
宝安,沙井,西荟城（三期）,4.0,2.0,137.86,780,56579,965.0,西荟城大四房 全新毛坯 双龙抱珠户型 诚意急出,"近地铁
新上
南
民水民电",702.0,50921
南山,深圳湾,恒裕滨城花园（二期）,5.0,2.0,168.29,4980,295917,166.0,本人深耕恒裕10年，南北通透，大阳台，旁边就是元湾府,"近地铁
新上
南北通
民水民电",4482.0,266325
南山,蛇口,半岛城邦花园二期,4.0,2.0,171.0,1900,111111,536.0,半岛城邦二期五房诚售,"近地铁
新上
东南
民水民电",1710.0,100000
龙岗,横岗,荣德国际,3.0,1.0,58.0,200,34482,322.0,"荣德国际,地铁口物业","近地铁
新上
东南
民水民电",180.0,31034
盐田,沙头角,盐田洪安新围华侨新村住宅楼（一期）,2.0,2.0,74.82,168,22453,,业主急售，精装修，两房可改三房，168价钱可以谈，地铁口,"新上
南
民水民电
有钥匙",151.2,20208
盐田,梅沙,泊岸雅苑,1.0,1.0,42.0,98,23333,,南向，地段好位置佳，急卖！红本在手，还价就卖！,"新上
南
民水民电
电梯房",88.2,21000
盐田,梅沙,泊岸雅苑,1.0,1.0,42.0,98,23333,,住宅南向，看海景，山景，高楼层，红本在手,"南
民水民电
电梯房
拎包入住",88.2,21000
罗湖,布心,翡翠园,1.0,1.0,41.81,160,38268,378.0,业主诚心出售，价格有大空间，税费少，可改2房,"近地铁
新上
东南
民水民电",144.0,34441
南山,深圳湾,恒裕滨城花园（二期）,5.0,2.0,235.0,6200,263829,166.0,本人深耕恒裕10年，南北通透，大阳台，全海景，电梯入户,"近地铁
南
民水民电
精装修",5580.0,237446
南山,蛇口,湾厦栖游记,3.0,2.0,84.0,698,83095,417.0,蛇口东角头 3房 高层 看海景 保养好 诚心卖,"近地铁
新上
西北
民水民电",628.2,74786
南山,蛇口,湾厦栖游记,2.0,1.0,58.0,405,69827,417.0,满五唯一楼层视野佳诚心卖,"近地铁
新上
南
民水民电",364.5,62844
南山,蛇口,海上世界双玺花园三期,1.0,1.0,88.0,1100,125000,564.0,海上世界 双玺时光道 高区大一房景观好 看房方便,"近地铁
新上
南
民水民电",990.0,112500
南山,蛇口,招商玺家园,2.0,1.0,126.87,1700,133995,324.0,招商玺家园，凤凰层，全海景户型，性价比高,"近地铁
新上
西南
民水民电",1530.0,120596
南山,深圳湾,恒裕滨城花园（二期）,5.0,2.0,223.81,6600,294892,166.0,高楼层，全海景，大平面，11米大阳台，看房方便,"近地铁
新上
东南
民水民电",5940.0,265403
南山,蛇口,南海玫瑰园（三期）,5.0,2.0,222.0,2750,123873,446.0,南海玫瑰花园三期 4房 南北通透 保养好 看海景,"近地铁
新上
南
民水民电",2475.0,111486
南山,蛇口,湾厦栖游记,1.0,,28.0,210,75000,417.0,品质次新小区近东角头地铁站,"近地铁
新上
南
民水民电",189.0,67500
南山,南头,深华园,1.0,,35.0,152,43428,637.0,南山南油一房出售，看房方便价格可谈，红本再说，欢迎来电咨询,"近地铁
新上
东
民水民电",136.8,39085
南山,南山中心区,鸿瑞花园三期,2.0,2.0,74.37,670,90090,271.0,此房报价高一点但我跟业主谈过，空间非常大,"近地铁
新上
东南
民水民电",603.0,81081
南山,蛇口,招商桃花园二期,2.0,2.0,69.81,650,93109,579.0,本人有套79平2房，价格608万，欢迎咨询x,"近地铁
新上
南
民水民电",585.0,83798
盐田,沙头角,园林综合楼,1.0,,21.18,100,47214,,地铁口精装一房一厅业主急卖价格可以谈,"新上
南
民水民电
拎包入住",90.0,42493
南山,后海,漾日湾畔,4.0,2.0,140.0,1500,107142,347.0,漾日湾畔.南山一梯队南二外海德xuexiao.南山后海地铁口,"近地铁
新上
南
民水民电",1350.0,96428
南山,后海,漾日湾畔,2.0,2.0,83.85,1050,125223,347.0,漾日湾畔。南山后海万象城。红本满五年。,"近地铁
新上
东
民水民电",945.0,112701
南山,深圳湾,太古城花园（南区）,3.0,2.0,78.77,1050,133299,163.0,全新装修南北通，大三房，地铁口物业，看房方便诚意售,"近地铁
新上
南
民水民电",945.0,119969
罗湖,莲塘,鹏莲花园,3.0,2.0,88.6,300,33860,557.0,鹏莲花园，三房二厅一卫，高楼层，景观好，安静，,"近地铁
新上
南
民水民电",270.0,30474
盐田,梅沙,云顶天海,1.0,,38.16,100,26205,,云顶天海，车位充足，配套完善，满五年唯1.,"东北
民水民电
电梯房
拎包入住",90.0,23584
南山,后海,漾日湾畔,2.0,2.0,70.37,880,125053,347.0,业主换房诚心转让爱屋,"近地铁
新上
北
民水民电",792.0,112548
南山,深圳湾,太古城花园（南区）,1.0,1.0,42.0,500,119047,163.0,生活购物便利小区出租旺自住过渡皆可周边环境好,"近地铁
民水民电
电梯房
拎包入住",450.0,107142
宝安,碧海,松茂御龙湾雅苑（一期）,2.0,2.0,75.89,570,75108,353.0,碧海湾地铁口次新小区 片区少有大2房放售 方便看房 价格可议,"近地铁
新上
东南
民水民电",513.0,67597
南山,蛇口,湾厦栖游记,2.0,2.0,57.49,490,85232,417.0,湾厦栖游记新上好房，刚需上车两房，业主诚心出售，装修保养好！,"近地铁
新上
东南
民水民电",441.0,76709
南山,蛇口,半岛城邦花园二期,4.0,2.0,154.84,1560,100749,536.0,半岛城邦花园二期，精装大四房，满二税少，业主自住，业主诚心售,"近地铁
新上
南
民水民电",1404.0,90674
盐田,梅沙,东部华侨城天麓（八区）,5.0,2.0,344.81,5000,145007,,天麓八区，超级山海大独栋（另外还有一手保留单位）拓展面积很大,"东南
民水民电
有钥匙",4500.0,130506
盐田,梅沙,梅沙1号（中通水岸）,4.0,2.0,328.72,2000,60842,,梅沙1号，带特殊大阳台，看山看湖景，,"东北
民水民电
电梯房
拎包入住",1800.0,54758
南山,深圳湾,恒裕滨城花园（二期）,5.0,2.0,169.42,5100,301027,166.0,B户型-高楼层越过维港，视野好，诚意出售,"近地铁
新上
东南
民水民电",4590.0,270924
南山,后海,蔚蓝海岸社区二期,4.0,2.0,154.44,1498,96995,226.0,后海大社区蔚蓝海岸二期四房南北通,"近地铁
新上
南北通
民水民电",1348.2,87296
盐田,沙头角,三十六小区,3.0,2.0,90.0,218,24222,723.0,36小区南北通透3房简单装修看房方便,"近地铁
新上
南
民水民电",196.2,21800
盐田,梅沙,心海伽蓝,3.0,1.0,198.41,880,44352,,顶楼复式，全海景，带大露台，毛坯,"南
民水民电
电梯房
有钥匙",792.0,39917
福田,景田,万托家园,2.0,2.0,69.5,418,60143,90.0,万托家园，南向两房，户型方正近地铁,"近地铁
新上
南
民水民电",376.2,54129
罗湖,莲塘,京基云景梧桐花园,6.0,3.0,242.75,3600,148300,755.0,京基云景梧桐，叠拼别墅，位置安静，环境好,"近地铁
南北通
民水民电
电梯房",3240.0,133470
宝安,宝安中心区,新锦安海纳公馆,3.0,2.0,89.0,950,106741,569.0,宝中次新房，朝南3房高层毛坯,"近地铁
新上
北
民水民电",855.0,96067
福田,香蜜湖,深业中城,2.0,2.0,115.0,1300,113043,557.0,深业中城2房，视野开阔，有心卖，拎包入住,"近地铁
西南
民水民电
电梯房",1170.0,101739
南山,深圳湾,恒裕滨城花园（二期）,4.0,2.0,88.23,2150,243681,166.0,深圳湾恒裕滨城二期高实用4房，客厅出大阳台，实用面积约126,"近地铁
新上
北
民水民电",1935.0,219313
南山,南山中心区,佳嘉豪苑,2.0,2.0,77.89,680,87302,428.0,业主诚心出售，价格600万，会出售哈,"近地铁
南
民水民电
电梯房",612.0,78572
南山,后海,蔚蓝海岸社区四期,2.0,2.0,80.92,780,96391,527.0,新上房源！蔚蓝海岸2房高楼层满五年红本税费少,"近地铁
新上
西南
民水民电",702.0,86752
龙岗,龙岗中心城,琳珠华庭,4.0,2.0,79.52,305,38355,709.0,龙外高性价比小四房，中高楼层朝东南采光好，诚心卖看房有钥匙,"近地铁
南
民水民电
电梯房",274.5,34520
宝安,翻身,泰华俊庭,3.0,2.0,83.18,480,57706,454.0,满五年，证在手，地铁口，高楼层，通风采光好,"近地铁
新上
东北
民水民电",432.0,51935
福田,景田,青海大厦,3.0,1.0,186.0,850,45698,445.0,业主诚心出售,"近地铁
新上
南
民水民电",765.0,41128
罗湖,莲塘,聚宝花园,2.0,2.0,78.94,310,39270,396.0,诚心卖价可谈，住家大两房可改小三房，高楼层采光好，近地铁站,"近地铁
新上
北
民水民电",279.0,35343
南山,蛇口,半山海景.兰溪谷二期,4.0,2.0,171.78,1950,113517,547.0,半山海景兰溪谷172平高层精装四房,"近地铁
新上
南北通
民水民电",1755.0,102165
罗湖,笋岗,招商中环,3.0,2.0,107.0,550,51401,170.0,招商中环  次新房 装修保养好   价格可谈,"近地铁
东
民水民电
电梯房",495.0,46261
南山,蛇口,海上世界双玺花园三期,2.0,1.0,88.26,1100,124631,564.0,蛇口双玺花园三期二房看海上世界全景业主换房急售随时看房,"近地铁
新上
民水民电
电梯房",990.0,112168
龙岗,龙岗中心城,阳光广场,1.0,1.0,50.08,150,29952,102.0,阳光广场，LOFT，地铁口，总价1字头，业主诚心卖,"近地铁
新上
南
民水民电",135.0,26957
罗湖,黄贝岭,华裕花园,2.0,2.0,91.97,350,38055,428.0,华裕花园高层，超值价小三房，红本满五，看房方便，读螺岭,"近地铁
东
民水民电
电梯房",315.0,34250
龙岗,龙岗中心城,琳珠华庭,4.0,2.0,92.0,365,39673,709.0,龙外书包有效，近地铁，南北通透三房业主诚心出售,"近地铁
南北通
民水民电
电梯房",328.5,35706
龙岗,坪地,利德悦府,2.0,2.0,69.5,170,24460,,利德悦府 原始毛坯两房 中高楼层 采光好 近地铁口,"东南
民水民电
精装修
有钥匙",153.0,22014
福田,红树湾,瑧湾汇,3.0,3.0,74.0,1300,175675,26.0,这业主急售 先看房看上了再谈价格 可议价空间很大,"近地铁
西
民水民电
电梯房",1170.0,158108
南山,蛇口,海上世界双玺花园三期,2.0,1.0,87.63,1250,142645,564.0,笋！双玺花园三期87平精致两房尊享周边国际化醇熟配套诚售看约,"近地铁
新上
西
民水民电",1125.0,128380
盐田,盐田港,花样年花港家园,2.0,2.0,59.66,180,30170,998.0,精装修二房，花样年花港家园，高楼层。,"近地铁
东北
民水民电
电梯房",162.0,27153
盐田,沙头角,东部翠海轩,2.0,2.0,42.78,260,60776,843.0,东部翠海轩精装修2房户型方正实用看房方便,"近地铁
北
民水民电
电梯房",234.0,54698
福田,香蜜湖,海德园,4.0,2.0,194.0,2900,149484,,海德园，3.6米层高，亏本急售，随时看房，红本,"南
民水民电
电梯房
有钥匙",2610.0,134536
南山,蛇口,花园城五期,2.0,2.0,68.0,610,89705,203.0,花园城五期俩房业主急售，看房有密码钥匙,"近地铁
新上
东北
民水民电",549.0,80734
南山,南油,信和自由广场,2.0,1.0,50.27,420,83548,368.0,信和自由广场 精装修 2房1厅 状态不错 到价就卖,"近地铁
新上
东北
民水民电",378.0,75193
福田,景田,五洲星苑,2.0,1.0,72.2,468,64819,654.0,市民中/心旁、五洲星苑、高层大两房、住家装修、看莲花山景观,"近地铁
新上
东北
民水民电",421.2,58337
盐田,梅沙,海怡轩,1.0,1.0,73.22,200,27314,,边位的地铁口物业精装修1房1厅,"南
民水民电
电梯房
精装修",180.0,24583
罗湖,布心,东湖豪庭,4.0,2.0,160.0,843,52687,837.0,一步山湖东湖豪庭一线全山湖景大宅 南北通四房 带固定车位随看,"近地铁
南
民水民电
电梯房",758.7,47418
坪山,坪山中心区,六和城,1.0,,60.0,150,25000,339.0,朝南景观好，安静诚意出售,"近地铁
东
民水民电
电梯房",135.0,22500
南山,蛇口,半岛城邦花园二期,6.0,2.0,167.49,1850,110454,536.0,半岛城邦花园二期，新上好房推荐，5+1房诚心出售！,"近地铁
新上
东南
民水民电",1665.0,99409
南山,蛇口,半岛城邦花园二期,4.0,2.0,175.0,1600,91428,536.0,半岛城邦花园二期 4房 装修好 看海景,"近地铁
西南
民水民电
电梯房",1440.0,82285
南山,蛇口,半山海景.兰溪谷二期,4.0,2.0,178.53,1900,106424,547.0,兰溪谷二期，南北双阳台，东南向看海景,"近地铁
新上
南
民水民电",1710.0,95782
南山,蛇口,南海玫瑰园（三期）,5.0,2.0,228.0,2600,114035,446.0,南海玫瑰花园三期 5房 南北通透 高层 看海景 诚心卖,"近地铁
新上
南
民水民电",2340.0,102632
盐田,沙头角,鹏湾二村,2.0,2.0,67.07,219,32652,435.0,地铁口精装2房业主急卖价格可以谈享受壹海城的生活,"近地铁
新上
南
民水民电",197.1,29387
南山,蛇口,半岛城邦花园三期,4.0,2.0,160.0,3450,215625,794.0,半岛城邦花园三期 5房 南北通透 装修好 诚心卖,"近地铁
新上
南
民水民电",3105.0,194062
南山,华侨城,美景广场,1.0,1.0,48.0,260,54166,864.0,南山华侨城绿景美景广场精装复式2房，业主急售价格可谈！,"近地铁
民水民电
电梯房
拎包入住",234.0,48749
宝安,桃源居,润科华府（一期）,3.0,2.0,88.23,378,42842,844.0,润科华府一期豪华精装凤凰楼层三房两卫,"近地铁
新上
南
民水民电",340.2,38558
盐田,沙头角,东部阳光,3.0,2.0,95.0,300,31578,,东部阳光小区，价格可谈，配套齐全，交通便利,"南
民水民电
电梯房
有钥匙",270.0,28420
福田,竹子林,建业大厦,3.0,2.0,84.0,830,98809,388.0,深高新装三房，红本在手税费低，随时看房,"近地铁
新上
南
民水民电",747.0,88928
南山,蛇口,花园城一期,2.0,2.0,78.84,590,74835,322.0,花园城一期，精装大两房，诚心卖，仅有契税,"近地铁
新上
东北
民水民电",531.0,67352
南山,深圳湾,君汇新天花园,4.0,2.0,167.87,2500,148924,409.0,南北通透大4室赠送面积多安静舒适满5年业主急售,"近地铁
新上
南
民水民电",2250.0,134032
盐田,盐田港,御景台,4.0,2.0,88.57,268,30258,607.0,房子精装修，户型方正。,"近地铁
新上
南
民水民电",241.2,27232
福田,车公庙,英龙展业大厦,2.0,1.0,73.85,265,35883,,"英龙展业大厦,深高书包，业主换房出售，价格可谈","新上
南
民水民电
电梯房",238.5,32295
福田,车公庙,英龙展业大厦,1.0,1.0,55.45,190,34265,,英龙展业大厦，深高，55.45平一房一厅,"新上
南
民水民电
电梯房",171.0,30838
南山,后海,澳城1618（二期）,3.0,2.0,89.0,2300,258426,,深圳湾澳城二期，高赠送四房带百平院子，南北通满五，仅19XX,"新上
东南
民水民电
电梯房",2070.0,232583
盐田,梅沙,星都梅沙天邸,3.0,2.0,89.0,300,33707,,星都·梅沙天邸，次新小区，性价比很高一套，满五年,"南
民水民电
电梯房
带家电",270.0,30336
宝安,新安,中粮大悦城,3.0,2.0,117.0,900,76923,494.0,业主直降70万，大悦城精装修大三房,"近地铁
新上
东
民水民电",810.0,69231
南山,蛇口,花园城五期,2.0,2.0,69.69,800,114794,203.0,蛇口花园城五期业主诚心出售看房方便价格惊喜,"近地铁
新上
东北
民水民电",720.0,103315
南山,蛇口,湾厦栖游记,2.0,2.0,57.3,400,69808,417.0,湾厦栖游记，精装两房，价格可谈，急售,"近地铁
新上
民水民电
拎包入住",360.0,62827
盐田,沙头角,蓝郡西堤花园,6.0,4.0,88.31,4000,452949,567.0,高层山海大宅 复式高赠送 N个房,"近地铁
南北通
民水民电
电梯房",3600.0,407654
南山,后海,蔚蓝海岸社区二期,3.0,2.0,112.0,1200,107142,226.0,后海总部基地新鲜出炉蔚蓝海岸东南大阳台大三房急卖空间大,"近地铁
新上
东南
民水民电",1080.0,96428
南山,蛇口,半岛城邦花园三期,5.0,2.0,160.62,3280,204208,794.0,深圳湾次新豪宅，凤凰层，无遮挡海景，很诚心卖，品质热门小区,"近地铁
新上
南
民水民电",2952.0,183787
南山,南山中心区,西海湾花园,3.0,2.0,97.0,850,87628,588.0,南山核心区，地铁口物业，业主真的诚心卖，价格你说的算,"近地铁
新上
东南
民水民电",765.0,78865
南山,蛇口,半岛城邦花园一期,4.0,2.0,221.07,3800,171891,653.0,半岛城邦一期高层全海景5房低税费滨海栈道住家首选,"近地铁
新上
南
民水民电",3420.0,154702
坪山,领航,领航里程花园,1.0,1.0,37.63,185,49162,646.0,20号线正地铁口精装一房，楼层佳，税费少，业主诚售,"近地铁
新上
东
民水民电",166.5,44246
龙岗,布吉,里城玺樾山（中航华府花园）,3.0,1.0,80.0,280,35000,,布吉次新三房满五税少户型方正急卖,"南
民水民电
电梯房
精装修",252.0,31500
南山,蛇口,半岛城邦花园三期,5.0,2.0,164.0,2880,175609,794.0,半岛城邦花园三期 5房 南北通透 高层 看海景,"近地铁
新上
南
民水民电",2592.0,158048
坪山,领航,领航里程花园,4.0,2.0,126.9,690,54373,646.0,航程花园：精装高层4房，南北通，视野开阔，拎包入住，高使用率,"近地铁
南北通
民水民电
电梯房",621.0,48936
南山,蛇口,海上世界双玺花园三期,2.0,2.0,87.63,1400,159762,564.0,双玺三期高楼层两房，全新装修看海景的，业主很诚心卖的,"近地铁
新上
南
民水民电",1260.0,143786
宝安,新安,灵芝新村,3.0,2.0,93.8,480,51172,362.0,全新装修，保养好三房,"近地铁
新上
东南
民水民电",432.0,46055
南山,后海,澳城1618（二期）,5.0,2.0,207.0,3800,183574,,澳城二期大平层精装修5房业主急售,"南
民水民电
拎包入住
可上网",3420.0,165217
福田,竹子林,建业小区北区,3.0,2.0,88.02,630,71574,435.0,竹子林建业小区，小高层，使用率高，待拆物业,"近地铁
新上
南
民水民电",567.0,64417
罗湖,新秀,卧龙阁,2.0,2.0,55.7,210,37701,561.0,总价200出头都可卖，卧龙阁近东湖公园和地铁，红本满五,"近地铁
西
民水民电
电梯房",189.0,33931
南山,深圳湾,太古城花园（南区）,2.0,2.0,61.75,750,121457,163.0,地铁口湾区资产宝能太古城业主诚心卖价格可以谈,"近地铁
新上
西北
民水民电",675.0,109311
南山,后海,澳城花园（一期）,4.0,2.0,151.54,1980,130658,624.0,澳城花园东南海景5房滨海长廊生活开启悠闲生活,"近地铁
新上
民水民电
电梯房",1782.0,117592
南山,深圳湾,太古城花园（南区）,3.0,2.0,87.72,1200,136798,163.0,深圳湾能太古城南区三房东南向精装拎包入住,"近地铁
新上
东南
民水民电",1080.0,123118
南山,南山中心区,海印长城小区二期,2.0,2.0,83.16,780,93795,382.0,南山中芯书城旁海印长城朝南大两房改三房出入生活方便,"近地铁
新上
南
民水民电",702.0,84416
罗湖,东门,立新花园,2.0,1.0,56.0,230,41071,296.0,东门正规两房使用率高南北通透，业主诚售 地铁口,"近地铁
新上
南北通
民水民电",207.0,36964
宝安,西乡,大益广场,5.0,2.0,139.2,600,43103,846.0,新上房源，顶楼复试，税费少，全新装修，看房方便，大阳台,"近地铁
南
民水民电
精装修",540.0,38793
福田,香蜜湖,香荔绿洲,4.0,2.0,160.33,1980,123495,493.0,香荔绿洲高层精装房南北通透居家舒适,"近地铁
南
民水民电
有钥匙",1782.0,111146
南山,蛇口,招商桃花园二期,2.0,2.0,71.0,660,92957,579.0,大型社区招商桃花园二房安静不吵,"近地铁
新上
南
民水民电",594.0,83661
南山,南山中心区,西海湾花园,3.0,2.0,107.09,968,90391,588.0,地铁口学府西海湾花园业主诚心卖价格可以谈,"近地铁
新上
东南
民水民电",871.2,81352
宝安,新安,白金酒店公寓,1.0,1.0,37.0,200,54054,675.0,户型方正 通风采光好 近地铁 配套成熟,"近地铁
南
民水民电
电梯房",180.0,48649
南山,蛇口,半岛城邦花园二期,3.0,2.0,120.0,1260,105000,536.0,半岛城邦花园二期 3房 高层 保养好 看房方便,"近地铁
新上
南
民水民电",1134.0,94500
南山,南油,信和自由广场,1.0,1.0,42.17,260,61655,368.0,南油地铁口，精装一房一厅，满五年，凤凰楼层，诚售价可谈,"近地铁
新上
东北
民水民电",234.0,55490
宝安,翻身,德邻雅筑,3.0,2.0,109.0,648,59449,981.0,宝中业主自住房，南北通，满五唯一,"近地铁
新上
南
民水民电",583.2,53504
南山,南油,新一代大厦,2.0,1.0,37.89,390,102929,565.0,业主诚心出售次新两房物业好安静配套齐全,"近地铁
新上
西
民水民电",351.0,92636
南山,前海,招商领玺二期,4.0,2.0,195.0,2320,118974,,前海标杆招商领玺国际哈罗旁边大四房品质物业近地铁,"新上
南北通
民水民电
电梯房",2088.0,107077
龙岗,龙岗中心城,华业玫瑰郡,1.0,1.0,43.8,99,22602,330.0,业主急卖地铁口深中兰著九年一贯制华润万家天虹仁恒周边配套成熟,"近地铁
南
民水民电
拎包入住",89.1,20342
龙岗,坪地,凯东吉祥悦府,2.0,2.0,72.0,240,33333,660.0,地铁口实用两房，业主换房到宝安区，急着出售，议价空间大,"近地铁
南
民水民电
电梯房",216.0,30000
南山,蛇口,万科蛇口公馆,2.0,2.0,53.0,420,79245,114.0,蛇口地铁口 次新房，户型好，看房随时联系我，业主诚心出售。,"近地铁
新上
东南
民水民电",378.0,71320
南山,后海,滨海之窗花园,4.0,2.0,120.89,1380,114153,599.0,滨海之窗前排小高层可改四房看花园,"近地铁
新上
南北通
民水民电",1242.0,102738
宝安,西乡,富宏凤凰天誉,5.0,2.0,170.51,1280,75068,243.0,高楼层5房3卫，视野开阔，可以按照自己风格装修,"近地铁
南
民水民电
电梯房",1152.0,67561
坪山,坪山中心区,碧湖春天东花园,3.0,2.0,88.0,167,18977,,单价1.9万 红本在手 楼下地铁口 即买即住 碧湖春天,"新上
南
民水民电
电梯房",150.3,17079
南山,深圳湾,太古城花园（北区一期）,3.0,2.0,83.54,1550,185539,202.0,宝能太古城85平复式精装3+1房,"近地铁
新上
西北
民水民电",1395.0,166985
宝安,西乡,西城丰和家园,3.0,2.0,100.5,470,46766,653.0,3房户型 通风采光好 使用率高 配套成熟 价格可谈,"近地铁
新上
东南
民水民电",423.0,42089
宝安,西乡,德弘基创客居,3.0,2.0,71.0,560,78873,666.0,德弘基花园.西乡步行街旁新豪宅.地段好.户型方正好用.急卖,"近地铁
新上
西南
民水民电",504.0,70986
福田,竹子林,园博绿苑,5.0,2.0,213.93,1999,93441,454.0,香蜜湖罕有小高层顶楼复式带100平天台花园,"近地铁
新上
东南
民水民电",1799.1,84097
龙岗,龙岗中心城,合正方州泓园,3.0,2.0,98.0,308,31428,,合正方州 位置安静 户型方正性价比高,"东南
民水民电
电梯房
有钥匙",277.2,28285
龙岗,龙岗中心城,合正方州泓园,3.0,2.0,98.0,350,35714,,合正方州南向视野开阔采光好价优,"东南
民水民电
电梯房
有钥匙",315.0,32143
南山,后海,太古城花园（北区二期）,4.0,2.0,173.0,2800,161849,202.0,地铁口湾区资产宝能太古城四房业主诚心卖价格可以谈,"近地铁
新上
民水民电
电梯房",2520.0,145664
南山,南山中心区,鸿瑞花园二期,5.0,2.0,284.0,2900,102112,286.0,顶复三层鸿瑞花园二期，三个大套房，满五红本，醇熟配套诚售看约,"近地铁
新上
南
民水民电",2610.0,91901
罗湖,布心,颖隆大厦,1.0,1.0,43.01,110,25575,694.0,颖隆精装一房一r厅，可改两房，草铺口,"近地铁
新上
东
民水民电",99.0,23018
南山,蛇口,半岛城邦花园二期,4.0,2.0,172.23,1860,107995,536.0,半岛城邦花园二期，大4房，诚心卖,"近地铁
新上
东南
民水民电",1674.0,97196
南山,深圳湾,太古城花园（北区一期）,2.0,2.0,73.57,1000,135924,202.0,湾区品质住宅，户型方正实用，业主诚心出售。,"近地铁
新上
东北
民水民电",900.0,122332
福田,福田中心区,中深花园,3.0,1.0,100.47,180,17915,340.0,福田社保局旁三房100.45平写字楼；红本在手；地段佳位置好,"近地铁
新上
东南
民水民电",162.0,16124
罗湖,翠竹,虹楼,2.0,1.0,44.0,180,40909,173.0,翠竹外国语未用！虹楼，低总价小面积！精装修！地铁口物业,"近地铁
东
民水民电
电梯房",162.0,36818
福田,莲花,深业岭秀名苑,2.0,2.0,88.0,700,79545,157.0,深业岭秀，高层朝南大两房，大阳台，看中/心区灯光秀莲花山全景,"近地铁
新上
东南
民水民电",630.0,71590
罗湖,水库,东湖大厦,2.0,2.0,71.31,240,33655,599.0,店董推荐优质好房东湖大厦，中高楼层，碧波+二实，业主诚意出售,"近地铁
南
民水民电
电梯房",216.0,30290
南山,南油,信和自由广场,3.0,2.0,98.49,660,67011,368.0,户型方正实用，东南朝向，业主诚心出售,"近地铁
新上
南
民水民电",594.0,60310
南山,蛇口,花园城一期,2.0,2.0,75.9,580,76416,322.0,双书包花园城一期小高层业主诚心出售,"近地铁
西北
民水民电
电梯房",522.0,68774
龙岗,龙岗中心城,金地龙城中央,3.0,2.0,88.0,255,28977,519.0,业主向市场妥协！地铁口刚降价房源，精装，满五年急售，价格私聊,"近地铁
西北
民水民电
电梯房",229.5,26079
宝安,宝安中心区,华侨城华寓,2.0,2.0,93.0,730,78494,619.0,前海华侨城花园.一线海景豪宅.户型方正实用.看房方便.急卖房,"近地铁
新上
东南
民水民电",657.0,70645
盐田,沙头角,合景同创广场,4.0,2.0,296.79,720,24259,,8号线地铁口物业，次新小区，一线山海大平层，南北通透,"南北通
民水民电
电梯房
有钥匙",648.0,21833
宝安,宝安中心区,新锦安海纳公馆,3.0,2.0,89.0,930,104494,569.0,宝中网红盘：海纳公馆 全新一手 89平正经3房,"近地铁
西北
民水民电
电梯房",837.0,94045
宝安,宝安中心区,华侨城华寓,4.0,2.0,104.0,960,92307,619.0,华寓豪宅花园.主力户型实用方正.南北通透.业主急卖.看房方便,"近地铁
东南
民水民电
电梯房",864.0,83076
坪山,坪山中心区,心海城,3.0,2.0,99.0,288,29090,573.0,心海城分十期开发的大盘，项目以住宅标准打造了生活标杆,"近地铁
南
民水民电
电梯房",259.2,26181
福田,香蜜湖,海德园,3.0,2.0,89.0,1280,143820,,海德园，次新房毛坯，看房方便,"新上
南
民水民电
电梯房",1152.0,129438
盐田,沙头角,合景同创广场,3.0,1.0,95.21,210,22056,,8号线地铁口物业，次新小区，高楼层，毛坯3房，南北通透,"南
民水民电
电梯房
有钥匙",189.0,19850
罗湖,莲塘,仙湖山庄（二期）,5.0,2.0,223.33,2800,125375,718.0,别墅每套不一样，还是的看现场,"近地铁
南
民水民电
有钥匙",2520.0,112838
南山,南山中心区,海印长城小区一期,3.0,2.0,116.14,1000,86102,351.0,海印长城一期116㎡3房 精装修 拎包入住车位充足 随时看房,"近地铁
新上
西
民水民电",900.0,77492
南山,后海,滨海之窗花园,3.0,2.0,128.22,1550,120885,599.0,赢在起跑线 滨海之窗 精装大三房 高楼层 采光好 朝南安静,"近地铁
南
民水民电
电梯房",1395.0,108796
罗湖,万象城,都市名园,2.0,1.0,63.42,335,52822,230.0,万象城商圈；楼下地铁口，近关口，方正二房，诚心出售,"近地铁
西北
民水民电
电梯房",301.5,47540
宝安,沙井,四海云亭,2.0,2.0,77.33,256,33104,929.0,客厅出阳台，采光好，晾晒方便，居住舒适,"近地铁
西南
民水民电
有钥匙",230.4,29794
龙岗,龙岗中心城,君华时代花园,2.0,2.0,71.68,180,25111,,地铁口，精装2房，外国语9年书包，高楼层，随时看房，急售,"南
民水民电
精装修
有钥匙",162.0,22600
南山,深圳湾,恒裕滨城花园（二期）,4.0,2.0,173.55,5500,316911,166.0,深圳湾网红一盘，高赠送大平层凤凰楼层，满五年，仅48XX万,"近地铁
新上
南
民水民电",4950.0,285220
南山,蛇口,半山海景.兰溪谷二期,4.0,2.0,170.46,1786,104775,547.0,半山海景兰溪谷二期南北通透大4房，带120平大露台，价格实惠,"近地铁
新上
南北通
民水民电",1607.4,94298
南山,后海,太古城花园（北区二期）,4.0,2.0,138.09,2300,166558,202.0,太古城北区，大3房，诚心卖，价可谈,"近地铁
东南
民水民电
电梯房",2070.0,149902
南山,蛇口,半岛城邦花园二期,4.0,2.0,171.83,1850,107664,536.0,半岛城邦花园二期，高区东南向海景四房，老业主诚心出售！,"近地铁
新上
东南
民水民电",1665.0,96898
福田,香蜜湖,枫丹雅苑,3.0,2.0,151.24,1050,69426,126.0,枫丹雅苑，大四房诚售，书包未用，价格可谈，看房提前预约,"近地铁
新上
东南
民水民电",945.0,62483
南山,深圳湾,太古城花园（北区一期）,3.0,2.0,114.57,1800,157109,202.0,大3室东南向看园林户型方正格局好满5年业主诚心出售,"近地铁
新上
东南
民水民电",1620.0,141398
罗湖,翠竹,翡翠公寓,3.0,1.0,51.17,238,46511,529.0,翡翠公寓(罗湖) 全明格局 交通便利 楼层佳 看房方便,"近地铁
南
民水民电
电梯房",214.2,41860
南山,后海,滨海之窗花园,3.0,2.0,97.39,1366,140260,599.0,业主急卖！滨海之窗 精装三房 朝南 看花园 安静！,"近地铁
西南
民水民电
电梯房",1229.4,126234
南山,深圳湾,鸿威海怡湾畔花园,4.0,2.0,165.0,3000,181818,522.0,鸿威海怡湾，双龙抱珠五房，高区视野开阔！,"近地铁
新上
南
民水民电",2700.0,163636
南山,后海,滨海之窗花园,3.0,2.0,113.74,1596,140320,599.0,业主急卖！滨海之窗 精装三房 高楼层 采光好！,"近地铁
新上
东北
民水民电",1436.4,126288
宝安,西乡,富宏凤凰天誉,3.0,2.0,90.7,618,68136,243.0,新小区，90平方3房2厅，凤凰天誉，出门地铁口，刚需户型,"近地铁
南
民水民电
电梯房",556.2,61322
南山,科技园南区,恒立听海花园,4.0,2.0,115.65,1630,140942,326.0,听海 小高层南北通 可改四房 满五税少 诚卖看房方便 价可谈,"近地铁
新上
南北通
民水民电",1467.0,126848
南山,南山中心区,鸿瑞花园三期,2.0,2.0,82.0,650,79268,271.0,鸿瑞花园三期，电梯2房，满5年,"近地铁
新上
东北
民水民电",585.0,71341
南山,南油,金海岸大厦,2.0,2.0,64.49,428,66366,480.0,新上！金海岸两房 南油地铁口 税低,"近地铁
新上
南
民水民电",385.2,59729
南山,深圳湾,三湘海尚花园一期,4.0,2.0,175.0,3600,205714,727.0,三湘海尚 175㎡4+1房 南北通 全新毛坯 山海景观,"近地铁
新上
南北通
民水民电",3240.0,185143
南山,蛇口,半岛城邦花园三期,4.0,2.0,172.18,4500,261354,794.0,半岛城邦花园三期 4房 南北通透 看海景,"近地铁
新上
南北通
民水民电",4050.0,235219
南山,蛇口,湾厦栖游记,3.0,2.0,87.0,650,74712,417.0,蛇口次新房，地铁口，精装三房，凤凰楼层满五年，仅616万,"近地铁
东北
民水民电
拎包入住",585.0,67241
盐田,梅沙,水云间雅居,1.0,1.0,54.32,268,49337,,精装复式海景房近地铁口,"南
民水民电
拎包入住
可上网",241.2,44403
宝安,新安,宝民花园(二十四区商住楼),3.0,2.0,98.4,400,40650,622.0,98平方3房2厅，宝民花园，诚心出售，近灵芝地铁口，看房方便,"近地铁
新上
南
民水民电",360.0,36585
南山,蛇口,半岛城邦花园一期,5.0,2.0,219.74,3700,168380,653.0,前排，全海景，精装修,"近地铁
新上
民水民电
电梯房",3330.0,151542
南山,蛇口,海上世界双玺花园三期,4.0,2.0,368.0,5998,162989,564.0,双玺花园三期，毛坯，看海景，降价出售，随时看，东南，5房,"近地铁
新上
东南
民水民电",5398.2,146690
南山,后海,南粤明珠,3.0,2.0,83.48,899,107690,671.0,南二外海德本部，南向精致居家3房，业主诚售，价格美丽,"近地铁
新上
南
民水民电",809.1,96921
福田,香蜜湖,天宝物华,1.0,1.0,50.0,850,170000,372.0,天宝物华高楼东向公园景观业主让价50万,"近地铁
东
民水民电
电梯房",765.0,153000
南山,南油,新一代大厦,1.0,1.0,41.58,220,52910,565.0,新一代，大1房，南向,"近地铁
新上
南
民水民电",198.0,47619
南山,南油,金海岸大厦,1.0,1.0,37.16,340,91496,480.0,金海岸大厦，1房，满5年,"近地铁
新上
西南
民水民电",306.0,82346
南山,后海,漾日湾畔,2.0,2.0,85.12,940,110432,347.0,南二外本部漾日湾畔南向精装两房可改三房拎包入住,"近地铁
新上
东北
民水民电",846.0,99389
南山,西丽,宝能城花园(西区),4.0,2.0,206.0,1700,82524,560.0,"宝能城西区2栋B座206平1900万,业主诚心卖。","近地铁
南北通
民水民电
电梯房",1530.0,74272
罗湖,黄贝岭,金盾花园,3.0,2.0,63.33,325,51318,586.0,螺岭学房红本在手满5年急售价格可谈,"近地铁
南
民水民电
有钥匙",292.5,46186
罗湖,黄贝岭,华丽花园,3.0,2.0,100.5,400,39800,456.0,华丽花园精致三房配套齐全交通便利随时看房,"近地铁
东北
民水民电
电梯房",360.0,35820
南山,蛇口,半岛城邦花园二期,5.0,2.0,246.81,3600,145861,536.0,半岛城邦花园二期 245平 5房 高层看海 保养好,"近地铁
东南
民水民电
电梯房",3240.0,131275
南山,蛇口,海上世界双玺花园一期,3.0,2.0,238.0,8000,336134,555.0,一期，底墅，带花园，私密，安静，价格可以谈的，很方便,"近地铁
新上
南
民水民电",7200.0,302521
南山,蛇口,海上世界双玺花园一期,4.0,2.0,229.23,4488,195785,555.0,双玺，一期，前排，便宜出售，看房方便，视野开阔的，豪装,"近地铁
新上
南
民水民电",4039.2,176206
南山,蛇口,海上世界双玺花园二期,2.0,2.0,204.84,3200,156219,830.0,双玺，复式，06户型，降价急卖，便宜的，随时看的，赠送多看海,"近地铁
新上
西北
民水民电",2880.0,140597
南山,蛇口,海上世界双玺花园二期,4.0,2.0,326.0,4888,149938,830.0,02户型，看海景，328平，豪装，降价诚心卖，随时看，可以谈,"近地铁
西南
民水民电
电梯房",4399.2,134944
宝安,宝安中心区,天健时尚空间名苑,3.0,2.0,59.25,650,109704,400.0,壹方城对面天健时尚名苑高层精装三房业主诚心卖 看房方便,"近地铁
东北
民水民电
电梯房",585.0,98734
盐田,沙头角,卓越荣津瀚海湾名庭,4.0,2.0,119.3,518,43419,,瀚海湾中层大4房，纯原毛坯，产权清晰，诚心放售,"新上
东南
民水民电
电梯房",466.2,39077
南山,后海,漾日湾畔,3.0,2.0,98.46,1250,126955,347.0,漾日湾畔安静满五年户型方正双地铁口物业诚意出售,"近地铁
新上
西南
民水民电",1125.0,114260
南山,蛇口,海上世界双玺花园二期,4.0,2.0,258.98,4500,173758,830.0,03户型，着急出售，便宜降价，降价，降价，一线海景，豪装,"近地铁
新上
东
民水民电",4050.0,156382
龙华,龙华中心,金侨花园,3.0,2.0,77.5,198,25548,616.0,地铁口500米，笋盘三天急卖，周边配套好,"近地铁
东
民水民电
精装修",178.2,22993
南山,后海,海月花园（一期）,4.0,2.0,125.17,980,78293,401.0,可议价！海月花园124平南北通四房急售 育才三中可用,"近地铁
新上
民水民电
电梯房",882.0,70464
南山,后海,滨海之窗花园,3.0,2.0,138.0,1898,137536,599.0,滨海之窗 小高层 精装大三房 南北通透 高楼层 采光好！,"近地铁
新上
南北通
民水民电",1708.2,123782
坪山,坪山中心区,大东城（二期）,5.0,2.0,121.0,720,59504,490.0,大东城二期.洋房带前后花园，近地铁口，容积率低，超大小区,"近地铁
新上
南
民水民电",648.0,53554
罗湖,水库,东湖丽苑,2.0,2.0,60.41,235,38900,636.0,东湖丽苑，南向景观好，红本满五，带第二实，看房方便,"近地铁
南北通
民水民电
有钥匙",211.5,35010
宝安,新安,中粮大悦城,3.0,2.0,117.43,850,72383,494.0,大悦城高层视野开阔全新毛坯随时看房,"近地铁
新上
东北
民水民电",765.0,65145
南山,后海,滨海之窗花园,5.0,3.0,109.39,1750,159978,599.0,滨海之窗 复式5房 带二个平台花园 采光好！,"近地铁
新上
东南
民水民电",1575.0,143980
宝安,新安,玺玥华府,5.0,2.0,156.23,1396,89355,274.0,玺玥华府通透大五房业主急售看房随时安排,"近地铁
南
民水民电
电梯房",1256.4,80420
南山,蛇口,半山海景.兰溪谷二期,4.0,2.0,185.76,1880,101205,547.0,兰溪谷二期大气横厅户型 东南向 高绿化 中高楼层视野好,"近地铁
新上
南
民水民电",1692.0,91084
南山,蛇口,花园城一期,2.0,2.0,73.5,638,86802,322.0,地铁口物业花园城一期二房安静不吵,"近地铁
新上
南
民水民电",574.2,78122
南山,西丽,远洋天著华府,4.0,2.0,117.6,1200,102040,,大学城次新房远洋天著华府拎包住南北通透四房随时看密码诚意出售,"新上
南北通
民水民电
电梯房",1080.0,91836
南山,南头,荔林春晓小区,3.0,2.0,111.59,1000,89613,89.0,荔林春晓三房两卫户型方正厅出阳台诚心出售,"近地铁
新上
北
民水民电",900.0,80652
南山,深圳湾,恒裕滨城花园（二期）,4.0,2.0,168.0,3900,232142,166.0,高楼层，全海景，南北通透，住家装修，看房方便,"近地铁
新上
东西通
民水民电",3510.0,208928
宝安,西乡,锦明花园,3.0,2.0,130.0,718,55230,305.0,碧海双地铁花园小区三房，诚心出售，只有契税，低密度花园小区,"近地铁
东南
民水民电
电梯房",646.2,49707
南山,蛇口,半岛城邦花园三期,2.0,1.0,84.6,1398,165248,794.0,半岛城邦三期高层海景2房低税费高性价比,"近地铁
南
民水民电
拎包入住",1258.2,148723
南山,蛇口,南海玫瑰园（一期）,3.0,2.0,143.63,1380,96080,446.0,滨海公园南海玫瑰园一期业主诚心卖价格可以谈,"近地铁
新上
南
民水民电",1242.0,86472
盐田,沙头角,昊海君悦大厦,1.0,1.0,45.54,118,25911,651.0,昊海君悦高层海景房看房方便,"近地铁
南
民水民电
有钥匙",106.2,23320
南山,深圳湾,鸿威海怡湾畔花园,3.0,2.0,88.83,1200,135089,522.0,深圳湾2.0低密度大花园社区精装3房中高楼层安静,"近地铁
新上
西北
民水民电",1080.0,121580
南山,深圳湾,恒裕滨城花园（二期）,4.0,2.0,175.44,4500,256497,166.0,深圳湾恒裕滨城二期面积175平五房南北通透大阳台私家电梯入户,"近地铁
新上
南
民水民电",4050.0,230847
盐田,梅沙,东部华侨城大侠谷公寓,3.0,2.0,126.0,288,22857,,大梅沙地铁口 小区可免停车费 南北通透 精装修 看海景,"南北通
民水民电
电梯房
拎包入住",259.2,20571
罗湖,黄贝岭,怡景花园,2.0,1.0,56.85,315,55408,143.0,怡景花园2房 送50平 花园房本上有写 随时看房 有钥匙,"近地铁
新上
南
民水民电",283.5,49867
南山,蛇口,花园城一期,2.0,2.0,72.37,620,85670,322.0,花园城一期，精装修2房，厅出阳台,"近地铁
新上
南
民水民电",558.0,77103
龙岗,龙岗中心城,金地龙城中央（二期）,3.0,2.0,89.0,290,32584,519.0,万科里对面，金地龙城，三房急售，急售，价格可谈,"近地铁
南
民水民电
电梯房",261.0,29326
南山,蛇口,湾厦栖游记,1.0,1.0,30.0,265,88333,417.0,湾厦栖游记 小户型 交通便利 配套设施完善 业主诚售,"近地铁
新上
南
民水民电",238.5,79500
南山,南油,金海岸大厦,2.0,1.0,56.56,360,63649,480.0,金海岸大厦户型方正满五年安静双地铁口物业诚心出售,"近地铁
新上
北
民水民电",324.0,57284
南山,蛇口,南海玫瑰园（一期）,4.0,2.0,143.6,1780,123955,446.0,南海玫瑰园一期 4房 保养好 高层看海景 诚心卖,"近地铁
南北通
民水民电
电梯房",1602.0,111560
南山,后海,蔚蓝海岸社区二期,3.0,2.0,109.82,1300,118375,226.0,全新精装，红本满五唯一，拎包入住。,"近地铁
新上
西南
民水民电",1170.0,106538
罗湖,百仕达,万事达名苑二期,2.0,2.0,68.0,310,45588,,急售！价格可谈 户型实用 双地铁口+喜荟城商场,"西南
民水民电
电梯房
精装修",279.0,41029
宝安,桃源居,润科华府（一期）,3.0,2.0,89.0,425,47752,844.0,精装3房2厅，中高楼层，房子户型方正，业主诚心出售,"近地铁
南
民水民电
电梯房",382.5,42977
南山,后海,蔚蓝海岸社区二期,3.0,2.0,126.57,1395,110215,226.0,回家无忧带车位蔚蓝海岸宜居大社东南大阳台通透3+1生活公园里,"近地铁
东南
民水民电
电梯房",1255.5,99194
盐田,梅沙,星都梅沙天邸,2.0,2.0,60.1,225,37437,,(近地铁 看花园 红本满五年税少 有钥匙看房)星都梅沙天邸,"新上
东北
民水民电
电梯房",202.5,33693
南山,后海,蔚蓝海岸社区首期,3.0,2.0,88.7,872,98308,113.0,蔚蓝海岸首期户型方正满五年安静诚意出售,"近地铁
新上
南北通
民水民电",784.8,88477
南山,深圳湾,太古城花园（南区）,3.0,2.0,88.0,1170,132954,163.0,地铁口近人才公园宝能太古城三房业主诚心卖价格可以谈,"近地铁
新上
东南
民水民电",1053.0,119659
南山,后海,漾日湾畔,3.0,2.0,99.0,1388,140202,347.0,海德本部  门店就在楼下 让孩子赢未来 手里多套笋盘 电联,"近地铁
新上
东南
民水民电",1249.2,126182
罗湖,莲塘,桐景花园,3.0,2.0,99.01,385,38884,534.0,诚出 桐景花园 高层南向奢景大三房两卫 钥匙在手,"近地铁
新上
南
民水民电",346.5,34996
南山,南油,新一代大厦,1.0,1.0,41.58,240,57720,565.0,出门地铁口 新一代 精装修 1房1厅 满五年 南向价格可以谈,"近地铁
新上
南
民水民电",216.0,51948
宝安,西乡,富士君悦府,3.0,2.0,101.34,598,59009,,1号线正地铁口次新房，楼层佳，南向安静，业主诚售价格好商量,"新上
南
民水民电
拎包入住",538.2,53108
盐田,梅沙,星都梅沙天邸,4.0,2.0,160.26,720,44926,,（大梅沙地铁口 全新毛坯看海景4房 诚意卖还价卖）星都·梅沙,"新上
南
民水民电
电梯房",648.0,40433
福田,华强,阁林网苑,1.0,1.0,53.14,350,65863,253.0,"阁林网苑业主急卖,钥匙在手.24小-时看房","近地铁
新上
西
民水民电",315.0,59277
宝安,碧海,湾上六座花园,2.0,1.0,84.0,510,60714,445.0,中信湾上六座花园.生活配套丰富.户型方正地段好.住家舒适.,"近地铁
新上
民水民电
电梯房",459.0,54643
罗湖,黄贝岭,蓝馨苑,2.0,2.0,70.98,435,61284,552.0,蓝馨苑有钥匙看房方便可议价随时看房红本在手业主诚意出售换房,"近地铁
新上
西南
民水民电",391.5,55156
南山,深圳湾,卓越维港名苑(南区),4.0,2.0,168.0,3380,201190,254.0,业主诚意卖,"近地铁
新上
东南
民水民电",3042.0,181071
龙岗,龙岗中心城,宏兴苑,4.0,2.0,234.93,600,25539,509.0,业主向市场妥协！地铁口刚降价房源，精装，满五年急售，价格私聊,"近地铁
南北通
民水民电
精装修",540.0,22985
福田,竹子林,一冶广场,4.0,2.0,138.79,1170,84300,454.0,华侨城附近，环境优美，精美4居,"近地铁
南
民水民电
电梯房",1053.0,75870
盐田,盐田港,悦千山雅园,3.0,1.0,68.0,180,26470,,195可卖 复式房 三房两卫 精装修 朝南向 地铁口 次新房,"东南
民水民电
电梯房
精装修",162.0,23823
南山,深圳湾,恒裕滨城花园（二期）,5.0,2.0,201.0,5000,248756,166.0,本人深耕恒裕10年，南北通透，大平面，看房方便,"近地铁
新上
东南
民水民电",4500.0,223880
罗湖,翠竹,深纺大院,2.0,2.0,79.29,450,56753,648.0,田贝精装2房 带深中 业主急卖 价格可谈,"近地铁
南
民水民电
有钥匙",405.0,51078
宝安,桃源居,桃源居十二区,2.0,1.0,56.49,187,33103,378.0,桃源居精装两房，总价低，首付30个就能上车，近地铁。商品房,"近地铁
南
民水民电
带家电",168.3,29793
罗湖,布心,东晓花园,3.0,2.0,91.0,370,40659,231.0,罗湖读翠园双名教學一手业主且唯壹 看房探底价私我帮您置好物,"近地铁
东南
民水民电
带家私",333.0,36593
宝安,沙井,西荟城（三期）,3.0,2.0,88.0,398,45227,965.0,西荟城精装三房中间楼层采光好业主诚心出售,"近地铁
南
民水民电
电梯房",358.2,40704
福田,香蜜湖,香珠花园,1.0,1.0,42.24,560,132575,392.0,香珠花园小面积书包房，业主置换大房急售,"近地铁
东
民水民电
电梯房",504.0,119318
南山,蛇口,半岛城邦花园一期,3.0,2.0,136.16,1580,116039,653.0,半岛城邦花园一期 4房 东南 看海景 装修好 诚心卖,"近地铁
新上
南
民水民电",1422.0,104435
南山,蛇口,南海玫瑰园（一期）,5.0,2.0,259.16,3060,118073,446.0,南海玫瑰花园一期，大5房，使用率高，诚心卖,"近地铁
新上
东南
民水民电",2754.0,106266
南山,蛇口,半岛城邦花园二期,2.0,2.0,87.6,980,111872,536.0,半岛城邦二期2房，业主诚心卖，价钱不限可能,"近地铁
新上
东北
民水民电",882.0,100685
南山,后海,海月花园（一期）,3.0,2.0,95.76,860,89807,401.0,大型社区海月花园三房安静不吵,"近地铁
新上
民水民电
电梯房",774.0,80826
罗湖,莲塘,鹿茵翠地,3.0,2.0,100.02,450,44991,697.0,精装修大三房安静看房方便价格好沟通,"近地铁
新上
北
民水民电",405.0,40492
罗湖,洪湖,洪湖二街2号大院糖烟酒宿舍,3.0,,94.26,400,42435,404.0,新上房源 满两年 税费少 配套完善 业主诚心放卖,"近地铁
新上
民水民电
有钥匙",360.0,38192
南山,后海,蔚蓝海岸社区首期,3.0,2.0,98.35,1000,101677,113.0,地铁口一梯两户蔚蓝海岸一期三房业主诚心卖价格可以谈,"近地铁
新上
南北通
民水民电",900.0,91509
罗湖,东门,万科彩园,4.0,2.0,179.67,835,46474,198.0,地铁口，真正的大复式，动静分，此房景观开阔，业主急卖,"近地铁
东北
民水民电
电梯房",751.5,41827
福田,香蜜湖,枫丹雅苑,4.0,2.0,181.92,1200,65963,126.0,香蜜湖三错层复式东南朝向对流通风好精装修带好书包五房,"近地铁
西南
民水民电
电梯房",1080.0,59367
盐田,盐田港,东港印象家园,4.0,2.0,114.1,430,37686,,东港印象家园，新上房源,"东南
民水民电
电梯房
拎包入住",387.0,33917
南山,后海,蔚蓝海岸社区三期,3.0,2.0,94.21,1060,112514,293.0,紧邻人才公园，蔚蓝三期高层三房，东南向看海景,"近地铁
新上
东南
民水民电",954.0,101263
龙岗,龙岗中心城,天健花园（三期）,2.0,2.0,79.0,240,30379,411.0,天健郡城地铁口精装修标准两房满五税少诚心出售看房方便价格可谈,"近地铁
南
民水民电
拎包入住",216.0,27341
盐田,盐田港,盐港园丁小区,3.0,2.0,86.52,270,31206,,8号线地铁口物业，新上步梯三房，精装修,"南
民水民电
精装修
有钥匙",243.0,28085
南山,深圳湾,鸿威海怡湾畔花园,5.0,2.0,149.86,2600,173495,522.0,深圳湾鸿威海怡湾5房大平层满5年价格谈,"近地铁
新上
南
民水民电",2340.0,156146
罗湖,布心,悦峰华府,3.0,2.0,122.54,500,40803,712.0,天健开发次新房，悦峰华府车位充足，税费少近万象汇，急售,"近地铁
南北通
民水民电
电梯房",450.0,36723
南山,深圳湾,恒裕滨城花园（一期）,3.0,2.0,110.22,2100,190528,192.0,深圳湾次新高端住宅客厅双阳台户型通透,"近地铁
新上
西南
民水民电",1890.0,171475
南山,南油,信和自由广场,1.0,1.0,52.35,350,66857,368.0,信和自由广场精装一房急卖,"近地铁
新上
南
民水民电",315.0,60171
福田,竹子林,一冶广场,3.0,2.0,109.36,1098,100402,454.0,香蜜湖一冶广场 新上三房 户型实用 总价低 看房方便业主急卖,"近地铁
新上
东南
民水民电",988.2,90362
南山,蛇口,海上世界双玺花园三期,1.0,1.0,87.0,1130,129885,564.0,海上世界双玺花园，200米即到海上世界音乐喷泉，一房诚心出售,"近地铁
南
民水民电
电梯房",1017.0,116896
龙岗,龙岗中心城,恒大城市之光,1.0,2.0,48.0,100,20833,159.0,恒大城市之光 精装1房 楼下商业配套成熟 近地铁口,"近地铁
东南
民水民电
电梯房",90.0,18750
龙岗,大运,奥林华府,4.0,2.0,151.57,780,51461,199.0,龙城公园地铁站龙城公园旁精装四房朝南厅带阳台笋盘,"近地铁
新上
南北通
民水民电",702.0,46315
罗湖,布心,观山祥苑,3.0,2.0,103.0,450,43689,654.0,观山祥苑实惠3房居家舒适价格实惠，看房方便，全新装修，拎包入,"近地铁
北
民水民电
电梯房",405.0,39320
南山,蛇口,海上世界双玺花园三期,4.0,2.0,287.25,3980,138555,564.0,双玺时光道 大平层 近海上世界 招商品牌物业 周边配套齐全,"近地铁
西南
民水民电
电梯房",3582.0,124700
南山,华侨城,燕晗山苑,2.0,2.0,98.68,1200,121605,411.0,燕晗山苑，高层视野开阔，业主诚心卖,"近地铁
新上
南
民水民电",1080.0,109444
南山,后海,蔚蓝海岸社区二期,3.0,2.0,101.05,950,94012,226.0,卖方是朋友全权委托蔚蓝海岸宜居小高层经典新装通透3房,"近地铁
新上
南北通
民水民电",855.0,84611
南山,蛇口,半山海景.兰溪谷一期,3.0,2.0,127.74,1450,113511,633.0,兰溪谷，精装三房，东南向，价格可谈,"近地铁
新上
东南
民水民电",1305.0,102160
南山,蛇口,万科蛇口公馆,3.0,2.0,102.0,1060,103921,114.0,精装三房 地铁口 户型方正 满五年急售,"近地铁
新上
西南
民水民电",954.0,93529
南山,深圳湾,恒裕滨城花园（一期）,4.0,2.0,168.35,2880,171072,192.0,豪华装修，看海景和河全景，看房方便，拎包莪术,"近地铁
南
民水民电
电梯房",2592.0,153965
南山,蛇口,半岛城邦花园二期,4.0,2.0,178.0,1688,94831,536.0,半岛城邦花园二期 5房 南北通透 看海景 价钱便宜,"近地铁
新上
西南
民水民电",1519.2,85348
南山,蛇口,半岛城邦花园二期,3.0,2.0,88.93,1098,123467,536.0,半岛城邦花园二期 3房 朝南 赠送多 诚心卖,"近地铁
新上
东南
民水民电",988.2,111120
罗湖,莲塘,航天晴山月名园,6.0,2.0,165.7,860,51901,437.0,晴山月大平层，板楼结构，厅正出阳台，南北通透，6个大房间超值,"近地铁
东南
民水民电
电梯房",774.0,46711
宝安,翻身,金汇名园,3.0,2.0,99.26,650,65484,816.0,金汇名园花园.居住舒适。地理位置优越.户型方正.休闲设施齐全,"近地铁
西南
民水民电
电梯房",585.0,58936
南山,南油,新一代大厦,2.0,2.0,70.63,460,65128,565.0,南油地铁口物业新一代大厦精装2房,"近地铁
新上
南
民水民电",414.0,58615
南山,西丽,金众麒麟公馆,3.0,2.0,110.0,980,89090,488.0,金众麒麟公馆住宅110平4房1150万业主诚心卖，价格可谈,"近地铁
西北
民水民电
电梯房",882.0,80181
罗湖,莲塘,聚福花园（二期）,3.0,2.0,95.61,380,39744,361.0,聚福花园，近盒马鲜生东南向，高楼层，大三房，满五唯1，看房,"近地铁
南
民水民电
电梯房",342.0,35770
坪山,领航,星航华府（二期）,3.0,2.0,87.04,368,42279,139.0,星航华府项目位于宝安区福永兴华路楼下是地铁书包房,"近地铁
新上
西北
民水民电",331.2,38051
龙岗,龙岗中心城,金地龙城中央（二期）,3.0,2.0,88.84,286,32192,519.0,三馆一城对面，金地龙城，精装修三房，业主急售，急售，看房方便,"近地铁
北
民水民电
电梯房",257.4,28973
南山,后海,蔚蓝海岸社区三期,3.0,2.0,128.11,1200,93669,293.0,地铁口近人才公园蔚蓝海岸三期业主诚心卖价格可以谈,"近地铁
新上
北
民水民电",1080.0,84302
龙华,上塘,水榭云上家园,3.0,2.0,111.56,670,60057,704.0,水榭云上家园 中间楼层 产权清晰 满五 医疗配套成熟,"近地铁
新上
南
民水民电",603.0,54051
南山,南油,新一代大厦,1.0,1.0,37.86,220,58108,565.0,新一代，精装一房，急售，价格可谈,"近地铁
北
民水民电
电梯房",198.0,52297
罗湖,莲塘,翠榕花园,2.0,2.0,78.0,300,38461,577.0,换房卖价可谈，南北向小三房采光好，满两年税少，近地铁站配套齐,"近地铁
南
民水民电
拎包入住",270.0,34615
盐田,盐田港,花样年花港家园,2.0,1.0,60.0,181,30166,998.0,精装修二房，花样年花港家园，高楼层，超向好。,"近地铁
南
民水民电
电梯房",162.9,27149
南山,南油,信和自由广场,1.0,1.0,42.54,300,70521,368.0,信和自由广场 地铁口旁精装 1 房,"近地铁
新上
西北
民水民电",270.0,63469
宝安,宝安中心区,都市茗荟花园(一期),5.0,2.0,239.23,2750,114952,326.0,宝中次心房，都市名荟花园，板楼大平房五房，毛坯随时看房价可谈,"近地铁
新上
南北通
民水民电",2475.0,103457
南山,后海,海月花园（一期）,4.0,2.0,123.48,998,80822,401.0,价格好谈，诚心急卖，税费低！,"近地铁
新上
南
民水民电",898.2,72740
南山,蛇口,半岛城邦花园二期,4.0,2.0,155.0,1730,111612,536.0,半岛城邦花园二期 3房 看海景 高层 诚心卖,"近地铁
南
民水民电
电梯房",1557.0,100451
龙岗,龙岗中心城,华业玫瑰郡,4.0,2.0,154.0,600,38961,330.0,业主向市场妥协！地铁口刚降价房源，精装，满五年急售，价格私聊,"近地铁
南
民水民电
有钥匙",540.0,35065
南山,南油,信和自由广场,2.0,2.0,68.55,450,65645,368.0,信和自由广场精装2房诚心卖,"近地铁
新上
东北
民水民电",405.0,59080
南山,蛇口,半岛城邦花园四期,2.0,1.0,102.0,1320,129411,674.0,半岛城邦花园四期 2房 保养好 看海景 诚心卖,"近地铁
新上
东南
民水民电",1188.0,116470
南山,深圳湾,卓越维港名苑(北区),5.0,2.0,172.42,2980,172833,433.0,房东急售 南北通透精装5房 看海景 无遮挡 视野开阔随时看房,"近地铁
新上
东南
民水民电",2682.0,155550
盐田,梅沙,倚天阁,1.0,,60.0,150,25000,,大梅沙倚天阁，新上房源,"南
民水民电
电梯房
拎包入住",135.0,22500
龙岗,龙岗中心城,东关岸上林居,4.0,2.0,85.77,295,34394,968.0,业主向市场妥协！地铁口刚降价房源，精装，满五年急售，价格私聊,"近地铁
新上
南
民水民电",265.5,30955
南山,深圳湾,鸿威海怡湾畔花园,3.0,2.0,88.83,1398,157379,522.0,鸿威海怡湾全新装修3房 看房方便,"近地铁
新上
东北
民水民电",1258.2,141641
南山,深圳湾,君汇新天花园,4.0,2.0,158.44,2380,150214,409.0,君汇新天好房推荐4房2厅高层使用率高,"近地铁
新上
南
民水民电",2142.0,135193
南山,深圳湾,恒裕滨城花园（一期）,3.0,2.0,111.33,2600,233539,192.0,本人就这楼下办公，从事地产10年，专业与你相伴,"近地铁
新上
南
民水民电",2340.0,210185
南山,后海,蔚蓝海岸社区首期,3.0,2.0,79.23,780,98447,113.0,蔚蓝海岸首期安静户型方正满五年诚意出售,"近地铁
新上
东北
民水民电",702.0,88602
罗湖,翠竹,华丽园,3.0,2.0,112.64,595,52823,358.0,华丽园精美三房，业主诚卖，看房方便，价钱找我有惊喜,"近地铁
西
民水民电
电梯房",535.5,47541
宝安,沙井,京基御景珑庭,3.0,2.0,94.99,400,42109,915.0,京基御景珑庭业主诚心出售,"近地铁
新上
南
民水民电",360.0,37898
南山,后海,漾日湾畔,4.0,2.0,145.37,1750,120382,347.0,漾日湾畔。南山后海地铁口。南山二外海德。万象城旁。南北通,"近地铁
南
民水民电
电梯房",1575.0,108344
南山,深圳湾,太古城花园（南区）,3.0,2.0,70.46,900,127732,163.0,东南看海，大阳台三个房间都景观房。地铁口诚意出售随时可以看房,"近地铁
新上
西南
民水民电",810.0,114959
龙岗,横岗,荣德SPACE,1.0,1.0,46.0,90,19565,150.0,急售一房。配套成熟，业主置换。可谈80W,"近地铁
东北
民水民电
电梯房",81.0,17608
宝安,沙井,四海云亭,4.0,2.0,127.57,400,31355,929.0,华侨城四海云亭4房出售,"近地铁
东南
民水民电
电梯房",360.0,28220
盐田,沙头角,桐林花园,4.0,2.0,209.53,868,41426,754.0,南北通透大平层！看梧桐山主峰！风景优美天然氧吧！超大阳台！,"近地铁
新上
南北通
民水民电",781.2,37283
南山,深圳湾,恒裕滨城花园（二期）,4.0,2.0,173.96,5300,304667,166.0,恒裕滨城二期170平实用220平精装4房3卫，高层看海有钥匙,"近地铁
新上
南北通
民水民电",4770.0,274200
南山,南山中心区,佳嘉豪苑,2.0,2.0,79.84,598,74899,428.0,双地铁口物业佳嘉豪二房安静不吵,"近地铁
新上
民水民电
电梯房",538.2,67409
宝安,宝安中心区,风临洲苑,3.0,2.0,99.85,700,70105,436.0,风临洲双地铁物业东南向4房2卫,"近地铁
东南
民水民电
电梯房",630.0,63094
罗湖,布心,观山盛苑,1.0,1.0,45.0,212,47111,944.0,花园式小区，近地铁近公园，业主诚心出售,"近地铁
东
民水民电
电梯房",190.8,42400
南山,华侨城,世界花园海华居,3.0,2.0,146.0,780,53424,385.0,世界之窗地铁口世界花园海华居中高层149平，红本在手，安静,"近地铁
东北
民水民电
电梯房",702.0,48082
南山,蛇口,海上世界双玺花园二期,5.0,2.0,335.0,7500,223880,830.0,蛇口双玺海之门01户型5房仅售,"近地铁
新上
西南
民水民电",6750.0,201492
南山,科技园,艺华花园,1.0,1.0,41.42,350,84500,786.0,艺华花园 精装 户型方正 通风采光好价格好谈,"近地铁
南
民水民电
拎包入住",315.0,76050
宝安,新安,嘉华花园东区,3.0,2.0,89.11,335,37593,194.0,嘉华花园东区在流塘路和前进路交汇处，在建15号线流塘站正地铁,"近地铁
新上
南
民水民电",301.5,33834
南山,深圳湾,太古城花园（南区）,3.0,2.0,78.62,1100,139913,163.0,2号线地铁口物业，宝能太古城，刚需上车三房，老业主诚心出售！,"近地铁
新上
北
民水民电",990.0,125922
南山,蛇口,海上世界双玺花园二期,5.0,3.0,335.91,6680,198862,830.0,便宜！01户型，双玺花园，高层一线海景，随时看，豪装的,"近地铁
新上
东南
民水民电",6012.0,178976
南山,蛇口,海上世界双玺花园三期,5.0,3.0,398.0,5800,145728,564.0,蕞便宜的一套，没住过，398平，可以看海景，豪华装修，随时看,"近地铁
西南
民水民电
电梯房",5220.0,131155
南山,南油,信和自由广场,2.0,2.0,71.59,500,69842,368.0,双地铁口物业信和自由广场两房安静不吵,"近地铁
新上
东北
民水民电",450.0,62858
南山,蛇口,海上世界双玺花园二期,4.0,2.0,258.67,4500,173966,830.0,双玺花园，03户型，降价出售，超高层，一线看海，便宜的,"近地铁
新上
东南
民水民电",4050.0,156569
龙岗,布吉,南威中心,3.0,2.0,89.06,218,24477,,中间楼层采光好空气清新看房方便,"北
民水民电
拎包入住
有钥匙",196.2,22029
南山,深圳湾,太古城花园（北区一期）,2.0,2.0,76.68,1050,136932,202.0,高楼层海景两房，一手诚意出售，随时可看房,"近地铁
东北
民水民电
拎包入住",945.0,123239
盐田,盐田港,玺悦山,4.0,2.0,130.0,450,34615,,准新房 双龙抱珠户型 看山看海、,"新上
东南
民水民电
电梯房",405.0,31154
龙岗,龙岗中心城,欧景城华庭,3.0,2.0,103.99,315,30291,646.0,精装大三房 小高层业主诚心出售 价格有空间配套齐全,"近地铁
北
民水民电
电梯房",283.5,27262
南山,后海,滨海之窗花园,3.0,2.0,106.0,1600,150943,599.0,海德本部  门店就在楼下 让孩子赢未来 手里多套笋盘 电联,"近地铁
新上
东南
民水民电",1440.0,135849
南山,后海,南粤明珠,3.0,2.0,85.0,868,102117,671.0,地铁口南二外海洋之心业主诚心卖价格可以谈,"近地铁
新上
东南
民水民电",781.2,91905
南山,蛇口,半岛城邦花园二期,4.0,2.0,178.0,1880,105617,536.0,高层，看海景，户型通透,"近地铁
新上
南
民水民电",1692.0,95055
龙岗,龙岗中心城,琳珠华庭,3.0,2.0,73.0,260,35616,709.0,业主急售，价格可谈，红本在手，看房方便,"近地铁
西北
民水民电
电梯房",234.0,32054
南山,深圳湾,鸿威海怡湾畔花园,3.0,2.0,88.83,1350,151975,522.0,老业主的物业，鸿威海怡湾花园，正规厅出阳台三房，诚心出售！,"近地铁
新上
西北
民水民电",1215.0,136778
龙华,观澜,观澜湖汉士达二区,5.0,5.0,753.0,2950,39176,680.0,有拓展，独栋别墅，可谈价，实图，保真，观澜湖汉士达，大花园，,"近地铁
新上
西
民水民电",2655.0,35258
龙华,观澜,和黄观湖园,4.0,2.0,147.35,870,59043,,有拓展，观湖园别墅，可谈价，实图，带花园，私家车位，,"东南
民水民电
有钥匙",783.0,53139
盐田,盐田港,梧桐翡翠花园,3.0,2.0,81.0,360,44444,,全南朝向的大三房高楼层可看海费用少看房有钥匙,"东南
民水民电
电梯房
有钥匙",324.0,40000
南山,蛇口,海上世界双玺花园一期,4.0,2.0,220.93,4500,203684,555.0,双玺花园一期，小洋房，看房随时看，降价便宜的，装修好，看海,"近地铁
新上
南
民水民电",4050.0,183316
福田,香蜜湖,熙园,4.0,2.0,199.43,3380,169483,320.0,香蜜湖熙园新出好房，4+1房。看房子方便。,"近地铁
新上
东北
民水民电",3042.0,152535
南山,蛇口,湾厦栖游记,1.0,1.0,29.99,300,100033,417.0,后海次新房湾厦栖游记一房安静不吵,"近地铁
南
民水民电
拎包入住",270.0,90030
南山,蛇口,花园城一期,2.0,1.0,57.55,520,90356,322.0,地铁口物业花园城一期二房安静不吵,"近地铁
新上
东
民水民电",468.0,81320
宝安,碧海,碧海君庭,2.0,2.0,87.42,576,65888,311.0,急！碧海双地铁次新，大两房双阳台，还价就卖，通勤宝中南山方便,"近地铁
新上
西南
民水民电",518.4,59299
盐田,沙头角,三环宿舍,2.0,1.0,48.67,168,34518,883.0,三环小区 沙头角站地铁口物业 复试户型 改好3房满五年税费少,"近地铁
东
民水民电
电梯房",151.2,31066
南山,南头,福海苑,1.0,,25.52,200,78369,671.0,1号线桃园站，11号线南山站，向南村公交站,"近地铁
东
民水民电
有钥匙",180.0,70532
盐田,沙头角,海港花园,8.0,3.0,311.41,1700,54590,390.0,海港花园别墅，价格可谈，配套齐全，交通便利,"近地铁
南
民水民电
精装修",1530.0,49131
南山,蛇口,半岛城邦花园一期,5.0,2.0,219.37,3450,157268,653.0,半岛城邦花园一期 前排 4房 看海景 诚心出售,"近地铁
新上
南
民水民电",3105.0,141541
南山,蛇口,湾厦栖游记,2.0,2.0,71.0,610,85915,417.0,地铁品次新小区湾厦栖游记业主诚心卖价格可以谈,"近地铁
新上
南
民水民电",549.0,77324
罗湖,莲塘,京基云景梧桐花园,8.0,4.0,242.73,2800,115354,755.0,京基开发，高海拔别墅区，小区新,"近地铁
南北通
民水民电
电梯房",2520.0,103819
南山,南油,新一代大厦,1.0,1.0,36.19,230,63553,565.0,新一代大厦精装一房诚心卖,"近地铁
新上
北
民水民电",207.0,57198
南山,科技园,豪方现代豪园,3.0,2.0,100.0,700,70000,,豪方现代豪园三房满五年高楼层,"南北通
民水民电
电梯房
拎包入住",630.0,63000
南山,南油,信和自由广场,3.0,2.0,87.1,630,72330,368.0,信和自由广场3房客厅出阳台带车位,"近地铁
新上
西南
民水民电",567.0,65097
南山,蛇口,海上世界双玺花园二期,5.0,2.0,257.63,4200,163024,830.0,降价！降价！03户型，高层，东南一线海景，诚意，便宜卖，豪装,"近地铁
新上
东南
民水民电",3780.0,146722
南山,蛇口,海上世界双玺花园三期,4.0,2.0,204.84,3580,174770,564.0,海上世界双玺花园精装3房价格可谈,"近地铁
东北
民水民电
电梯房",3222.0,157293
宝安,新安,白金时代公寓,3.0,2.0,43.36,430,99169,801.0,白金时代，43平方3房2厅，电梯房，红本商品住宅，近灵芝地铁,"近地铁
新上
南
民水民电",387.0,89252
罗湖,洪湖,翠盈嘉园,2.0,2.0,59.0,300,50847,736.0,翠盈嘉园，业主有心卖，配套齐全，租金高，采光通透,"近地铁
南
民水民电
电梯房",270.0,45762
龙岗,龙岗中心城,华策中心城,3.0,2.0,81.75,300,36697,949.0,上海外国语，精装修三房朝南通风采光好业主降价急售价格可谈,"近地铁
东南
民水民电
电梯房",270.0,33027
宝安,新安,品尚居,3.0,2.0,78.79,645,81863,595.0,3房户型 户型方正 使用率高 费用少 近地铁 价格可谈,"近地铁
东南
民水民电
电梯房",580.5,73677
南山,深圳湾,恒裕滨城花园（二期）,5.0,2.0,169.42,4480,264431,166.0,大平面，大阳台，看海景，住家装修,"近地铁
东南
民水民电
电梯房",4032.0,237988
龙华,龙华中心,青年城邦园,2.0,2.0,57.81,245,42380,107.0,青年城邦园又称为五米阳光精装修2房换房诚心出售,"近地铁
新上
南
民水民电",220.5,38142
龙岗,龙岗中心城,非凡空间阁,1.0,2.0,56.44,225,39865,152.0,非凡空间 近地铁 朝南 商品住宅 近医院 中间楼层采光好,"近地铁
民水民电
电梯房
有钥匙",202.5,35878
南山,蛇口,南海玫瑰园（三期）,2.0,2.0,86.6,830,95842,446.0,南海玫瑰花园三期 2房 看花园 价钱便宜,"近地铁
南
民水民电
电梯房",747.0,86258
福田,福田口岸,港田花园,2.0,2.0,58.03,285,49112,479.0,港田花园看市区景观，2房户型方正，住家好,"近地铁
东北
民水民电
拎包入住",256.5,44201
福田,香蜜湖,山语清晖,4.0,2.0,192.4,1600,83160,,香蜜湖半山次新房，新上四房笋盘，户型实用，总价低，急卖,"东西通
民水民电
电梯房
有钥匙",1440.0,74844
南山,后海,滨海之窗花园,3.0,2.0,108.37,1580,145796,599.0,海德本部  门店就在楼下 让孩子赢未来 手里多套笋盘 电联,"近地铁
东
民水民电
电梯房",1422.0,131216
南山,蛇口,半岛城邦花园二期,4.0,2.0,158.1,2200,139152,536.0,半岛城邦花园二期 4房 高层 看海景 南北通透,"近地铁
新上
南
民水民电",1980.0,125237
南山,蛇口,半岛城邦花园三期,4.0,2.0,141.0,3600,255319,794.0,半岛城邦花园三期 高层 4房 看海景 南北通透,"近地铁
新上
东南
民水民电",3240.0,229787
福田,竹子林,建业大厦,2.0,1.0,63.6,1000,157232,388.0,建业大厦，新上高层两房，户型实用，价格空间大，深高护航,"近地铁
新上
南
民水民电",900.0,141509
南山,蛇口,南海玫瑰园（一期）,4.0,2.0,145.69,1500,102958,446.0,南海玫瑰园一期 4房 保养好 朝南 诚心卖,"近地铁
南北通
民水民电
拎包入住",1350.0,92662
盐田,沙头角,云深处,5.0,3.0,255.0,2460,96470,990.0,梧桐半山上，天然氧吧，独栋别墅，上下三层，带前后私家花园,"近地铁
南
民水民电
电梯房",2214.0,86823
南山,蛇口,南海玫瑰园（三期）,2.0,2.0,86.6,850,98152,446.0,南海玫瑰花园三期 2房 高层 看海景 看房方便,"近地铁
南
民水民电
电梯房",765.0,88337
罗湖,翠竹,海洋大厦,1.0,,36.24,205,56567,129.0,翠外小户型，楼下地铁口，红本满五，诚意出售价格好谈,"近地铁
新上
东南
民水民电",184.5,50910
宝安,桃源居,润科华府（一期）,3.0,2.0,89.86,340,37836,844.0,润科华府精装三房，满五唯一，红本在手，朝南看花园，看房方便,"近地铁
新上
南
民水民电",306.0,34052
罗湖,人民南,海丰苑,3.0,1.0,64.57,240,37168,81.0,海丰苑，三房租金8000，看房方便,"近地铁
西北
民水民电
电梯房",216.0,33451
福田,莲花,美莲大厦,2.0,2.0,85.56,600,70126,650.0,莲花一村带电梯86平米精装拎包入住看房方便有钥匙,"近地铁
新上
南
民水民电",540.0,63113
南山,南油,新一代大厦,1.0,1.0,36.75,195,53061,565.0,中间楼层，朝小区花园安静，红本满五一套，急售,"近地铁
新上
北
民水民电",175.5,47755
南山,蛇口,半岛城邦花园一期,3.0,2.0,135.79,1750,128875,653.0,半岛城邦花园一期 4房 高层 看海景 保养好 诚心卖,"近地铁
新上
西南
民水民电",1575.0,115988
南山,蛇口,南海玫瑰园（三期）,4.0,3.0,262.34,3780,144087,446.0,南海玫瑰花园三期 前排复试 4房 看海景 诚心卖,"近地铁
新上
南
民水民电",3402.0,129678
南山,蛇口,南海玫瑰园（三期）,5.0,2.0,225.45,3300,146373,446.0,南海玫瑰花园三期 4房 看海景 南北通透,"近地铁
新上
南
民水民电",2970.0,131736
南山,南油,信和自由广场,1.0,1.0,50.41,330,65463,368.0,信和自由广场东南向小2房,"近地铁
新上
东南
民水民电",297.0,58917
大鹏,大鹏,承翰半山海,2.0,2.0,79.0,168,21265,,承翰半山海，全新复式毛坯，业主诚心出售,"南
民水民电
电梯房
有钥匙",151.2,19138
罗湖,莲塘,桐景花园,3.0,2.0,106.0,508,47924,534.0,口岸物业，家门口莲南、近地铁、近盒马、近罗外，钥匙挂在脖子上,"近地铁
东北
民水民电
电梯房",457.2,43132
龙岗,龙岗中心城,瑞华园,4.0,2.0,125.02,520,41593,417.0,瑞华园 南北通透 赠送45平方 地铁口,"近地铁
南
民水民电
电梯房",468.0,37434
福田,香蜜湖,香蜜苑,4.0,2.0,88.0,1410,160227,650.0,香蜜公园对面，楼下福田书包，购物方便，香蜜湖次新,"近地铁
新上
南北通
民水民电",1269.0,144204
盐田,盐田港,花样年花港家园,1.0,1.0,42.0,115,27380,998.0,（花样年花港家园）改好两房 房东急售 价格可谈 看房方便,"近地铁
南
民水民电
电梯房",103.5,24642
南山,后海,蔚蓝海岸社区二期,2.0,2.0,75.54,765,101270,226.0,地铁口近人才公园蔚蓝海岸二期业主诚心卖价格可以谈,"近地铁
新上
东南
民水民电",688.5,91143
盐田,盐田港,金山碧海,3.0,2.0,87.5,350,40000,,高使用率复式房 安静3房2卫 满五年、,"南北通
民水民电
电梯房
拎包入住",315.0,36000
罗湖,莲塘,仙桐御景家园,2.0,2.0,64.73,410,63340,375.0,高层 户型 方正业主 诚心出售 看 房 随时方便,"近地铁
北
民水民电
带家私",369.0,57006
盐田,盐田港,佳兆业西山吓庭苑,4.0,2.0,119.63,380,31764,,佳兆业新小区  南北通透精装四房看房随时方便 价格可以谈,"新上
南北通
民水民电
电梯房",342.0,28588
南山,深圳湾,三湘海尚花园二期,4.0,2.0,228.41,4800,210148,581.0,三湘海尚别墅大平层，目前很诚心的一套，捡漏看过来,"近地铁
南
民水民电
电梯房",4320.0,189133
南山,深圳湾,太古城花园（南区）,2.0,1.0,52.0,620,119230,163.0,深圳湾便宜小二房出售,"近地铁
新上
西南
民水民电",558.0,107307
罗湖,万象城,城市天地广场,2.0,1.0,59.78,350,58548,489.0,城市天地广场2房，万象城商圈成熟，精装修，拎包入住，诚心可刀,"近地铁
东
民水民电
电梯房",315.0,52693
南山,后海,海月花园（二期）,4.0,2.0,167.59,1450,86520,289.0,降价急售 单价8字头买168平大四房 东南向大阳台 育才三中,"近地铁
民水民电
电梯房
精装修",1305.0,77868
龙华,红山,汇龙湾花园(龙华),4.0,2.0,118.56,1250,105431,476.0,红山深高北改善大4房，户型一房难求,"近地铁
新上
南北通
民水民电",1125.0,94888
南山,后海,滨海之窗花园,3.0,2.0,85.16,1200,140911,599.0,滨海之窗。南山后海地铁口。南二外海德。可改三房,"近地铁
新上
东北
民水民电",1080.0,126820
南山,蛇口,海上世界双玺花园二期,2.0,2.0,204.84,3500,170865,830.0,06户型，降价出售，便宜，豪装，可以看海景，可以看房，实用的,"近地铁
南
民水民电
电梯房",3150.0,153778
罗湖,莲塘,聚宝花园（12栋）,2.0,2.0,81.53,240,29437,396.0,户型方正 业主 诚心出售人车分离 小区 看房方便,"近地铁
南
民水民电
拎包入住",216.0,26493
福田,莲花,深业上城,2.0,2.0,165.7,1580,95353,465.0,新出2房急卖价格可以谈,"近地铁
南
民水民电
精装修",1422.0,85818
南山,蛇口,半岛城邦花园一期,4.0,2.0,164.0,2700,164634,653.0,前排，海景，精装修。,"近地铁
新上
西南
民水民电",2430.0,148171
罗湖,莲塘,赛普振华苑,1.0,1.0,51.3,240,46783,371.0,居家大一房可改小两房，正南向看山景，满五年红本在手水费少,"近地铁
南
民水民电
有钥匙",216.0,42105
龙岗,龙岗中心城,全盛御景湾花园,4.0,2.0,89.0,418,46966,569.0,《保真保看》别人家装修不喜欢 打掉还要另外花钱 价格还可以谈,"近地铁
南
民水民电
有钥匙",376.2,42269
盐田,梅沙,八十步海寓（海丽晶商住园）,2.0,1.0,99.78,160,16035,,(大梅沙地铁口 端头位湖景房 精装拎包住 满五年税少)湖心岛,"东
民水民电
电梯房
拎包入住",144.0,14432
宝安,新安,雅仕阁,2.0,1.0,57.26,400,69856,125.0,诚心出售看房方便价格可谈,"近地铁
东
民水民电
电梯房",360.0,62870
宝安,碧海,槟城西岸华庭,4.0,2.0,103.0,800,77669,536.0,宝中碧海湾地铁站旁槟城西岸复式4房红本满五年高性价比出售有匙,"近地铁
新上
南
民水民电",720.0,69902
宝安,宝安中心区,天御豪庭,6.0,2.0,292.56,3800,129887,329.0,宝中壹方城对面天御豪庭2梯2户高实用率7房大复式仅此一套在售,"近地铁
南
民水民电
有钥匙",3420.0,116898
龙岗,龙岗中心城,绿色满庭芳,4.0,2.0,163.0,680,41717,,看高尔夫景观房复式3层带大陆台双套房设计随时看房,"南
民水民电
有钥匙",612.0,37545
盐田,盐田港,御景台,4.0,2.0,119.0,480,40336,607.0,大复式南北通透四房靠近地铁口住家安静,"近地铁
南
民水民电
电梯房",432.0,36302
宝安,新安,白金酒店公寓,1.0,1.0,33.76,145,42950,675.0,户型方正 使用率高 近地铁 配套成熟 价格可谈,"近地铁
东南
民水民电
电梯房",130.5,38655
南山,蛇口,招商桃花园二期,2.0,2.0,70.74,650,91885,579.0,精装两房，东南向，价格可谈,"近地铁
新上
南
民水民电",585.0,82696
龙岗,龙岗中心城,珑瑜,2.0,2.0,57.21,93,16255,678.0,大运片区，两位数入住精装2房，地铁口，高楼层，看房方便可议价,"近地铁
东北
民水民电
精装修",83.7,14630
盐田,沙头角,三环宿舍,2.0,1.0,48.27,158,32732,883.0,三环小区 出小区门口 地铁口公交站 300米沙头角关口,"近地铁
南
民水民电
电梯房",142.2,29459
宝安,新安,恒丰工业城,2.0,2.0,41.97,60,14295,,红本商品房，价格超便宜，60万，南北通透，有书包,"南
民水民电
带家私
有钥匙",54.0,12866
罗湖,莲塘,鹏兴花园（五期）,3.0,2.0,81.0,320,39506,632.0,鹏兴大花园社区优质三房,"近地铁
新上
南
民水民电",288.0,35555
罗湖,地王,木材公司宿舍,3.0,2.0,94.47,380,40224,216.0,小区房 实用面积高 周边生活方便 住家舒适,"近地铁
新上
民水民电",342.0,36202
盐田,盐田港,望辰府,4.0,2.0,109.34,360,32924,,2025年新房，精装南北通透，送空调，拎包入住，山景高层,"新上
东南
民水民电
电梯房",324.0,29632
南山,西丽,湖彬苑,2.0,1.0,67.53,440,65156,319.0,客厅出大阳台塘朗山景高楼层,"近地铁
新上
北
民水民电",396.0,58640
盐田,盐田港,山海四季城,3.0,2.0,80.0,420,52500,,山海四季城，送38平，地铁口，车位充足，东南向，新装修,"新上
东南
民水民电
电梯房",378.0,47250
盐田,沙头角,诗宁大厦,2.0,2.0,72.61,248,34155,390.0,近地铁，壹海城，海滨栈道，精装2房，周边配套齐全,"近地铁
民水民电
电梯房
拎包入住",223.2,30740
福田,香蜜湖,栖棠映山,4.0,2.0,170.21,1530,89888,,鸟语花香 户型经典 专梯入户 南北通透 豪华装修  拎包入住,"新上
西南
民水民电
电梯房",1377.0,80899
南山,华侨城,首地容御花园,2.0,2.0,89.53,880,98291,,首地容御小高层精装南向大两房，业主诚意急卖！,"新上
南
民水民电
电梯房",792.0,88462
罗湖,翠竹,翡翠公寓,3.0,1.0,59.0,250,42372,529.0,翡翠公寓，业主诚心放卖，豪华装修，看房方便，交通便利,"近地铁
新上
民水民电
电梯房",225.0,38135
宝安,沙井,保利达小行星,1.0,1.0,20.0,45,22500,,湾景时代 精装小公寓 温馨小家,"新上
北
民水民电
电梯房",40.5,20250
南山,后海,育德佳园（一期）,2.0,2.0,72.17,560,77594,438.0,地铁口，正南大两房，只需契税，急售。,"近地铁
南
民水民电
精装修",504.0,69835
宝安,福永,华强城,3.0,2.0,89.0,415,46629,140.0,华强城三房 什么叫真正笋盘  看看这套你会明白！急售,"近地铁
新上
南
民水民电",373.5,41966
罗湖,翠竹,翡翠公寓,3.0,2.0,51.0,230,45098,529.0,价钱可谈 3房南北通使用面积70多平 近双地铁,"近地铁
新上
东
民水民电",207.0,40588
罗湖,翠竹,益田御龙天地华府一期,3.0,2.0,93.0,670,72043,,御龙天地华府三房出售，价格可谈,"西南
民水民电
电梯房
有钥匙",603.0,64839
罗湖,翠竹,德弘天下华府,2.0,2.0,69.0,548,79420,450.0,深中 锦田 近公园 地铁 看房提前约,"近地铁
新上
东南
民水民电",493.2,71478
南山,蛇口,四海公寓,3.0,2.0,88.4,950,107466,757.0,四海公寓，公园物业，端头位，户型方正，采光好，近四海公园,"近地铁
东
民水民电
电梯房",855.0,96719
南山,蛇口,有方育才家园,1.0,1.0,31.0,290,93548,809.0,有方育才家园，精装小户型，采光好，安静舒适，近育才二小三中,"近地铁
南
民水民电
电梯房",261.0,84193
南山,蛇口,招商桃花园一期,3.0,2.0,90.0,760,84444,349.0,蛇口招商桃花园，精装2房，育三中二小,"近地铁
新上
民水民电
电梯房",684.0,76000
南山,蛇口,花园城五期,4.0,2.0,139.62,1400,100272,203.0,此房挂牌价格贵一点，但是价格可以谈,"近地铁
新上
东南
民水民电",1260.0,90245
罗湖,翠竹,益田御龙天地华府二期,4.0,2.0,122.0,1388,113770,,业主多套房源，小区环境优美，配套齐全，租金高，采光通透,"东北
民水民电
电梯房
有钥匙",1249.2,102393
罗湖,翠竹,益田御龙天地华府一期,3.0,2.0,92.0,782,85000,,业主多套房源，小区环境优美，配套齐全，租金高，采光通透,"东南
民水民电
电梯房
有钥匙",703.8,76500
罗湖,翠竹,益田御龙天地华府二期,3.0,2.0,114.32,860,75227,,御龙华府益田假日业主诚心出售,"新上
南
民水民电
电梯房",774.0,67704
南山,前海,佳兆业前海广场二期,3.0,2.0,69.95,330,47176,835.0,前海广场 精装三房 中空复式 近公园 地铁口,"近地铁
新上
西
民水民电",297.0,42458
罗湖,银湖,专家公寓,3.0,2.0,126.0,600,47619,882.0,罗湖银湖专家公寓户型方正南北通透下楼就是银湖公园,"近地铁
南
民水民电
拎包入住",540.0,42857
罗湖,东门,新世界大厦,1.0,,27.0,89,32962,95.0,次新房，楼下地铁口，住家方便，业主诚心卖，价格可以谈,"近地铁
新上
北
民水民电",80.1,29666
福田,皇岗,皇庭居,1.0,2.0,47.86,380,79398,214.0,近口岸小两房诚意出售,"近地铁
新上
北
民水民电",342.0,71458
南山,深圳湾,太古城花园（南区）,2.0,1.0,46.82,600,128150,163.0,太古城，自住诚心卖，价格好谈，看房方便！,"近地铁
新上
南
民水民电",540.0,115335
南山,科技园,深南花园,3.0,2.0,99.5,900,90452,371.0,前海优质好房,"近地铁
南
民水民电
精装修",810.0,81407
南山,蛇口,华联城市中心,1.0,1.0,58.0,460,79310,436.0,华联城市中/心 交通便捷 精装可拎包入住 满五,"近地铁
西南
民水民电
电梯房",414.0,71379
宝安,西乡,福中福花园,3.0,2.0,84.71,460,54302,670.0,大仟里商圈双地铁南北通透4房,"近地铁
新上
东南
民水民电",414.0,48872
南山,南头,园丁楼,3.0,2.0,83.43,586,70238,363.0,南山业主诚心卖价格可谈近地铁近医院交通便利,"近地铁
南北通
民水民电
有钥匙",527.4,63214
南山,南头,深华园,2.0,1.0,46.0,330,71739,637.0,南山南新路小2房诚心卖价格可谈,"近地铁
新上
南
民水民电",297.0,64565
南山,南山中心区,海印长城小区一期,2.0,2.0,74.89,625,83455,351.0,海印长城小区业主诚心出售看房方便价格惊喜,"近地铁
新上
北
民水民电",562.5,75110
龙华,龙华中心,青年城邦园,1.0,1.0,40.57,230,56692,107.0,青年城邦园精装修1房1厅出售地铁口周边配套全齐,"近地铁
新上
南
民水民电",207.0,51023
龙华,民治,锦绣时代广场,1.0,1.0,27.0,200,74074,,锦绣时代精装修1房1厅出售周边配套全齐,"新上
南
民水民电
电梯房",180.0,66667
罗湖,翠竹,益田御龙天地华府一期,3.0,2.0,111.0,850,76576,,业主急售，降价20万，钥匙在手，随时看房,"新上
西北
民水民电
电梯房",765.0,68918
罗湖,翠竹,益田御龙天地华府一期,3.0,1.0,106.0,760,71698,,益田御龙天地出证啦！12万平米商业综合体,"新上
南
民水民电
电梯房",684.0,64528
南山,南山中心区,厚德品园,3.0,2.0,73.42,780,106238,506.0,学府路与南海大道交汇处东北角 北临深圳大学,"近地铁
新上
东北
民水民电",702.0,95614
南山,后海,南粤明珠,3.0,2.0,84.67,868,102515,671.0,南二外海德本部可用，业主自己住，价格有优惠，看房方便,"近地铁
新上
东
民水民电",781.2,92264
南山,前海,太子山庄,3.0,2.0,94.0,520,55319,562.0,园林式小区对着荔林公园和大南山小区安静配套齐全,"近地铁
新上
南
民水民电",468.0,49787
罗湖,翠竹,益田御龙天地华府二期,3.0,2.0,117.45,848,72200,,次新房，御龙华府3房2卫,"新上
东南
民水民电
电梯房",763.2,64980
龙岗,布吉,超群大厦,2.0,1.0,59.0,180,30508,602.0,布吉超群大厦2房1厅满5年红本卖,"近地铁
新上
东南
民水民电",162.0,27457
南山,深圳湾,卓越维港名苑(北区),4.0,2.0,143.0,2800,195804,433.0,维港名苑业主诚心出售看房方便价格惊喜,"近地铁
新上
南北通
民水民电",2520.0,176224
宝安,碧海,前海铂寓,1.0,1.0,59.79,388,64893,968.0,前海企鹅岛真商务公寓高性价比,"近地铁
新上
北
民水民电",349.2,58404
南山,蛇口,半岛城邦花园四期,1.0,2.0,88.0,1288,146363,674.0,半岛城邦花园四期 1房 看海景 保养好 诚心卖,"近地铁
新上
南
民水民电",1159.2,131727
南山,蛇口,海上世界双玺花园二期,2.0,1.0,202.53,3300,162938,830.0,看海景，复式，东南，无遮挡，降价，可以谈的，中空,"近地铁
新上
东南
民水民电",2970.0,146644
宝安,西乡,越秀和樾府,3.0,2.0,110.0,980,89090,,和樾府尖岗山低密生态豪宅区,"南北通
民水民电
电梯房
精装修",882.0,80181
福田,香蜜湖,阳光高尔夫大厦(银座国际),1.0,1.0,84.5,520,61538,103.0,近深高和外国语阳光高尔夫满五年免无增值税急售楼下地铁车公庙站,"近地铁
南
民水民电
电梯房",468.0,55384
罗湖,翠竹,益田御龙天地华府二期,3.0,2.0,113.5,850,74889,,御龙新上朝南业主换房急售看房提前约红本在手看房方便,"新上
东南
民水民电
电梯房",765.0,67400
南山,前海,招商前海领尚公馆,1.0,1.0,41.0,399,97317,234.0,招商前海领尚公馆项目距离5号线(环中线)妈湾站493米,"近地铁
新上
南北通
民水民电",359.1,87585
南山,前海,招商领玺家园,3.0,2.0,119.42,1150,96298,245.0,前海高品质次新南向3房两卫投资首选,"近地铁
新上
东南
民水民电",1035.0,86668
南山,蛇口,南海玫瑰园（三期）,4.0,2.0,152.59,2200,144177,446.0,环境优美舒适 南海玫瑰花园三期 精装4房看房方便 价格可以谈,"近地铁
南
民水民电
电梯房",1980.0,129759
南山,蛇口,海上世界双玺花园三期,4.0,2.0,205.0,2800,136585,564.0,205平，小平层，豪装，降价急卖，看房方便，实用，随时看,"近地铁
新上
北
民水民电",2520.0,122926
罗湖,布心,丰湖大厦,1.0,1.0,43.55,145,33295,520.0,业主急卖，满五年，红本在手,"近地铁
民水民电
电梯房
有钥匙",130.5,29966
南山,前海,泛海城市广场（三期）,1.0,1.0,39.0,168,43076,415.0,前海真公寓2房，带燃气有阳台，比住宅配套的完善，欢迎来电咨询,"近地铁
南
民水民电
电梯房",151.2,38768
罗湖,翠竹,益田御龙天地华府二期,4.0,2.0,197.22,1835,93043,,诚心出售，价格可议,"东北
民水民电
电梯房
有钥匙",1651.5,83739
罗湖,翠竹,益田御龙天地华府二期,3.0,2.0,114.55,912,79615,,次新房 高层 楼下益田假日广场 生活便利,"新上
南
民水民电
电梯房",820.8,71654
罗湖,东门,缤纷时代家园,1.0,1.0,36.59,360,98387,325.0,螺岭就在楼下 围合式小区花园 户型好精装修,"近地铁
东北
民水民电
拎包入住",324.0,88548
龙岗,龙城,和昌拾里花都,1.0,,28.28,56,19801,,低总价精装公寓，收租神器，大社区配套完善,"新上
南北通
民水民电
拎包入住",50.4,17821
龙岗,布吉,紫瑞花园（半山道1号）,8.0,4.0,511.67,3500,68403,,半山道一号，毛坯出售，欢迎预约看房,"南北通
民水民电
电梯房
有钥匙",3150.0,61563
南山,后海,漾日湾畔,3.0,2.0,98.0,1100,112244,347.0,海德本部  门店就在楼下 让孩子赢未来 手里多套笋盘 电联,"近地铁
新上
西南
民水民电",990.0,101020
罗湖,翠竹,益田御龙天地华府二期,4.0,2.0,122.0,900,73770,,楼下配有大型商超，生活购物方便，富有生活气息,"新上
东
民水民电
电梯房",810.0,66393
罗湖,翠竹,益田御龙天地华府二期,4.0,2.0,122.0,976,80000,,益田御龙天  四房两卫  业主诚心出售   价格可谈,"西北
民水民电
电梯房
有钥匙",878.4,72000
南山,蛇口,城市山林二期,3.0,2.0,112.52,1200,106647,246.0,9号线地铁口物业，城市山林二大三房，高楼层，装修保养好，税少,"近地铁
新上
北
民水民电",1080.0,95982
光明,公明中心区,正兆景嘉园,3.0,2.0,88.87,310,34882,850.0,入户花园面积大，居住舒适,"近地铁
新上
南
民水民电",279.0,31394
南山,蛇口,招商桃花园一期,3.0,2.0,88.0,720,81818,349.0,招商桃花园精装2房育三中二小,"近地铁
新上
东南
民水民电",648.0,73636
南山,蛇口,南海玫瑰园（一期）,6.0,3.0,237.0,2350,99156,446.0,能够看海景的房子 上下两层 南海玫瑰园一期 精装 特别推荐,"近地铁
新上
民水民电
带家电",2115.0,89240
南山,南山中心区,海印长城小区二期,2.0,2.0,75.56,780,103229,382.0,海印长城2室业主诚心放卖,"近地铁
新上
东
民水民电",702.0,92906
南山,蛇口,海上世界双玺花园二期,2.0,2.0,205.0,2800,136585,830.0,双玺花园二期205平米3房复式山海景观业主换房需要用现金出售,"近地铁
新上
西北
民水民电",2520.0,122926
南山,蛇口,南海玫瑰园（一期）,2.0,1.0,80.0,750,93750,446.0,精装两房，高楼层看海景，价格可谈,"近地铁
新上
南
民水民电",675.0,84375
南山,南油,新一代大厦,1.0,1.0,37.52,245,65298,565.0,新一代大厦端头位精装一房诚心卖,"近地铁
新上
西
民水民电",220.5,58768
龙岗,横岗,信义锦绣花园,3.0,2.0,94.0,298,31702,455.0,急售好房14号线地铁口。价位可谈，户型好,"近地铁
新上
西北
民水民电",268.2,28532
罗湖,翠竹,益田御龙天地华府一期,4.0,2.0,136.0,1300,95588,,业主房产证已满五年，且只有一套房产,"新上
东
民水民电
电梯房",1170.0,86029
罗湖,翠竹,水电大厦,4.0,2.0,130.0,700,53846,496.0,水电大厦业主换房急售看房方便满五年只有一套议价空间大,"近地铁
南北通
民水民电
有钥匙",630.0,48461
罗湖,翠竹,益田御龙天地华府二期,4.0,2.0,122.0,850,69672,,御龙天地四房两卫业主急售看好议价空间大中间楼层红本在手,"新上
东
民水民电
电梯房",765.0,62705
罗湖,翠竹,益田御龙天地华府一期,3.0,2.0,104.0,930,89423,,益田出证啦，南向三房，景观好。,"新上
东南
民水民电
电梯房",837.0,80481
南山,蛇口,雍景湾花园,3.0,2.0,89.07,2150,241383,787.0,雍景湾花园：三房两个卫生间主卧带阳台看房方便,"近地铁
新上
南北通
民水民电",1935.0,217245
南山,蛇口,南海玫瑰园（三期）,4.0,2.0,136.1,2100,154298,446.0,南海玫瑰花园三期 1楼 带花园 赠送多 诚心卖,"近地铁
新上
南
民水民电",1890.0,138868
罗湖,翠竹,益田御龙天地华府二期,4.0,2.0,170.44,1450,85073,,益田御龙天地，25年新房，大平层，红本在手，翠外+地铁+医疗,"南
民水民电
电梯房",1305.0,76566
龙华,观澜,和黄观湖园,7.0,3.0,526.0,3600,68441,,观湖园别墅，毛坯，南北向，上下共四层，带大花园和私家车库,"新上
东南
民水民电
有钥匙",3240.0,61597
罗湖,翠竹,益田御龙天地华府二期,3.0,2.0,114.0,860,75438,,罗湖城准芯读双名助教学 满二年看房 探底价私我助您置好物,"东
民水民电
电梯房",774.0,67894
南山,蛇口,雍景湾花园,2.0,2.0,86.5,2150,248554,787.0,雍景湾花园：全南向两房也可以整套卖，视野景观很好，安静无遮挡,"近地铁
新上
南北通
民水民电",1935.0,223699
南山,蛇口,半岛城邦花园三期,4.0,2.0,140.0,2550,182142,794.0,半岛城邦花园三期 140平 4房 高层 看海景 诚心卖,"近地铁
新上
南
民水民电",2295.0,163928
龙华,龙华中心,华盛珑悦花园,3.0,2.0,51.0,250,49019,898.0,华盛珑悦公寓 精装修的一套loft交通便利 小区新,"近地铁
新上
南
民水民电",225.0,44117
南山,蛇口,半岛城邦花园二期,4.0,2.0,85.31,1800,210995,536.0,环境优美舒适 半岛城邦花园二期 精装2房 看一线海景的房子,"近地铁
新上
东南
民水民电",1620.0,189896
南山,蛇口,海上世界双玺花园二期,5.0,3.0,335.0,7300,217910,830.0,01户型！！！A座，降价出售，诚意卖，看房预约，可以谈，豪装,"近地铁
新上
东南
民水民电",6570.0,196119
南山,蛇口,海上世界双玺花园三期,5.0,3.0,398.4,13000,326305,564.0,400平，双玺花园三期，高层一线海景，随时看房，豪装，没住过,"近地铁
新上
西南
民水民电",11700.0,293674
宝安,西乡,大益广场,3.0,2.0,113.0,500,44247,846.0,西乡大益广场 113平方大三房  实用面积高 满5年红本,"近地铁
南
民水民电
电梯房",450.0,39822
福田,上下沙,红树华府,2.0,2.0,83.09,708,85208,482.0,福田红树林旁次新房安静实用大两房居家安静舒适满五年税费少,"近地铁
南
民水民电
电梯房",637.2,76687
南山,蛇口,雍景湾花园,3.0,2.0,88.0,1220,138636,787.0,育才集团招商雍景湾3房满五价格好谈,"近地铁
新上
东南
民水民电",1098.0,124772
南山,蛇口,半岛城邦花园三期,2.0,2.0,85.0,2100,247058,794.0,深圳半岛城邦，城市封面，优质资产，一线海景，欲购从速,"近地铁
新上
南
民水民电",1890.0,222352
南山,蛇口,半岛城邦花园三期,4.0,2.0,169.0,3980,235502,794.0,深圳湾半岛城邦，城市封面，一线海景，优质资产，欲购从速,"近地铁
新上
南
民水民电",3582.0,211952
南山,南油,金海岸大厦,2.0,1.0,56.56,349,61704,480.0,业主诚心出售看房方便安静在后海楼层好朝南,"近地铁
新上
南
民水民电",314.1,55534
南山,深圳湾,太古城花园（南区）,3.0,2.0,78.0,1100,141025,163.0,高楼层南北通透大3房装修配置很好业主满5年急售,"近地铁
新上
东南
民水民电",990.0,126922
南山,深圳湾,太古城花园（南区）,3.0,2.0,78.0,960,123076,163.0,宝能太古城南区79平精装三房,"近地铁
新上
东南
民水民电",864.0,110768
南山,深圳湾,君汇新天花园,4.0,2.0,158.0,2280,144303,409.0,高赠送大4房南北通透高楼层视野景观开阔无遮挡业主急售,"近地铁
新上
南
民水民电",2052.0,129873
南山,蛇口,招商桃花园二期,3.0,2.0,101.0,830,82178,579.0,招商桃花园安静户型方正满五年正南向新装修诚意出售,"近地铁
新上
南
民水民电",747.0,73960
罗湖,银湖,金碧苑,3.0,2.0,113.47,500,44064,362.0,银湖地铁口物业金碧苑小区安静舒适依山傍水山门就是新建的公园,"近地铁
新上
南
民水民电",450.0,39658
罗湖,布心,观山祥苑,3.0,2.0,145.0,599,41310,654.0,布心山湖居、东湖路、金威啤酒街，购物和出行都很方便,"近地铁
东北
民水民电
电梯房",539.1,37179
南山,深圳湾,恒裕滨城花园（一期）,3.0,2.0,113.0,2500,221238,192.0,本人从事地产10年，值得信奈，南北通透，看海景,"近地铁
新上
南北通
民水民电",2250.0,199114
南山,深圳湾,恒裕滨城花园（二期）,4.0,,167.92,4500,267984,166.0,恒裕滨城二期169平精装四房诚心出售,"近地铁
新上
南
民水民电",4050.0,241186
南山,深圳湾,恒裕滨城花园（二期）,4.0,2.0,88.5,2580,291525,166.0,恒裕滨城二期89平精装四房诚心出售,"近地铁
新上
东北
民水民电",2322.0,262372
南山,蛇口,南海玫瑰园（一期）,4.0,2.0,143.0,1480,103496,446.0,南海玫瑰园一期 4房 高层 保养好 诚心卖,"近地铁
新上
南
民水民电",1332.0,93146
南山,蛇口,海上世界双玺花园三期,1.0,1.0,88.0,930,105681,564.0,双玺花园，88平，看海景，降价急卖，全新装修，随时看房,"近地铁
新上
东南
民水民电",837.0,95113
南山,后海,澳城花园（一期）,6.0,2.0,181.78,2900,159533,624.0,澳城花园，赠送超多，南北通透户型，价格可谈,"近地铁
民水民电
电梯房
精装修",2610.0,143580
南山,后海,澳城1618（二期）,4.0,2.0,87.76,1900,216499,,澳城1618 诚心出售 价格可谈 看房方便,"新上
南
民水民电
电梯房",1710.0,194849
南山,蛇口,半岛城邦花园一期,2.0,2.0,86.69,1100,126888,653.0,急售看一线海景的房子 半岛城邦花园一期 精装2房 看房随时约,"近地铁
新上
东北
民水民电",990.0,114199
南山,蛇口,半岛城邦花园一期,4.0,2.0,164.0,2200,134146,653.0,半岛城邦花园一期 4房 南北通透 看海景,"近地铁
新上
西南
民水民电",1980.0,120731
南山,蛇口,湾厦栖游记,2.0,2.0,57.3,560,97731,417.0,深圳湾湾厦栖游记二房安静不吵,"近地铁
新上
南
民水民电",504.0,87958
南山,蛇口,南海玫瑰园（二期）,3.0,2.0,97.63,1450,148519,446.0,蛇口南海玫瑰园二期海景三房满五税少,"近地铁
北
民水民电
电梯房",1305.0,133667
南山,南山中心区,金钟大厦,1.0,1.0,36.8,370,100543,201.0,南山海岸城附近，一房一厅户型方正，南山双地铁口,"近地铁
新上
东
民水民电",333.0,90489
南山,蛇口,湾厦栖游记,1.0,1.0,31.27,212,67796,417.0,二号地铁口栖游记小户型一房业主诚心卖,"近地铁
新上
南
民水民电",190.8,61016
南山,蛇口,湾厦栖游记,1.0,1.0,31.27,210,67157,417.0,大笋！栖游记31平精致一房次新房醇熟配套诚心出售看约,"近地铁
新上
南
民水民电",189.0,60441
南山,南油,金海岸大厦,1.0,1.0,36.36,350,96259,480.0,海雅百货、南山书城、来福士广场商圈金海岸大厦，经典户型，急卖,"近地铁
新上
西
民水民电",315.0,86633
南山,蛇口,花园城一期,3.0,2.0,90.51,730,80654,322.0,本人有套90平3房，价格700万，欢迎咨询,"近地铁
新上
民水民电
电梯房",657.0,72589
南山,后海,澳城1618（二期）,5.0,2.0,205.98,3500,169919,,1618，大平层，看海景，价格可谈,"新上
民水民电
精装修",3150.0,152927
南山,蛇口,湾厦栖游记,2.0,2.0,57.5,490,85217,417.0,笋！栖游记57平精致两房周边醇熟配套诚心出售看约可谈,"近地铁
新上
民水民电
精装修",441.0,76695
南山,蛇口,花园城一期,2.0,2.0,75.93,625,82312,322.0,笋！蛇口花园城76平精致通透两房周边醇熟配套诚心出售看约！,"近地铁
新上
民水民电
电梯房",562.5,74081
南山,深圳湾,恒裕滨城花园（二期）,4.0,2.0,170.0,5000,294117,166.0,大烟台，大平面，住家装修，看房方便,"近地铁
新上
东南
民水民电",4500.0,264705
盐田,梅沙,东部华侨城天麓（七区）,8.0,3.0,352.52,4100,116305,,天麓独栋尊享大宅，花园1000平，山湖景观,"南
民水民电
精装修
有钥匙",3690.0,104674
南山,蛇口,半岛城邦花园二期,5.0,2.0,172.0,1850,107558,536.0,半岛城邦花园二期 高层 4房 东南向 看海景 诚心卖,"近地铁
新上
南北通
民水民电",1665.0,96802
南山,蛇口,半岛城邦花园二期,6.0,2.0,167.49,1900,113439,536.0,滨海沿海长廊，半岛城邦花园二期，新上5+1房，老业主诚心卖房,"近地铁
新上
东南
民水民电",1710.0,102095
南山,蛇口,花园城五期,2.0,1.0,67.74,620,91526,203.0,蛇口花园城五期，标准2房，育才三小二中,"近地铁
新上
北
民水民电",558.0,82373
龙岗,龙岗中心城,君华时代花园,3.0,2.0,87.0,225,25862,,君华时代，精装三房，正南朝向，仙田外国语，看房方便,"新上
南
民水民电
精装修",202.5,23276
南山,蛇口,湾厦栖游记,1.0,1.0,43.52,418,96047,417.0,蛇口小户型一房诚意出售,"近地铁
新上
东南
民水民电",376.2,86442
宝安,沙井,保利达小行星,3.0,2.0,158.0,450,28481,,沙井总价2字头，超高使用率，户型方正,"东
民水民电
电梯房
精装修",405.0,25633
南山,南油,信和自由广场,2.0,2.0,71.16,470,66048,368.0,地铁口信和自由广场两房业主诚心卖价格可以谈,"近地铁
新上
西北
民水民电",423.0,59443
南山,蛇口,南海玫瑰园（一期）,4.0,2.0,149.0,1380,92617,446.0,前排海景四房 南北通透 精装修,"近地铁
新上
东南
民水民电",1242.0,83355
南山,西丽,鼎胜山邻,3.0,2.0,78.82,560,71047,338.0,南向3房 交通便利 配套齐全 一手业主诚心出售,"近地铁
南
民水民电
电梯房",504.0,63942
南山,后海,蔚蓝海岸社区二期,4.0,2.0,154.26,1800,116686,226.0,地铁口景观好蔚蓝海岸二期四房业主诚心卖价格可以谈,"近地铁
南北通
民水民电
电梯房",1620.0,105017
南山,南山中心区,海印长城小区一期,4.0,1.0,108.37,900,83048,351.0,海岸城商圈，标杆社区，小区 盘,"近地铁
新上
东
民水民电",810.0,74743
南山,蛇口,半岛城邦花园二期,2.0,2.0,88.09,1300,147576,536.0,半岛城邦花园二期 高层 看海景 3房 诚心卖,"近地铁
新上
西南
民水民电",1170.0,132818
南山,蛇口,南海玫瑰园（一期）,4.0,2.0,178.0,1888,106067,446.0,特别推荐 南海玫瑰园一期 精装4房 环境优美、是追求品质生活,"近地铁
新上
民水民电
电梯房",1699.2,95460
南山,蛇口,海上世界双玺花园三期,4.0,2.0,287.0,7100,247386,564.0,这可是蛇口的带头大哥 海上世界双玺花园三期.现在都这个价了,"近地铁
新上
西南
民水民电",6390.0,222647
南山,蛇口,海上世界双玺花园二期,5.0,2.0,335.76,8700,259113,830.0,01户型，降价出售，看房方便的，一线海景，无遮挡的，随时看,"近地铁
新上
南
民水民电",7830.0,233202
南山,蛇口,海上世界双玺花园二期,5.0,2.0,335.0,10000,298507,830.0,01户型，一线海景，无遮挡，大阳台舒服,"近地铁
南
民水民电
电梯房",9000.0,268656
南山,蛇口,海上世界双玺花园二期,5.0,2.0,334.66,6680,199605,830.0,01户型，一线海景，降价急卖，看房方便，全新装修的，无遮挡,"近地铁
南北通
民水民电
电梯房",6012.0,179644
南山,蛇口,南海玫瑰园（一期）,2.0,2.0,79.66,800,100426,446.0,看海景的小两房 南海玫瑰园一期 出门即15公里滨海长廊,"近地铁
新上
民水民电
拎包入住",720.0,90383
南山,深圳湾,鸿威海怡湾畔花园,2.0,2.0,89.0,1800,202247,522.0,鸿威海怡湾花园，刚需上车三房，诚心出售！,"近地铁
新上
北
民水民电",1620.0,182022
宝安,西乡,京基智农山海御园,4.0,2.0,105.0,688,65523,,京基智农山海御园位于宝安区西乡宝安前海，南北通透四房诚心出售,"东南
民水民电
电梯房
拎包入住",619.2,58971
南山,蛇口,南海玫瑰园（三期）,4.0,2.0,151.0,1688,111788,446.0,南海玫瑰花园三期 5房 赠送多 保养好 看海景,"近地铁
新上
南北通
民水民电",1519.2,100609
南山,蛇口,海上世界双玺花园一期,2.0,2.0,238.71,11000,460810,555.0,双玺花园一期，小洋房，带花园，可以谈，小别墅，安静,"近地铁
新上
南
民水民电",9900.0,414729
南山,蛇口,海上世界双玺花园一期,3.0,2.0,220.0,4500,204545,555.0,双玺花园一期，小洋房，便宜出售，随时看，看海，很难得,"近地铁
新上
南
民水民电",4050.0,184090
南山,蛇口,半岛城邦花园四期,2.0,2.0,113.0,1800,159292,674.0,海景两房 拎包入住 诚意出售,"近地铁
新上
南
民水民电",1620.0,143363
龙华,深圳北站,梅花山庄,5.0,2.0,255.19,2380,93263,807.0,深圳北站纯别墅小区 独栋别墅前后花园200多平近地铁口,"近地铁
新上
东南
民水民电",2142.0,83937
南山,深圳湾,鸿威海怡湾畔花园,5.0,2.0,150.0,2800,186666,522.0,鸿威海怡湾花园，南向正规五房，业主委托诚心出售。,"近地铁
新上
西南
民水民电",2520.0,167999
南山,深圳湾,太古城花园（北区一期）,4.0,2.0,115.38,2000,173340,202.0,深圳湾东南向，带花园高赠送，少量房源，大四房，全新装修,"近地铁
新上
东南
民水民电",1800.0,156006
南山,蛇口,万科蛇口公馆,2.0,2.0,53.83,450,83596,114.0,笋！万科蛇口公馆53平精致两房周边醇熟配套诚心出售看约,"近地铁
新上
南
民水民电",405.0,75236
宝安,翻身,石鸿花园,2.0,2.0,78.0,390,50000,995.0,前海摩天库轮旁翻身地铁口小两房，诚心出售，价格可谈,"近地铁
新上
南
民水民电",351.0,45000
南山,蛇口,半岛城邦花园一期,2.0,2.0,83.86,1050,125208,653.0,半岛城邦花园一期 2房 保养好 看花园 诚心卖,"近地铁
新上
西北
民水民电",945.0,112687
南山,后海,蔚蓝海岸社区首期,2.0,2.0,70.78,730,103136,113.0,蔚蓝海岸首期户型方正满五年诚意出售,"近地铁
新上
西南
民水民电",657.0,92822
南山,深圳湾,太古城花园（北区一期）,4.0,2.0,156.0,2300,147435,202.0,地铁口湾区资产宝能太古城四房景观好业主诚心卖,"近地铁
南
民水民电
电梯房",2070.0,132692
南山,后海,漾日湾畔,3.0,2.0,98.0,1300,132653,347.0,海德本部  门店就在楼下 让孩子赢未来 手里多套笋盘 电联,"近地铁
新上
民水民电
电梯房",1170.0,119388
南山,后海,滨海之窗花园,3.0,2.0,97.36,1500,154067,599.0,海德本部  门店就在楼下 让孩子赢未来 手里多套笋盘 电联,"近地铁
新上
西南
民水民电",1350.0,138660
南山,后海,蔚蓝海岸社区二期,2.0,2.0,75.54,800,105904,226.0,地铁口近人才公园蔚蓝海岸二期业主诚心卖价格可以谈,"近地铁
新上
东
民水民电",720.0,95314
南山,蛇口,半岛城邦花园三期,2.0,2.0,84.57,1218,144022,794.0,半岛城邦花园三期 2房 保养好 价钱便宜 看房方便,"近地铁
新上
南
民水民电",1096.2,129620
龙岗,横岗,信义御城,2.0,2.0,50.0,130,26000,417.0,信义御城小区位于地铁三号线横岗站B出口 有部分公寓及复式产品,"近地铁
西北
民水民电
电梯房",117.0,23400
南山,前海,依云伴山(恒立心海湾花园),2.0,1.0,60.0,415,69166,461.0,园林绿化高，配泳池，由小高层及高层围合而成，楼间距大,"近地铁
西南
民水民电
电梯房",373.5,62249
南山,南头,阳光海景,2.0,1.0,57.67,260,45084,,精装修，物业管理好，税费少，出租租金高，配套齐全,"西
民水民电
电梯房
拎包入住",234.0,40576
南山,蛇口,海上世界双玺花园三期,4.0,2.0,205.0,3450,168292,564.0,降价！双玺三期，205平，实用5房，高层，开发商装修，便宜,"近地铁
新上
东北
民水民电",3105.0,151463
宝安,新安,东江豪苑,5.0,2.0,149.6,599,40040,734.0,户型方正 通风采光好 近地铁 配套成熟,"近地铁
新上
东
民水民电",539.1,36036
南山,蛇口,万科蛇口公馆,2.0,2.0,53.83,350,65019,114.0,高层，看海景,"近地铁
新上
南
民水民电",315.0,58517
南山,蛇口,半岛城邦花园二期,3.0,2.0,88.93,1400,157427,536.0,滨海长廊半岛城邦二房安静不吵,"近地铁
新上
南北通
民水民电",1260.0,141684
南山,深圳湾,恒裕滨城花园（二期）,5.0,2.0,201.0,4200,208955,166.0,大平层，双阳台，带露台，看房方便,"近地铁
新上
南
民水民电",3780.0,188060
宝安,西乡,永安商业城,4.0,2.0,108.0,400,37037,,碧海笋盘丨西乡新苑丨业主急售丨房东置换丨使用率高丨看房方便,"东南
民水民电
电梯房
带家电",360.0,33333
南山,蛇口,南海玫瑰园（三期）,2.0,2.0,87.0,1280,147126,446.0,南海玫瑰花园三期 2房 保养好 看海景,"近地铁
民水民电
电梯房
精装修",1152.0,132413
南山,南山中心区,云海天城,3.0,2.0,111.31,950,85347,626.0,云海天成高楼层南向三房两卫业主诚心出售看房方便,"近地铁
东南
民水民电
电梯房",855.0,76812
盐田,沙头角,山海华庭,3.0,2.0,99.01,278,28077,50.0,山海华庭 精装三房业 主诚心出售,"近地铁
新上
北
民水民电",250.2,25269
龙岗,坪地,丁山河畔花园,3.0,2.0,89.0,260,29213,,龙岗河生态公园周边物业丁山河畔花园户型方正朝南中间楼层,"东
民水民电
电梯房",234.0,26292
龙岗,龙岗中心城,紫薇花园,3.0,2.0,100.0,248,24800,,珍藏版紫薇花园一楼合适老年人出入方便精装3房人气旺社区,"新上
南北通
民水民电
有钥匙",223.2,22320
南山,南头,桃花园,2.0,2.0,82.0,480,58536,160.0,南山双地铁口花园大社区南向精装大三房红本业主急售,"近地铁
新上
东
民水民电",432.0,52682
罗湖,人民南,兴隆大厦,3.0,1.0,73.71,280,37986,316.0,兴隆大厦，东南向，70年产权，看房有钥匙,"近地铁
新上
南
民水民电",252.0,34187
宝安,西乡,万象新天,4.0,2.0,70.79,450,63568,516.0,万象新天次新房，带60平大平台，诚心出售，价格可谈,"近地铁
新上
东南
民水民电",405.0,57211
宝安,新安,丽景城,2.0,2.0,72.0,298,41388,42.0,宝中2房急售，看房方便,"近地铁
新上
东北
民水民电",268.2,37249
宝安,桃源居,桃源居六区,3.0,2.0,85.57,380,44408,837.0,西乡3房急售，看房方便,"近地铁
新上
南
民水民电",342.0,39967
宝安,沙井,中熙香莎公馆,4.0,2.0,131.6,530,40273,,香莎公馆朝南看花园大四房，房子装修保养好,"新上
南北通
民水民电
电梯房",477.0,36246
宝安,西乡,领航城领丽花园,3.0,2.0,82.76,450,54374,700.0,西乡3房急售，看房方便,"近地铁
新上
东南
民水民电",405.0,48937
宝安,新安,鸿景园,3.0,2.0,118.9,720,60555,677.0,宝中大三房急售，看房方便,"近地铁
新上
民水民电
电梯房",648.0,54500
宝安,新安,鸿景园,4.0,2.0,149.4,1400,93708,677.0,宝中4房急售，看房方便,"近地铁
新上
东北
民水民电",1260.0,84337
宝安,西乡,中粮锦云,3.0,2.0,84.44,660,78162,190.0,宝中3房急售，看房方便,"近地铁
新上
南
民水民电",594.0,70346
宝安,桃源居,桃源居十六区,4.0,2.0,162.0,920,56790,543.0,西乡4房急售，看房方便,"近地铁
新上
东
民水民电",828.0,51111
宝安,桃源居,桃源居十四区,3.0,2.0,92.55,410,44300,260.0,西乡3房急售，看房方便,"近地铁
新上
东
民水民电",369.0,39870
宝安,桃源居,桃源居世外桃源,4.0,2.0,132.49,650,49060,387.0,西乡4房急售，看房方便,"近地铁
新上
东南
民水民电",585.0,44154
宝安,桃源居,桃源居十四区,5.0,2.0,152.15,1200,78869,260.0,西乡4房急售，看房方便,"近地铁
新上
东南
民水民电",1080.0,70982
宝安,桃源居,桃源居十五区,3.0,2.0,130.0,598,46000,518.0,西乡大户型急售，看房方便,"近地铁
新上
东南
民水民电",538.2,41400
宝安,桃源居,桃源居十一区,2.0,1.0,75.44,470,62301,461.0,西乡2房急售，看房方便,"近地铁
新上
南
民水民电",423.0,56071
宝安,新安,君成雍和园,4.0,2.0,88.5,630,71186,83.0,宝中三房急售  看房方便。,"近地铁
新上
南
民水民电",567.0,64067
宝安,新安,新安湖花园（二期）,1.0,1.0,51.97,300,57725,425.0,新安湖花园二期，51平方1房1厅，住宅电梯房，户型小，总价低,"近地铁
东北
民水民电
拎包入住",270.0,51952
龙岗,龙岗中心城,中粮祥云广场,1.0,1.0,50.0,88,17600,225.0,大运地铁站，楼下天光城商业，旁边星河，红本，急售。,"近地铁
新上
西北
民水民电",79.2,15840
宝安,碧海,泰华阳光海,3.0,2.0,81.0,560,69135,255.0,阳光海花园三房 高档小区 文荟萃高品质的象征,"近地铁
新上
东南
民水民电",504.0,62222
宝安,沙井,鸿荣源禧园,2.0,2.0,91.88,510,55507,480.0,鸿荣源禧园沙井地铁口，小复式低总价住品质小区,"近地铁
新上
北
民水民电",459.0,49956
宝安,新安,灵芝新村,6.0,3.0,110.9,780,70333,362.0,宝中独栋出售，价格有特大惊喜，看房随时方便,"近地铁
新上
东南
民水民电",702.0,63300
罗湖,黄贝岭,靖轩豪苑,3.0,2.0,86.53,636,73500,315.0,靖轩豪苑少有东南向三房，业主诚售，看房方便,"近地铁
新上
东南
民水民电",572.4,66150
宝安,新安,勤诚达22世纪二期,4.0,2.0,131.84,1150,87226,193.0,宝中4房急售，看房方便,"近地铁
新上
南
民水民电",1035.0,78503
罗湖,黄贝岭,靖轩豪苑,2.0,2.0,73.0,430,58904,315.0,靖轩豪苑 南向高层大两房豪华装修拎包入住翠园本部未用,"近地铁
新上
南北通
民水民电",387.0,53014
罗湖,黄贝岭,深业东岭花园（二期）,3.0,2.0,87.12,720,82644,435.0,深业东岭东南朝向高层端头位三房两卫 翠园本部未用,"近地铁
新上
东南
民水民电",648.0,74380
罗湖,黄贝岭,深业东岭花园（二期）,1.0,,38.0,350,92105,435.0,深业东岭二期 高楼层大单间满五急卖 翠园本部未用,"近地铁
新上
西北
民水民电",315.0,82894
罗湖,黄贝岭,深业东岭花园（二期）,2.0,2.0,70.25,450,64056,435.0,深业东岭二期 全新装修 业主换大房急售 翠园本部未用,"近地铁
新上
西北
民水民电",405.0,57650
宝安,松岗,中海西岸华府北区,4.0,2.0,129.08,420,32537,380.0,中海西岸华府大社区，住家好房推荐,"近地铁
新上
东南
民水民电",378.0,29283
罗湖,黄贝岭,深业东岭花园（二期）,2.0,2.0,54.92,415,75564,435.0,急售房源，降价15万，住家安静，费用少，看房方便,"近地铁
新上
东南
民水民电",373.5,68008
罗湖,黄贝岭,深业东岭花园（二期）,2.0,1.0,54.92,380,69191,435.0,新上架！！！深业东岭，翠园次新小区，户型方正，满五年,"近地铁
新上
东南
民水民电",342.0,62272
罗湖,黄贝岭,深业东岭花园（二期）,1.0,,36.49,280,76733,435.0,深业东岭 同户型230 临地铁 电梯房 小区新 满五,"近地铁
新上
东南
民水民电",252.0,69060
罗湖,黄贝岭,深业东岭花园（一期）,1.0,1.0,41.7,270,64748,435.0,深业东岭，花园小区，一房一厅，厅出阳台，价格可谈，翠园,"近地铁
新上
西北
民水民电",243.0,58273
罗湖,黄贝岭,深业东岭花园（一期）,1.0,1.0,41.85,265,63321,435.0,深业东岭一期精装修一房一厅视野好,"近地铁
新上
南
民水民电",238.5,56989
宝安,西乡,中粮锦云,4.0,2.0,129.98,850,65394,190.0,宝中三房急售看房方便,"近地铁
新上
东南
民水民电",765.0,58855
宝安,新安,都市翠海华苑,1.0,1.0,20.32,275,135334,108.0,宝中小户型急售，看房方便,"近地铁
新上
东
民水民电",247.5,121801
宝安,新安,君成雍和园,1.0,1.0,54.81,305,55646,83.0,宝中小户型急售，看房方便,"近地铁
新上
南
民水民电",274.5,50081
宝安,新安,都市翠海华苑,1.0,1.0,38.74,460,118740,108.0,宝中小户型急售，看房方便,"近地铁
新上
民水民电
电梯房",414.0,106866
宝安,新安,君成雍和园,1.0,2.0,53.0,310,58490,83.0,宝中小户型急售，看房方便,"近地铁
新上
东北
民水民电",279.0,52641
宝安,松岗,集信名城,2.0,1.0,47.92,330,68864,303.0,集信名城 年轻时尚 二居室 景观房,"近地铁
南
民水民电
电梯房",297.0,61978
宝安,桃源居,桃源居十四区,2.0,2.0,64.39,249,38670,260.0,西乡2房急售，看房方便,"近地铁
新上
东南
民水民电",224.1,34803
宝安,桃源居,桃源居三区,1.0,1.0,57.13,425,74391,285.0,西乡2房急售，看房方便,"近地铁
南
民水民电
电梯房",382.5,66952
宝安,桃源居,桃源居十四区,3.0,2.0,57.84,260,44951,260.0,西乡小户型急售，看房方便,"近地铁
新上
北
民水民电",234.0,40456
罗湖,新秀,华清园,3.0,1.0,74.32,320,43057,424.0,莲塘口岸 近地铁口 物业对面是东湖公园,"近地铁
新上
南
民水民电",288.0,38751
宝安,新安,新安湖花园（二期）,2.0,2.0,73.88,368,49810,425.0,宝中2房急售，看房方便,"近地铁
新上
西南
民水民电",331.2,44829
罗湖,黄贝岭,深业东岭花园（二期）,1.0,1.0,53.33,330,61878,435.0,深业东岭二期，东南向中高层，精装修好房诚心售,"近地铁
新上
东南
民水民电",297.0,55690
宝安,新安,君成雍和园,3.0,2.0,84.49,580,68647,83.0,宝中三房急售看房方便,"近地铁
新上
南
民水民电",522.0,61782
宝安,西乡,中粮锦云,3.0,2.0,82.0,500,60975,190.0,宝中3房急售，看房方便,"近地铁
新上
东南
民水民电",450.0,54878
宝安,松岗,中海西岸华府北区,3.0,2.0,79.26,280,35326,380.0,中海西岸华府 经典户型设计 合理空间划分,"近地铁
新上
南
民水民电",252.0,31793
宝安,福永,金域豪庭三期,2.0,1.0,79.21,419,52897,931.0,金域豪庭 立体交通全程对接 主城生活唾手可得,"近地铁
新上
南
民水民电",377.1,47607
宝安,桃源居,桃源居十四区,3.0,2.0,113.0,370,32743,260.0,西乡大4房急售，看房方便,"近地铁
新上
南
民水民电",333.0,29469
宝安,西乡,中粮锦云,5.0,2.0,176.02,1180,67037,190.0,宝中大户型急售，看房方便,"近地铁
新上
东南
民水民电",1062.0,60333
宝安,新安,鸿景园,3.0,2.0,121.0,730,60330,677.0,宝中3房急售，看房方便,"近地铁
新上
民水民电
精装修",657.0,54297
宝安,西乡,领航城领丽花园,4.0,2.0,143.04,910,63618,700.0,次新楼盘，全优的生活配套，环境优美,"近地铁
新上
南北通
民水民电",819.0,57256
宝安,新安,君成雍和园,3.0,2.0,83.0,530,63855,83.0,宝中3房急售，看房方便,"近地铁
新上
东南
民水民电",477.0,57470
宝安,新安,鸿景园,4.0,2.0,145.86,900,61703,677.0,豪华装修，保养良好。,"近地铁
新上
南
民水民电",810.0,55533
宝安,松岗,中海西岸华府北区,2.0,2.0,84.0,330,39285,380.0,中海西岸华府 真正的景观好房 动静结合 悠然自得,"近地铁
新上
南
民水民电",297.0,35356
宝安,碧海,碧海富通城（四期）,1.0,1.0,35.2,280,79545,872.0,富通城 年轻时尚 温馨小房 景观房,"近地铁
南
民水民电
电梯房",252.0,71590
宝安,新安,君成雍和园,1.0,1.0,52.94,485,91613,83.0,宝中小户型急售，看房方便,"近地铁
东
民水民电
电梯房",436.5,82452
宝安,新安,君成雍和园,1.0,1.0,45.86,260,56694,83.0,宝中小户型急售，看房方便,"近地铁
新上
东
民水民电",234.0,51025
宝安,新安,灵芝新村,3.0,2.0,83.7,450,53763,362.0,宝中3房急售，看房方便,"近地铁
新上
南
民水民电",405.0,48387
宝安,新安,中洲华府（一期）,2.0,1.0,49.26,500,101502,493.0,宝中2房急售，看房方便,"近地铁
东南
民水民电
电梯房",450.0,91352
宝安,新安,华联城市全景花园,1.0,1.0,48.0,350,72916,303.0,宝中小户型急售，看房方便,"近地铁
新上
东
民水民电",315.0,65624
宝安,桃源居,桃源居十四区,2.0,2.0,79.13,550,69505,260.0,西乡3房急售，看房方便,"近地铁
民水民电
电梯房
精装修",495.0,62554
南山,前海,中海阳光玫瑰园,2.0,2.0,69.0,550,79710,570.0,年轻时尚二居室 观景房 落地大飘窗 采光视野一流,"近地铁
新上
东
民水民电",495.0,71739
宝安,新安,流塘阳光花园,4.0,2.0,132.15,950,71888,301.0,宝中四房急售，看房方便,"近地铁
新上
南
民水民电",855.0,64699
宝安,新安,都市翠海华苑,1.0,1.0,38.74,500,129065,108.0,宝中小户型急售，看房方便,"近地铁
西南
民水民电",450.0,116158
宝安,松岗,中海西岸华府北区,2.0,2.0,79.86,300,37565,380.0,中海西岸华府 高档社区景观好房， 稍纵即逝！,"近地铁
新上
南
民水民电",270.0,33808
宝安,松岗,中海西岸华府北区,2.0,2.0,73.85,258,34935,380.0,观望是没有结果的，该出手时就出手这才是硬道理,"近地铁
新上
南
民水民电",232.2,31442
宝安,新安,华联城市全景花园,1.0,1.0,54.02,170,31469,303.0,华联城市全景70年产权带租约急售，看房随时方便,"近地铁
新上
东南
民水民电",153.0,28322
宝安,沙井,丽沙花都,3.0,2.0,97.66,550,56317,,政策来了您犹豫了，低价房来了您心动吗？,"民水民电
精装修",495.0,50685
南山,前海,鼎太风华（三期）,3.0,2.0,115.0,1060,92173,859.0,鼎太风华地段好阳光好 小区环境好 实际面积大 带大露台,"近地铁
新上
南北通
民水民电",954.0,82956
宝安,桃源居,桃源居十四区,2.0,2.0,81.51,460,56434,260.0,西乡3房急售，看房方便,"近地铁
南
民水民电
精装修",414.0,50791
宝安,松岗,中海西岸华府南区,2.0,2.0,51.96,340,65434,390.0,中海西岸华府 精品好房 适合年经人首次购房 总价低,"近地铁
新上
南
民水民电",306.0,58891
宝安,沙井,博林君瑞,3.0,2.0,89.11,445,49938,,博林君瑞 交通便利 近地铁 位置好 精装三房急售,"新上
西北
民水民电
电梯房",400.5,44944
宝安,新安,新安湖花园（一期）,3.0,2.0,79.4,580,73047,502.0,宝中3房急售，看房方便,"近地铁
新上
东南
民水民电",522.0,65742
宝安,松岗,中海西岸华府北区,4.0,2.0,207.29,690,33286,380.0,高档小区 人文荟萃 高品质的象征 豪华婚装！,"近地铁
新上
南
民水民电",621.0,29957
南山,前海,佳兆业前海广场,2.0,2.0,77.0,538,69870,849.0,佳兆业前海广场精装两房 低楼层更接地气,"近地铁
新上
南
民水民电",484.2,62883
南山,前海,鼎太风华（七期）,2.0,1.0,67.35,450,66815,375.0,鼎太风华 真正的精装好房 动静结合 悠然自得,"近地铁
新上
北
民水民电",405.0,60134
南山,前海,诺德假日花园,2.0,2.0,66.5,660,99248,435.0,诺德国际 高档社区 景观好房 精品户型,"近地铁
新上
东北
民水民电",594.0,89323
南山,南头,豪方天际花园,3.0,2.0,74.38,588,79053,226.0,豪方天际花园 年轻时尚 三居室 景观房,"近地铁
新上
西北
民水民电",529.2,71148
南山,科技园,名家富居,3.0,2.0,130.0,1380,106153,397.0,南北高性价比高 景观入户 阳光清风随时造访生活,"近地铁
新上
南
民水民电",1242.0,95538
南山,前海,阳光棕榈园（三期）,2.0,2.0,76.3,505,66186,845.0,阳光棕榈园 景观好房 动静结合 悠然自得,"近地铁
新上
东南
民水民电",454.5,59567
南山,前海,雷圳碧榕湾海景花园,2.0,1.0,40.0,368,92000,325.0,精品好房 适合年经人首次购房 总价低,"近地铁
新上
西
民水民电",331.2,82800
南山,前海,阳光棕榈园（二期）,4.0,2.0,119.59,850,71076,544.0,阳光棕榈园 空间布局有致 和谐有序 清新空气自由穿行,"近地铁
新上
南
民水民电",765.0,63968
宝安,松岗,中海西岸华府北区,4.0,2.0,129.07,478,37096,380.0,好的房子不是用来欣赏的是用来享受的,"近地铁
新上
南
民水民电",430.2,33386
宝安,新安,流塘阳光花园,3.0,2.0,69.72,450,64543,301.0,宝中2房急售，看房方便,"近地铁
新上
西南
民水民电",405.0,58089
宝安,碧海,广兴源圣拿威,3.0,2.0,119.0,980,82352,812.0,高档小区，人文荟萃高品质的象征，豪华婚装！,"近地铁
新上
东
民水民电",882.0,74117
宝安,宝安中心区,花样年花乡,1.0,,28.0,293,104642,564.0,花样年 精品好房 适合年经人首次购房 总价低,"近地铁
新上
南
民水民电",263.7,94178
宝安,新安,君成雍和园,1.0,2.0,53.24,288,54094,83.0,宝中小户型急售，看房方便,"近地铁
东
民水民电
电梯房",259.2,48685
宝安,松岗,满京华云著花园（一期）,4.0,2.0,151.0,760,50331,,高档小区 人文荟萃 高品质的象征 豪华婚装！,"新上
南北通
民水民电
电梯房",684.0,45298
宝安,福永,金域豪庭三期,3.0,2.0,89.07,420,47153,931.0,精装修送全套全新家电 黄金楼层 不买你会损失哦,"近地铁
新上
南
民水民电",378.0,42438
宝安,福永,金域豪庭（一期）,3.0,2.0,77.0,300,38961,943.0,福侨花园成熟配套小区,"近地铁
新上
南
民水民电",270.0,35065
宝安,松岗,满京华云著花园（一期）,4.0,2.0,122.0,560,45901,,高档社区 景观好房 稍纵即逝！,"新上
南
民水民电
电梯房",504.0,41311
宝安,新安,勤诚达22世纪(和园),4.0,2.0,125.23,1300,103808,220.0,宝中四房急售看房方便,"近地铁
新上
东南
民水民电",1170.0,93427
宝安,桃源居,桃源居十五区,7.0,2.0,136.25,978,71779,518.0,西乡大户型急售，看房方便,"近地铁
西北
民水民电
电梯房",880.2,64601
宝安,桃源居,桃源居六区,1.0,1.0,67.12,130,19368,837.0,西乡2房急售，看房方便，高赠送面积，高性价比,"近地铁
新上
民水民电
电梯房",117.0,17431
宝安,松岗,集信名城,4.0,2.0,138.0,508,36811,303.0,精品好房，适合年经人首次购房，总价低,"近地铁
新上
东南
民水民电",457.2,33130
宝安,宝安中心区,花样年花郡家园,1.0,1.0,27.36,230,84064,419.0,花样年 精装小户型总价低 朝向好,"近地铁
新上
北
民水民电",207.0,75658
宝安,沙井,中熙香莎公馆,4.0,2.0,112.3,420,37399,,香莎公馆纯毛坯三房出售,"南
民水民电
电梯房",378.0,33659
宝安,新安,灵芝新村,3.0,2.0,86.0,430,50000,362.0,宝中3房急售，看房方便,"近地铁
新上
南北通
民水民电",387.0,45000
宝安,松岗,满京华云著花园（一期）,3.0,2.0,88.85,373,41980,,高品质的生活 就在满京华花园,"新上
南
民水民电
电梯房",335.7,37782
宝安,新安,丽景城,4.0,2.0,97.0,568,58556,42.0,西乡3房急售，看房方便,"近地铁
新上
西南
民水民电",511.2,52700
宝安,桃源居,桃源居三区,1.0,1.0,55.0,245,44545,285.0,西乡小户型急售，看房方便,"近地铁
新上
西
民水民电",220.5,40090
宝安,松岗,中海西岸华府北区,3.0,2.0,106.43,410,38522,380.0,中海西岸大三房 正规成熟小区 小区中间非常安静 光线非常好,"近地铁
新上
南
民水民电",369.0,34670
宝安,西乡,领航城领丽花园,4.0,2.0,143.0,798,55804,700.0,百万成熟片区，全优的生活配套，环境优美,"近地铁
新上
南
民水民电",718.2,50224
宝安,桃源居,桃源居十六区,2.0,2.0,83.67,520,62148,543.0,西乡3房急售，看房方便,"近地铁
新上
民水民电
电梯房",468.0,55933
宝安,沙井,中熙香莎公馆,4.0,2.0,111.82,550,49186,,香莎公馆精装大四房楼层接地气,"新上
东南
民水民电
电梯房",495.0,44267
宝安,桃源居,桃源居三区,2.0,2.0,81.78,440,53802,285.0,西乡3房急售，看房方便,"近地铁
南
民水民电
电梯房",396.0,48422
宝安,新安,流塘阳光花园,2.0,2.0,44.19,162,36659,301.0,宝中2房急售，看房方便,"近地铁
新上
西南
民水民电",145.8,32993
宝安,桃源居,桃源居三区,3.0,2.0,106.0,450,42452,285.0,桃源居三房 空间布局有致 和谐有序 清新空气自由穿行,"近地铁
南
民水民电
电梯房",405.0,38207
宝安,松岗,中海西岸华府北区,2.0,2.0,88.07,350,39741,380.0,中海西岸华府大两房 满二年 配套完善,"近地铁
新上
东北
民水民电",315.0,35767
宝安,新安,君成雍和园,1.0,2.0,52.84,320,60560,83.0,宝中小户型急售，看房方便,"近地铁
新上
南
民水民电",288.0,54504
南山,南头,麒麟花园（一期）,4.0,2.0,140.0,1230,87857,,麒麟花园三加一房 户型方正 实用率高,"近地铁
新上
民水民电
精装修",1107.0,79071
南山,前海,阳光棕榈园（三期）,3.0,2.0,120.33,1200,99725,845.0,阳光棕榈园精装三房 高档社区 满二年税费少,"近地铁
南北通
民水民电
电梯房",1080.0,89752
南山,前海,阳光棕榈园（二期）,5.0,2.0,101.92,1200,117739,544.0,阳光棕榈园一楼院子 三层复式 精装五房 新上房源,"近地铁
新上
南
民水民电",1080.0,105965
南山,前海,绿海名都,4.0,2.0,112.98,1000,88511,360.0,绿海名都四房带露台 空间布局有致 南北通透 和谐有序,"近地铁
新上
东南
民水民电",900.0,79660
宝安,福永,金域豪庭三期,3.0,1.0,79.3,420,52963,382.0,金域豪庭小高层 地铁物业 靠近公园  还满2年税费少,"近地铁
新上
东南
民水民电",378.0,47667
宝安,福永,金域豪庭（二期）,2.0,2.0,76.38,350,45823,530.0,金域豪庭精装两房  地铁口物业  配套完善,"近地铁
新上
南
民水民电",315.0,41241
宝安,新安,丽景城,4.0,2.0,108.8,690,63419,42.0,12号线地铁口 中高楼层 看花园 满五红本在手,"近地铁
新上
东南
民水民电",621.0,57077
宝安,松岗,中海西岸华府南区,3.0,2.0,75.44,270,35790,390.0,中海西岸华府 小区环境不错 经典三房户型 楼层好,"近地铁
新上
北
民水民电",243.0,32211
宝安,松岗,松河瑞园（二期）,4.0,2.0,89.34,550,61562,360.0,地铁口三房 毛坯一手业主 户型方正使用率高,"近地铁
东
民水民电
电梯房",495.0,55406
宝安,福永,金域豪庭（一期）,3.0,2.0,78.2,550,70332,943.0,金域豪庭 真正的地铁口物业 动静结合 悠然自得,"近地铁
新上
南
民水民电",495.0,63299
宝安,松岗,中海西岸华府南区,3.0,2.0,85.21,430,50463,390.0,中海西岸华府精装三房配套完善满二年,"近地铁
新上
南
民水民电",387.0,45417
宝安,新安,都市翠海华苑,2.0,1.0,60.9,480,78817,108.0,宝中2房急售，看房方便,"近地铁
新上
民水民电
电梯房",432.0,70935
宝安,福永,金域豪庭三期,3.0,2.0,82.34,530,64367,931.0,金域豪庭三房 小区环境不错  中间楼层好,"近地铁
新上
南
民水民电",477.0,57930
宝安,新安,君成雍和园,1.0,2.0,53.0,390,73584,83.0,宝中小户型急售，看房方便,"近地铁
新上
东
民水民电",351.0,66226
宝安,新安,新安湖花园（一期）,3.0,2.0,81.1,550,67817,502.0,宝中3房急售，看房方便,"近地铁
新上
东
民水民电",495.0,61035
宝安,新安,君成雍和园,1.0,2.0,52.84,370,70022,83.0,宝中地铁口小户型急售，看房方便,"近地铁
新上
东北
民水民电",333.0,63020
宝安,沙井,鸿荣源禧园,5.0,2.0,143.63,900,62661,480.0,周边配套完善,"近地铁
新上
南北通
民水民电",810.0,56395
宝安,新安,都市翠海华苑,1.0,,28.89,330,114226,108.0,宝中小户型急售，看房方便,"近地铁
新上
西南
民水民电",297.0,102803
宝安,松岗,松河瑞园（一期）,3.0,2.0,79.49,420,52836,360.0,松河瑞园三房 精品好房 适合年经人首次购房 价格可以谈,"近地铁
新上
东南
民水民电",378.0,47552
宝安,新安,勤诚达22世纪二期,3.0,2.0,78.95,900,113996,193.0,宝中3房急售，看房方便,"近地铁
南
民水民电
电梯房",810.0,102596
宝安,新安,丽景城,2.0,1.0,71.61,325,45384,42.0,装修好，保养好。,"近地铁
新上
北
民水民电",292.5,40846
宝安,西乡,中粮锦云,2.0,2.0,62.71,1150,183383,190.0,宝中2房急售，看房方便,"近地铁
民水民电
电梯房
精装修",1035.0,165045
宝安,桃源居,桃源居十六区,2.0,1.0,83.62,410,49031,543.0,西乡三房急售，看房方便,"近地铁
新上
南
民水民电",369.0,44128
宝安,新安,勤诚达22世纪(和园),3.0,2.0,86.0,850,98837,220.0,宝中三房急售看房方便,"近地铁
新上
北
民水民电",765.0,88953
宝安,桃源居,桃源居十四区,4.0,2.0,124.76,470,37672,260.0,西乡4房急售，看房方便,"近地铁
新上
南
民水民电",423.0,33905
宝安,桃源居,桃源居十五区,4.0,2.0,129.94,700,53871,518.0,西乡4房急售，看房方便,"近地铁
新上
南
民水民电",630.0,48484
宝安,桃源居,桃源居十六区,2.0,2.0,69.33,354,51060,543.0,西乡2房急售，看房方便,"近地铁
新上
南
民水民电",318.6,45954
宝安,桃源居,桃源居十四区,2.0,2.0,84.03,380,45221,260.0,西乡3房急售，看房方便,"近地铁
新上
西南
民水民电",342.0,40699
宝安,新安,君成雍和园,4.0,2.0,139.1,860,61826,83.0,宝中三房急售看房方便,"近地铁
新上
南北通
民水民电",774.0,55643
宝安,新安,君成雍和园,2.0,1.0,52.94,450,85001,83.0,宝中小户型急售，看房方便,"近地铁
新上
西南
民水民电",405.0,76501
宝安,西乡,中粮锦云,3.0,2.0,89.0,620,69662,190.0,宝中3房急售，看房方便,"近地铁
新上
南
民水民电",558.0,62696
罗湖,新秀,华清园,1.0,,28.46,108,37947,424.0,华清园一房诚心出售,"近地铁
新上
西
民水民电",97.2,34152
福田,保税区,帝港海湾豪园-城市3米6公寓,1.0,1.0,51.48,250,48562,,福保好房业主急售,"新上
东
民水民电
电梯房",225.0,43706
盐田,沙头角,云深处,5.0,2.0,240.0,1588,66166,990.0,总实用400多平（3层顶楼复式，带100多平天台，60平露台,"近地铁
新上
东南
民水民电",1429.2,59549
罗湖,新秀,华清园,3.0,1.0,74.33,260,34979,424.0,华清园 公园旁 诚心售卖,"近地铁
新上
南
民水民电",234.0,31481
南山,蛇口,花园城三期,4.0,2.0,157.0,1576,100382,174.0,花园城三期 高楼层5房 四海公园景观 装修保养好 育才可用,"近地铁
新上
东南
民水民电",1418.4,90344
南山,前海,龙光前海天境花园,3.0,2.0,119.74,1200,100217,,前海天境3房朝南，满五V一，近地铁，诚心卖！,"新上
南
民水民电
电梯房",1080.0,90195
罗湖,洪湖,中信星光名庭,4.0,2.0,150.16,900,59936,679.0,中信新房源租客住带固定车位看房提前约一手业主,"近地铁
新上
南
民水民电",810.0,53942
福田,八卦岭,鹏盛村,1.0,1.0,38.0,180,47368,137.0,福田八卦岭双地铁口物业户型方正收租稳定,"近地铁
新上
北
民水民电",162.0,42631
福田,八卦岭,鹏盛村,1.0,,31.48,320,101651,137.0,经典小户型，楼层佳，近沃尔玛,"近地铁
北
民水民电
精装修",288.0,91486
南山,前海,星海名城（一期）,2.0,2.0,70.48,458,64982,614.0,星海名城一期2房，南向，精装，满五，高楼层采光好,"近地铁
新上
南
民水民电",412.2,58484
罗湖,地王,星桂园,1.0,1.0,37.66,380,100902,459.0,桂园一房一厅急售，看房方便,"近地铁
南
民水民电
电梯房",342.0,90812
南山,前海,天健悦湾府,4.0,2.0,164.0,1880,114634,,前海桂湾次新房亏本罕售南北通透大四房165平,"东南
民水民电
电梯房
精装修",1692.0,103171
龙岗,龙岗中心城,深业紫麟山,5.0,2.0,264.36,1280,48418,598.0,紫麟山公园别墅上下四层己做好拓展50平大花园,"近地铁
新上
南
民水民电",1152.0,43576
龙岗,龙岗中心城,怡龙枫景园,2.0,2.0,73.93,155,20965,556.0,怡龙枫景园，精装两房，楼层好，看花园,"近地铁
新上
北
民水民电",139.5,18868
福田,保税区,华尔登府邸,1.0,1.0,46.95,210,44728,744.0,香港米铺景，业主诚心放卖,"近地铁
新上
东南
民水民电",189.0,40255
罗湖,地王,天元大厦,2.0,2.0,83.95,220,26206,707.0,天元大厦，精装修两房，看房预约，诚信出售,"近地铁
西南
民水民电
电梯房",198.0,23585
宝安,翻身,金汇名园,4.0,2.0,225.46,1150,51006,816.0,顶楼复式实际使用面积达500平可以种花非常适合养老,"近地铁
新上
南北通
民水民电",1035.0,45905
罗湖,布心,谱心苑,2.0,2.0,55.0,197,35818,866.0,业主诚心卖！中，小，都给你留着，价格已经降了60万了，就等你,"近地铁
东南
民水民电
精装修",177.3,32236
南山,南头,桃苑小区,1.0,1.0,30.0,280,93333,371.0,"桃苑小区29平一房一厅闲置低低出手,价格可以谈","近地铁
东
民水民电",252.0,84000
宝安,沙井,万科翡逸郡（二期）,3.0,2.0,88.12,300,34044,986.0,万科翡逸郡精装三房 满五唯一税费少,"近地铁
新上
东南
民水民电",270.0,30640
宝安,福永,会展湾东城广场,1.0,1.0,42.16,95,22533,461.0,地铁口物业 会展湾东城广场精装户型 温馨小家,"近地铁
新上
南
民水民电",85.5,20280
宝安,福永,会展湾东城广场,2.0,2.0,65.67,150,22841,461.0,会展湾东城精装小两房 配套完善地段好,"近地铁
新上
南
民水民电",135.0,20557
南山,华侨城,东方花园别墅,5.0,2.0,196.0,6800,346938,488.0,东方花园别墅可以翻新旧改的别墅地理位置好,"近地铁
新上
南北通
民水民电",6120.0,312244
宝安,福永,同泰时代中心,1.0,2.0,52.72,200,37936,516.0,同泰时代广场 精致户型 享受无限阳光生活,"近地铁
北
民水民电
电梯房",180.0,34142
罗湖,新秀,罗湖公安分局新秀村,3.0,2.0,80.0,250,31250,723.0,罗湖新秀电梯小高层，端头位高使用率三房，妥妥看河景，看完可聊,"近地铁
新上
南北通
民水民电",225.0,28125
罗湖,东门,缤纷时代家园,2.0,2.0,57.43,328,57113,325.0,缤纷时代家园 端头边户两房 满五税少 业主换大房急售,"近地铁
东北
民水民电
电梯房",295.2,51402
罗湖,人民南,铂金时代公寓,1.0,1.0,35.43,150,42337,401.0,铂金时代高楼层一房香港业主降价急售随时看房,"近地铁
新上
东南
民水民电",135.0,38103
宝安,松岗,松风明月花园,3.0,2.0,93.87,390,41546,,次新小区 地铁口物业 浪漫花园洋房生活 回家就是一种度假,"南
民水民电
电梯房
拎包入住",351.0,37391
宝安,沙井,四海云亭,4.0,2.0,127.0,430,33858,929.0,地铁口精装四房 送设施 拎包即住 总价低,"近地铁
南
民水民电
电梯房",387.0,30472
宝安,沙井,壆岗大厦,3.0,2.0,100.73,400,39710,177.0,壆岗大厦 立体交通全程对接，主城生活唾手可得,"近地铁
南北通
民水民电
电梯房",360.0,35739
宝安,沙井,嘉富新禧花园,3.0,2.0,95.0,360,37894,,经典三房 东边户型 全明精装修 两证齐全,"新上
东南
民水民电
精装修",324.0,34105
宝安,福永,立新湖花园,5.0,2.0,188.98,680,35982,,高档小区 人文荟萃 高品质的象征,"新上
南北通
民水民电
精装修",612.0,32384
福田,香蜜湖,天健公馆,3.0,2.0,110.17,1530,138876,29.0,天健公馆南向3房业主诚意出售,"近地铁
南
民水民电
电梯房",1377.0,124988
宝安,沙井,四海云亭,3.0,2.0,99.0,337,34040,929.0,地铁口物业  空间布局有致 和谐有序,"近地铁
南
民水民电
电梯房",303.3,30636
宝安,沙井,嘉富宝禧花园,3.0,2.0,107.86,480,44502,,嘉富宝禧 精心呈现品质感与实用性兼具的经典户型,"南
民水民电
电梯房
精装修",432.0,40052
宝安,松岗,畔山御景花园,1.0,2.0,63.15,260,41171,881.0,精致户型 享受无限阳光生活,"近地铁
南
民水民电
电梯房",234.0,37054
宝安,沙井,四海云亭,4.0,2.0,129.2,588,45510,929.0,宝亭锦园 精装修送全套全新家电 黄金楼层,"近地铁
东南
民水民电
电梯房",529.2,40959
宝安,沙井,清平华府,4.0,2.0,107.0,480,44859,,精品好房 适合年经人首次购房,"新上
南
民水民电
电梯房",432.0,40373
宝安,沙井,西荟城（三期）,2.0,2.0,68.49,350,51102,965.0,真正的景观好房 动静结合 悠然自得,"近地铁
新上
东
民水民电",315.0,45992
坪山,领航,领航里程花园,4.0,2.0,89.46,538,60138,646.0,正规成熟小区 小区中间非常安静 黄金楼层 光线非常好,"近地铁
新上
北
民水民电",484.2,54124
宝安,沙井,万科翡逸郡（二期）,3.0,2.0,87.59,308,35163,986.0,万科翡逸郡 高楼层精装三房 户型方正 业主急卖,"近地铁
新上
东南
民水民电",277.2,31647
南山,科技园,缤纷年华家园,3.0,2.0,93.2,1150,123390,544.0,缤纷年华推荐 精装三房 拎包入住 采光阳光都好,"近地铁
北
民水民电
电梯房",1035.0,111051
宝安,福永,华强城,3.0,2.0,86.5,500,57803,427.0,华强城 实用三房 地铁口 商业繁华 配套完善,"近地铁
南
民水民电
电梯房",450.0,52023
宝安,沙井,万科翡御郡（四期）,3.0,2.0,89.18,400,44853,990.0,高档小区 人文荟萃 高品质的象征 豪华婚装！,"近地铁
南
民水民电
电梯房",360.0,40368
南山,前海,卓越前海一号,1.0,2.0,89.65,600,66926,372.0,前海壹号公寓 高档小区 人文荟萃 高品质的象征 精装,"近地铁
新上
东南
民水民电",540.0,60233
南山,前海,卓越前海一号,3.0,2.0,206.7,3100,149975,372.0,前海壹号大师级设计水准 精心呈现品质感与实用性兼具的经典户型,"近地铁
西北
民水民电
精装修",2790.0,134978
宝安,福永,华强城,3.0,2.0,89.47,390,43590,140.0,华强城 好的房子不是用来欣赏的 是用来享受的,"近地铁
南
民水民电
电梯房",351.0,39231
宝安,福永,万科金色领域（二期）,3.0,2.0,115.99,620,53452,713.0,万科金色领域 高档社区景观好房 稍纵即逝,"近地铁
西
民水民电
电梯房",558.0,48107
宝安,沙井,西荟城（三期）,3.0,2.0,76.67,360,46954,965.0,小区环境不错 经典小户型 楼层好,"近地铁
西北
民水民电
电梯房",324.0,42259
宝安,福永,中粮凤凰里,3.0,2.0,88.12,380,43123,999.0,中粮凤凰里 精品好房 适合年经人首次购房 总价低,"近地铁
东南
民水民电
电梯房",342.0,38811
宝安,福永,时代景苑,3.0,2.0,97.44,350,35919,,经典户型设计 合理空间划分 内外兼修的品质建筑,"西南
民水民电
电梯房
精装修",315.0,32327
宝安,沙井,四海云亭,3.0,2.0,89.27,400,44807,929.0,空间布局有致 和谐有序 清新空气自由穿行,"近地铁
南北通
民水民电
电梯房",360.0,40326
宝安,福永,怀德广场,3.0,2.0,87.72,408,46511,911.0,精装修送全套全新家电 黄金楼层 不买你会损失哦,"近地铁
新上
东
民水民电",367.2,41860
宝安,沙井,西荟城（三期）,3.0,2.0,66.73,300,44957,965.0,西荟城 精品好房 适合年经人首次购房 总价低,"近地铁
东北
民水民电
电梯房",270.0,40461
宝安,沙井,四海云亭,4.0,2.0,129.2,750,58049,929.0,经典户型设计 合理空间划分 内外兼修的品质建筑,"近地铁
南
民水民电
精装修",675.0,52244
宝安,沙井,四海云亭,4.0,2.0,127.57,510,39978,929.0,宝亭锦园经典四房户型 合理空间划分 内外兼修的品质建筑,"近地铁
东南
民水民电
电梯房",459.0,35980
宝安,沙井,西荟城（三期）,2.0,2.0,68.68,400,58241,965.0,精品好房 适合年经人首次购房 总价低,"近地铁
新上
西南
民水民电",360.0,52417
宝安,福永,中粮凤凰里,4.0,2.0,124.64,580,46534,999.0,格局方正 双南设计 全明通透 豪华气派彰显无疑,"近地铁
西北
民水民电
电梯房",522.0,41881
宝安,松岗,桂景园,3.0,2.0,197.29,950,48152,,畅想真正的浪漫花园 别墅生活 回家就是一种度假,"南
民水民电
精装修",855.0,43337
宝安,福永,中粮凤凰里,4.0,2.0,123.4,680,55105,999.0,婚装全明南边户三房，格局工整合理实用率超高,"近地铁
西南
民水民电
电梯房",612.0,49594
宝安,福永,万科金色领域（三期）,3.0,2.0,89.34,450,50369,713.0,万科金色领域 真正的景观好房 动静结合 悠然自得,"近地铁
南
民水民电
精装修",405.0,45332
宝安,福永,时代景苑,3.0,2.0,93.6,330,35256,,简单装修 楼层佳 视野好 超低价 急卖 好房,"南
民水民电
电梯房
精装修",297.0,31730
宝安,沙井,珑湾世界花园,3.0,2.0,83.0,398,47951,,精品好房 适合年经人首次购房 总价低,"东南
民水民电
精装修",358.2,43156
宝安,沙井,星河荣御花苑（三期）,3.0,2.0,89.0,340,38202,,小区环境不错 经典三房户型楼层好,"新上
东南
民水民电
电梯房",306.0,34382
宝安,沙井,星河荣御花苑（三期）,3.0,2.0,89.0,460,51685,,精致户型 享受无限阳光生活,"南
民水民电
电梯房
精装修",414.0,46516
宝安,福永,万福人家,1.0,1.0,47.0,240,51063,681.0,万福人家 难得一见的精装小户型总价低，朝向好！,"近地铁
新上
南
民水民电",216.0,45957
宝安,福永,中粮凤凰里,3.0,2.0,88.47,520,58776,999.0,高档小区 人文荟萃 高品质的象征 豪华婚装！,"近地铁
东南
民水民电
电梯房",468.0,52898
宝安,沙井,西荟城（三期）,5.0,2.0,160.89,730,45372,965.0,西荟城三期 南北通大五房 性价比景观入户 阳光清风造访生活,"近地铁
南
民水民电
电梯房",657.0,40835
宝安,福永,中粮凤凰里,3.0,2.0,87.39,450,51493,999.0,中粮凤凰里 高档社区景观好房， 稍纵即逝！,"近地铁
新上
南
民水民电",405.0,46344
宝安,福永,万福人家,3.0,2.0,74.82,450,60144,681.0,观望是没有结果的，该出手时就出手这才是硬道理,"近地铁
南
民水民电
电梯房",405.0,54130
宝安,福永,福永花苑,3.0,1.0,76.66,350,45656,,福永花苑经典三房 成熟社区 精装修,"新上
东
民水民电
电梯房",315.0,41090
坪山,领航,星航华府（一期）,3.0,2.0,87.44,480,54894,148.0,星航华府精装三房 楼下地铁口 天虹 学府一应俱全,"近地铁
新上
东南
民水民电",432.0,49405
宝安,沙井,西荟城（一期）,3.0,2.0,86.38,360,41676,827.0,简单装修，楼层佳，视野好！超低价！,"近地铁
南
民水民电
电梯房",324.0,37508
宝安,福永,福永花苑,2.0,2.0,59.09,298,50431,,福永花苑 性价比超高的二房 阳光视线无忧！,"西南
民水民电
电梯房
精装修",268.2,45388
宝安,福永,广福大厦,3.0,2.0,97.29,390,40086,,精品好房 适合年经人首次购房 总价低,"新上
南
民水民电
精装修",351.0,36077
宝安,沙井,西荟城（一期）,4.0,2.0,86.44,450,52059,827.0,经典户型设计，合理空间划分，内外兼修的品质建筑,"近地铁
新上
南
民水民电",405.0,46853
宝安,沙井,四海云亭,3.0,2.0,89.27,498,55785,929.0,格局方正 双南设计 全明通透 豪华气派彰显无疑,"近地铁
东
民水民电
精装修",448.2,50206
宝安,福永,时代景苑,2.0,2.0,72.01,360,49993,,空间布局有致，和谐有序，清新空气自由穿行,"南
民水民电
电梯房
拎包入住",324.0,44994
宝安,福永,同和悦园,4.0,2.0,121.58,475,39068,,同和悦园 格局方正，双南设计，全明通透，豪华气派彰显无疑。,"新上
南北通
民水民电
电梯房",427.5,35161
宝安,西乡,领航城领秀花园,3.0,2.0,89.9,548,60956,691.0,领秀三房 中间楼层景观好房 图的就是性价比好,"近地铁
南北通
民水民电
电梯房",493.2,54860
坪山,领航,星航华府（二期）,3.0,2.0,89.01,580,65161,139.0,经典三房！朝南户型！全明！精装修！两证齐全！,"近地铁
新上
南
民水民电",522.0,58645
宝安,福永,福永花苑,2.0,2.0,57.58,260,45154,,成熟社区，年轻时尚，二居室，景观房,"新上
南
民水民电
精装修",234.0,40639
宝安,沙井,万科翡悦郡（三期）,3.0,2.0,87.71,350,39904,,精装三房 送设施 拎包即住 总价低,"新上
南
民水民电
电梯房",315.0,35914
宝安,福永,怀德广场,3.0,2.0,87.69,739,84274,911.0,空间布局有致，和谐有序，清新空气自由穿行,"近地铁
南
民水民电
电梯房",665.1,75847
宝安,福永,中粮凤凰里,5.0,2.0,141.95,840,59175,999.0,中粮凤凰里 地铁口大五房  南北通近公园 旁边就有壹方城商业,"近地铁
新上
东南
民水民电",756.0,53258
宝安,福永,华强城,3.0,2.0,87.32,420,48098,140.0,华强城三房  高档社区景观好房  稍纵即逝！,"近地铁
新上
南
民水民电",378.0,43288
宝安,沙井,西荟城（二期）,3.0,2.0,89.79,410,45662,970.0,西荟城三房 一克拉钻石品质 机会只有一次 好房急售,"近地铁
南
民水民电
电梯房",369.0,41096
宝安,福永,怀德广场,5.0,2.0,129.47,900,69514,911.0,经典五房设计，合理空间划分，内外兼修的品质建筑,"近地铁
南
民水民电
精装修",810.0,62563
宝安,沙井,西荟城（三期）,3.0,2.0,76.67,355,46302,965.0,格局方正，东南设计，全明通透，豪华气派彰显无疑。,"近地铁
东南
民水民电
电梯房",319.5,41672
南山,南头,乐尚林居,5.0,2.0,177.62,1600,90079,,东关·乐尚林居 毛坯大宅 中间楼层 业主诚意出售 新上房源,"南北通
民水民电
电梯房",1440.0,81071
宝安,桃源居,凤凰雅居,2.0,2.0,48.92,360,73589,197.0,年轻时尚二居室，观景房，落地大飘窗，采光视野一流,"近地铁
东
民水民电
电梯房",324.0,66230
宝安,沙井,万科星城名邸,4.0,2.0,136.0,630,46323,,万科星城大四房 格局方正 朝南设计 采光通透 豪华气派,"新上
南
民水民电
精装修",567.0,41691
宝安,福永,立新湖花园,3.0,2.0,91.39,495,54163,,经典户型设计，合理空间划分，内外兼修的品质建筑,"南
民水民电
精装修",445.5,48747
宝安,沙井,西荟城（二期）,3.0,2.0,89.0,340,38202,970.0,正规成熟小区，小区中间非常安静，黄金楼层，光线非常好！,"近地铁
新上
东
民水民电",306.0,34382
宝安,福永,华强城,3.0,2.0,87.66,450,51334,140.0,华强城三房 经典户型设计 合理空间划分 内外兼修的品质建筑,"近地铁
新上
南
民水民电",405.0,46201
宝安,福永,华强城,3.0,1.0,89.0,450,50561,427.0,新上  好的房子不是用来欣赏 的是用来享受的！,"近地铁
新上
南
民水民电",405.0,45505
宝安,沙井,清平华府,3.0,1.0,83.16,380,45695,,正规成熟小区，小区中间非常安静，黄金楼层，光线非常好！,"新上
东
民水民电
电梯房",342.0,41126
宝安,沙井,嘉富宝禧花园,3.0,2.0,107.0,500,46728,,嘉富宝禧新上房源 精装修配套好 旁边就有公园,"南
民水民电
电梯房
精装修",450.0,42055
宝安,福永,万科金色领域（一期）,4.0,2.0,143.17,770,53782,713.0,万科金色领域精致四房户型 朝东南 享受无限阳光生活,"近地铁
新上
东南
民水民电",693.0,48404
宝安,沙井,珑湾世界花园,3.0,2.0,91.13,366,40162,,格局方正朝南设计 全明通透 豪华气派彰显无疑。,"新上
东
民水民电",329.4,36146
宝安,沙井,四海云亭,4.0,2.0,129.04,460,35647,929.0,离梦想很近，实现舒适四房奢华生活，新婚首选,"近地铁
东南
民水民电",414.0,32082
宝安,福永,同和悦园,3.0,2.0,84.83,650,76623,,正规成熟小区，小区中间非常安静，黄金楼层，光线非常好！,"西
民水民电
电梯房
精装修",585.0,68961
宝安,福永,立新湖花园,3.0,2.0,91.0,300,32967,,福永湖景三房 小高层 户型方正实用,"南
民水民电
精装修",270.0,29670
宝安,福永,凤凰花苑,3.0,2.0,88.77,450,50692,,凤凰花苑 精装三房 中间楼层 满2年 税费少附近有公园,"东南
民水民电
电梯房
精装修",405.0,45623
宝安,沙井,万科翡悦郡（三期）,3.0,2.0,87.5,460,52571,,万科翡悦郡 精装三房 中间楼层 朝南向景观好,"南
民水民电
电梯房
精装修",414.0,47314
宝安,沙井,万科星城名邸,4.0,2.0,112.49,510,45337,,万科星城四房 品牌物业 精装修 配套成熟,"南北通
民水民电
精装修",459.0,40803
坪山,领航,星航华府（一期）,2.0,2.0,79.85,300,37570,148.0,星航华府精装两房 地铁口物业 楼下有天虹 学府 配套完善,"近地铁
新上
东北
民水民电",270.0,33813
宝安,福永,天福华府,3.0,2.0,85.84,360,41938,677.0,花园社区 地段好 交通出行方便 附近有地铁商城,"近地铁
南
民水民电
电梯房",324.0,37744
宝安,福永,万福人家,4.0,2.0,101.0,900,89108,681.0,万福人家三房 位置好配套好 近地铁 广场,"近地铁
东南
民水民电
电梯房",810.0,80197
宝安,福永,凤凰花苑,4.0,2.0,121.36,710,58503,,凤凰花苑四房 中间楼层 附近有公园 满二年,"东南
民水民电
电梯房
带家私",639.0,52653
宝安,福永,凤凰花苑,3.0,2.0,89.28,500,56003,,凤凰花苑精装三房 高楼层周边配套完善 满二年,"东
民水民电
电梯房
精装修",450.0,50403
坪山,领航,领航里程花园,3.0,2.0,81.02,498,61466,646.0,里城花园精装三房 高档社区 景观好房 配套完善,"近地铁
新上
南
民水民电",448.2,55319
宝安,沙井,星河荣御花苑（三期）,3.0,2.0,89.55,470,52484,,星河荣御经典三房 南边户型 全明精装修 满2年,"西南
民水民电
电梯房
精装修",423.0,47236
宝安,福永,万福人家,3.0,2.0,88.58,450,50801,681.0,万福人家 小高层 经典三房 价低楼层好,"近地铁
南
民水民电
电梯房",405.0,45721
宝安,福永,同和悦园,3.0,2.0,88.88,420,47254,,同和悦园  精装三房  高实用率  近公园税费少,"新上
东
民水民电
电梯房",378.0,42529
南山,华侨城,首地容御花园,4.0,2.0,150.0,1260,84000,,首地容御，总价低四房，户型方正通透，三个阳台，十分好用,"新上
东南
民水民电
电梯房",1134.0,75600
福田,香蜜湖,锦庐花园,3.0,2.0,87.11,1480,169900,224.0,锦庐花园，高楼层，朝南向，视野开阔，安静,"近地铁
南
民水民电
电梯房",1332.0,152910
宝安,福永,华强城,3.0,2.0,85.93,400,46549,140.0,华强城三房 地铁口物业 大花园社区 配套完善,"近地铁
南
民水民电
电梯房",360.0,41894
宝安,福永,中粮凤凰里,3.0,2.0,89.33,380,42538,999.0,中粮凤凰里 精致三房 是您满意的居家首选,"近地铁
西北
民水民电
电梯房",342.0,38284
宝安,福永,时代景苑,1.0,,34.0,113,33235,,难得一见的精装小户型总价低，朝向好！,"新上
南
民水民电
拎包入住",101.7,29912
宝安,福永,中粮凤凰里,3.0,2.0,88.25,380,43059,999.0,好的房子不是用来欣赏的 是用来享受的,"近地铁
西北
民水民电
电梯房",342.0,38753
福田,益田村,益田村(益荣居),3.0,2.0,89.0,580,65168,144.0,89平三房，东南向，采光好,"近地铁
东南
民水民电
电梯房",522.0,58651
福田,香蜜湖,锦庐花园,3.0,2.0,87.0,1500,172413,224.0,锦庐花园 南向特殊户型 超高赠送 可做4房 业主诚售,"近地铁
南
民水民电
电梯房",1350.0,155172
福田,香蜜湖,万科瑧山府(三期),4.0,2.0,178.0,2870,161235,101.0,万科香蜜府次新房，新上4+1房，南北通透，车位足，价格可谈,"近地铁
南北通
民水民电
拎包入住",2583.0,145112
龙岗,葵涌,万科17英里（一期）,4.0,2.0,189.36,1600,84495,,拎包入住 600个装修 一线海景 上下4层 4房设计,"新上
南北通
民水民电
拎包入住",1440.0,76046
宝安,桃源居,桃源居十一区,2.0,2.0,79.0,380,48101,461.0,桃源居11区朝南，书包房双地铁，楼下有商场公园,"近地铁
新上
南
民水民电",342.0,43291
罗湖,布心,绿景山庄,2.0,2.0,78.34,310,39571,613.0,绿景山庄  采光好 安静2房   户型方正,"近地铁
南北通
民水民电
电梯房",279.0,35614
南山,华侨城,金迪世纪,2.0,2.0,47.25,400,84656,510.0,地铁口精装2房诚意出售看房方便,"近地铁
北
民水民电
电梯房",360.0,76190
罗湖,水库,阳光绿地家园,2.0,1.0,39.99,184,46011,648.0,罗湖 精装2房  近地铁 紧靠公园 户型方正 采光好,"近地铁
西北
民水民电
电梯房",165.6,41410
罗湖,翠竹,柏丽花园,3.0,2.0,96.36,630,65379,629.0,好房推荐  深中对面 电梯大三房  看房方便,"近地铁
东
民水民电
拎包入住",567.0,58841
罗湖,翠竹,海洋大厦,1.0,1.0,39.99,160,40010,129.0,海洋大厦一房出售，，螺岭、、地铁口,"近地铁
新上
南
民水民电",144.0,36009
宝安,新安,尖岗山壹号花园,2.0,2.0,77.29,560,72454,,次新小区，业主诚心出售，性价比高,"新上
南
民水民电
电梯房",504.0,65209
罗湖,翠竹,阳光天地家园,1.0,1.0,30.59,340,111147,267.0,深中+翠北）纯住宅-低总价好转手-楼下地铁卖珠宝好出租-急卖,"近地铁
西
民水民电",306.0,100032
福田,香蜜湖,熙园,4.0,2.0,197.88,3300,166767,320.0,香蜜湖熙园小高层，低密度大社区，住家舒适,"近地铁
西南
民水民电
电梯房",2970.0,150090
南山,华侨城,美加广场,1.0,,131.0,750,57251,395.0,南山华侨城，刚需好盘，诚意出售,"近地铁
新上
西
民水民电",675.0,51526
福田,香蜜湖,香蜜湖一号,5.0,2.0,330.0,7000,212121,111.0,福田香蜜湖1号，精装豪宅诚意出售中！,"近地铁
南北通
民水民电
电梯房",6300.0,190909
福田,香蜜湖,香蜜湖一号,3.0,2.0,188.0,3600,191489,111.0,福田香蜜湖1号，精装房诚意出售！,"近地铁
南北通
民水民电
电梯房",3240.0,172340
福田,香蜜湖,香蜜湖一号,4.0,2.0,241.88,5888,243426,111.0,福田香蜜湖1号，精装房诚意出售中！,"近地铁
西南
民水民电
电梯房",5299.2,219083
福田,香蜜湖,香蜜湖一号,4.0,2.0,245.0,6000,244897,111.0,福田香蜜湖1号，装修豪宅诚意出售中！,"近地铁
新上
南北通
民水民电",5400.0,220407
福田,香蜜湖,香蜜湖一号,5.0,2.0,289.3,6900,238506,111.0,福田香蜜湖1号，精装豪宅！,"近地铁
南北通
民水民电
电梯房",6210.0,214655
福田,香蜜湖,香蜜湖一号,5.0,2.0,289.0,6500,224913,111.0,福田香蜜湖1号，精装豪宅诚意出售中！,"近地铁
南北通
民水民电
电梯房",5850.0,202422
福田,香蜜湖,香蜜湖一号,4.0,2.0,245.05,6000,244847,111.0,福田香蜜湖1号，精装豪宅诚意出售中,"近地铁
南北通
民水民电
拎包入住",5400.0,220362
南山,华侨城,桂花苑,3.0,2.0,123.0,730,59349,543.0,南山华侨城世界之窗旁，看海景及深超总安静3房，长在公园里的家,"近地铁
东南
民水民电
电梯房",657.0,53414
南山,华侨城,首地容御花园,4.0,2.0,145.0,1600,110344,,首地一本证4房，满五年价格可谈,"南北通
民水民电
电梯房
拎包入住",1440.0,99310
南山,西丽,深铁懿府,4.0,2.0,112.0,1250,111607,,次新房，南北通透，位置安静，车位充足，毛坯房,"南
民水民电
电梯房",1125.0,100446
宝安,新安,泰华大厦,3.0,2.0,87.0,300,34482,450.0,3房户型 户型方正 使用率高 费用少 近地铁 价格可谈,"近地铁
南
民水民电
电梯房",270.0,31034
罗湖,百仕达,旭飞华达园,2.0,1.0,50.0,228,45600,510.0,198万急卖,"近地铁
新上
南
民水民电",205.2,41040
龙岗,大运,中海康城花园,3.0,2.0,89.0,350,39325,,中海康城新出诚心出售三房，满五年安静采光好,"新上
东南
民水民电
精装修",315.0,35392
宝安,沙井,万科翡丽郡（一期）,3.0,2.0,88.0,330,37500,,wa万科翡丽郡一期成熟社区车位足,"新上
西
民水民电
电梯房",297.0,33750
罗湖,翠竹,怡泰大厦,2.0,1.0,59.0,239,40508,339.0,210万急售 2房总价低 近地铁 带翠竹学..位,"近地铁
新上
东
民水民电",215.1,36457
盐田,沙头角,倚山花园（三期）,3.0,2.0,81.0,410,50617,632.0,新世界倚山花园 精装3房 大花园社区 空气好 安静 配套完善,"近地铁
东南
民水民电
电梯房",369.0,45555
罗湖,翠竹,翠竹苑,2.0,1.0,47.86,240,50146,326.0,翠竹苑，南向2方，业主急卖，谈价空间大，配套齐全，租金高,"近地铁
新上
东南
民水民电",216.0,45131
罗湖,黄贝岭,凤凰印象,1.0,1.0,41.0,240,58536,381.0,凤凰印象 精装一房 户型方正实用 满5税少 业主诚心卖,"近地铁
新上
南
民水民电",216.0,52682
龙岗,坂田,第五园(九期紫悦山),3.0,2.0,88.5,480,54237,,正南向，高楼层，视野好，看山景89平3房2卫,"新上
东南
民水民电
电梯房",432.0,48813
罗湖,洪湖,鹏大厦,1.0,1.0,30.24,330,109126,248.0,翠竹深中洪湖地铁口万科物业鹏大厦次新楼盘精装修朝南一房一厅,"近地铁
新上
南
民水民电",297.0,98213
龙岗,龙岗中心城,龙岗鸿基花园,2.0,2.0,78.0,300,38461,306.0,店长力荐：带电梯，万科广场就在楼下，地铁站3分，低总稼上车,"近地铁
北
民水民电
电梯房",270.0,34615
宝安,西乡,润恒尚园,3.0,2.0,99.25,665,67002,,润恒尚园诚心出售，近地铁，举步即达碧海湾公园，附近沃尔玛商超,"新上
南
民水民电
电梯房",598.5,60302
